transformation_signature,reaction_type,reaction_center_signature,canonical_reaction_smiles,canonical_character_length,canonical_token_length,unmatched_character_count,rdkit_valid,condition_pair_count,represented_experiment_count,mapped_sequence_variants,mapped_character_length_max,mapped_token_length_max,transformation_split,reaction_center_split,is_modeling_transformation
SMILES:CCOC(=O)O[C@H](C)n1nnc(-c2c(I)cnn2C)n1.SMILES:Cc1cccnc1N(C(=O)c1ccc(B2OC(C)(C)C(C)(C)O2)cc1)[C@@H]1CCCN(C(=O)OC(C)(C)C)C1>>SMILES:CCOC(=O)O[C@H](C)n1nnc(-c2c(-c3ccc(C(=O)N(c4ncccc4C)[C@@H]4CCCN(C(=O)OC(C)(C)C)C4)cc3)cnn2C)n1,SUZUKI,79ded37dcd3fae44,CCOC(=O)O[C@H](C)n1nnc(-c2c(I)cnn2C)n1.Cc1cccnc1N(C(=O)c1ccc(B2OC(C)(C)C(C)(C)O2)cc1)[C@@H]1CCCN(C(=O)OC(C)(C)C)C1>>CCOC(=O)O[C@H](C)n1nnc(-c2c(-c3ccc(C(=O)N(c4ncccc4C)[C@@H]4CCCN(C(=O)OC(C)(C)C)C4)cc3)cnn2C)n1,210,192,0,True,96,96,2,729,193,train,train,True
SMILES:CC1(C)OB(B2OC(C)(C)C(C)(C)O2)OC1(C)C.SMILES:CN(Cc1ccc(S(C)(=O)=O)cc1Br)C(=O)OC(C)(C)C.SMILES:COC(=O)c1ccc(F)cc1[C@@H](C)Oc1cc(Br)cnc1N>>SMILES:COC(=O)c1ccc(F)cc1[C@@H](C)Oc1cc(-c2cc(S(C)(=O)=O)ccc2CN(C)C(=O)OC(C)(C)C)cnc1N,SUZUKI,bef570f36aee0fa3,CC1(C)OB(B2OC(C)(C)C(C)(C)O2)OC1(C)C.CN(Cc1ccc(S(C)(=O)=O)cc1Br)C(=O)OC(C)(C)C.COC(=O)c1ccc(F)cc1[C@@H](C)Oc1cc(Br)cnc1N>>COC(=O)c1ccc(F)cc1[C@@H](C)Oc1cc(-c2cc(S(C)(=O)=O)ccc2CN(C)C(=O)OC(C)(C)C)cnc1N,201,189,0,True,22,22,2,652,202,train,train,True
SMILES:CN(Cc1nn(C)c(C#N)c1-c1cnc(N(C(=O)OC(C)(C)C)C(=O)OC(C)(C)C)c(Br)n1)C(=O)OC(C)(C)C.SMILES:C[C@@H](O)c1ccccc1I>>SMILES:CC(Oc1nc(-c2c(CN(C)C(=O)OC(C)(C)C)nn(C)c2C#N)cnc1N(C(=O)OC(C)(C)C)C(=O)OC(C)(C)C)c1cc(F)ccc1I,ALKYLATION,14a7a4387df3f38d,CN(Cc1nn(C)c(C#N)c1-c1cnc(N(C(=O)OC(C)(C)C)C(=O)OC(C)(C)C)c(Br)n1)C(=O)OC(C)(C)C.C[C@@H](O)c1ccccc1I>>CC(Oc1nc(-c2c(CN(C)C(=O)OC(C)(C)C)nn(C)c2C#N)cnc1N(C(=O)OC(C)(C)C)C(=O)OC(C)(C)C)c1cc(F)ccc1I,195,189,0,True,8,8,2,733,195,test,train,True
SMILES:CC1(C)OB(B2OC(C)(C)C(C)(C)O2)OC1(C)C.SMILES:Cc1nn(CCO[Si](C)(C)C(C)(C)C)c(CN(C)C(=O)c2ccc(F)c(Cl)c2[C@@H](C)Oc2nc(Br)cnc2N)c1Br>>SMILES:Cc1nn(CCO[Si](C)(C)C(C)(C)C)c2c1-c1cnc(N)c(n1)OC(C)c1c(ccc(F)c1Cl)C(=O)N(C)C2,SUZUKI,34da3f5246370678,CC1(C)OB(B2OC(C)(C)C(C)(C)O2)OC1(C)C.Cc1nn(CCO[Si](C)(C)C(C)(C)C)c(CN(C)C(=O)c2ccc(F)c(Cl)c2[C@@H](C)Oc2nc(Br)cnc2N)c1Br>>Cc1nn(CCO[Si](C)(C)C(C)(C)C)c2c1-c1cnc(N)c(n1)OC(C)c1c(ccc(F)c1Cl)C(=O)N(C)C2,199,184,0,True,12,14,2,623,189,valid,train,True
SMILES:CN(C[C@H]1O[C@@H](n2cnc3c(N)ncnc32)[C@@H]2OC(C)(C)O[C@@H]21)C(=O)C[C@H](NC(=O)OC(C)(C)C)C(=O)OCc1ccccc1.SMILES:c1ccc([Si]c2ccccc2)cc1>>SMILES:CN(CC[C@H](NC(=O)OC(C)(C)C)C(=O)OCc1ccccc1)C[C@H]1O[C@@H](n2cnc3c(N)ncnc32)[C@@H]2OC(C)(C)O[C@@H]21,SILANE REDUCTION,7aab51c9070cd606,CN(C[C@H]1O[C@@H](n2cnc3c(N)ncnc32)[C@@H]2OC(C)(C)O[C@@H]21)C(=O)C[C@H](NC(=O)OC(C)(C)C)C(=O)OCc1ccccc1.c1ccc([Si]c2ccccc2)cc1>>CN(CC[C@H](NC(=O)OC(C)(C)C)C(=O)OCc1ccccc1)C[C@H]1O[C@@H](n2cnc3c(N)ncnc32)[C@@H]2OC(C)(C)O[C@@H]21,227,178,0,True,3,3,1,693,182,train,train,True
SMILES:CC1(C)OB(B2OC(C)(C)C(C)(C)O2)OC1(C)C.SMILES:COC(=O)c1ccc(F)cc1[C@@H](C)Oc1cc(Br)cnc1N.SMILES:Cc1nn(C)c(CN(C)C(=O)OC(C)(C)C)c1Br>>SMILES:COC(=O)c1ccc(F)cc1C(C)Oc1cc(-c2c(C)nn(C)c2CN(C)C(=O)OC(C)(C)C)cnc1N,SUZUKI,5f4f844edf6c518e,CC1(C)OB(B2OC(C)(C)C(C)(C)O2)OC1(C)C.COC(=O)c1ccc(F)cc1[C@@H](C)Oc1cc(Br)cnc1N.Cc1nn(C)c(CN(C)C(=O)OC(C)(C)C)c1Br>>COC(=O)c1ccc(F)cc1C(C)Oc1cc(-c2c(C)nn(C)c2CN(C)C(=O)OC(C)(C)C)cnc1N,182,175,0,True,10,10,2,600,184,train,test,True
SMILES:O=C([C@@H]1CCCN(c2ccc3nc(C4(n5cc(Cl)cn5)CC4)[nH]c3n2)C1)N1CCCC1.SMILES:O=S(=O)(O)O[O-].O=S(=O)(O)O[O-].O=S(=O)([O-])O.O=S(=O)([O-])[O-].[K+].[K+].[K+].[K+].[K+]>>SMILES:O=C([C@@H]1CCCN(c2cc(O)c3nc(C4(n5cc(Cl)cn5)CC4)[nH]c3n2)C1)N1CCCC1,BIOMIMETIC OXIDATION,904892c85797cbaf,O=C([C@@H]1CCCN(c2ccc3nc(C4(n5cc(Cl)cn5)CC4)[nH]c3n2)C1)N1CCCC1.O=S(=O)(O)O[O-].O=S(=O)(O)O[O-].O=S(=O)([O-])O.O=S(=O)([O-])[O-].[K+].[K+].[K+].[K+].[K+]>>O=C([C@@H]1CCCN(c2cc(O)c3nc(C4(n5cc(Cl)cn5)CC4)[nH]c3n2)C1)N1CCCC1,221,173,0,True,20,20,2,566,177,train,train,True
SMILES:CC1(C)OB(B2OC(C)(C)C(C)(C)O2)OC1(C)C.SMILES:Cc1nn(-c2c(C#N)ncn2C)c(CN(C)C(=O)c2ccc(F)c(Cl)c2[C@@H](C)Oc2nc(Br)cnc2N)c1Br>>SMILES:Cc1c2c(nn1-c1c(C#N)ncn1C)CN(C)C(=O)c1ccc(F)c(Cl)c1[C@@H](C)Oc1nc-2cnc1N,SUZUKI,3daee3b89d1dfdcb,CC1(C)OB(B2OC(C)(C)C(C)(C)O2)OC1(C)C.Cc1nn(-c2c(C#N)ncn2C)c(CN(C)C(=O)c2ccc(F)c(Cl)c2[C@@H](C)Oc2nc(Br)cnc2N)c1Br>>Cc1c2c(nn1-c1c(C#N)ncn1C)CN(C)C(=O)c1ccc(F)c(Cl)c1[C@@H](C)Oc1nc-2cnc1N,186,172,0,True,189,189,2,574,181,valid,train,True
SMILES:CN(C[C@H]1O[C@@H](n2cnc3c(N)ncnc32)[C@@H]2OC(C)(C)O[C@@H]21)C(=O)C[C@H](NC(=O)OC(C)(C)C)C(=O)OCc1ccccc1.SMILES:C[Si]c1ccccc1>>SMILES:CN(CC[C@H](NC(=O)OC(C)(C)C)C(=O)OCc1ccccc1)C[C@H]1O[C@@H](n2cnc3c(N)ncnc32)[C@@H]2OC(C)(C)O[C@@H]21,SILANE REDUCTION,e762cc58471bfaa4,CN(C[C@H]1O[C@@H](n2cnc3c(N)ncnc32)[C@@H]2OC(C)(C)O[C@@H]21)C(=O)C[C@H](NC(=O)OC(C)(C)C)C(=O)OCc1ccccc1.C[Si]c1ccccc1>>CN(CC[C@H](NC(=O)OC(C)(C)C)C(=O)OCc1ccccc1)C[C@H]1O[C@@H](n2cnc3c(N)ncnc32)[C@@H]2OC(C)(C)O[C@@H]21,218,169,0,True,3,3,1,684,173,train,train,True
SMILES:CN(C[C@H]1O[C@@H](n2cnc3c(N)ncnc32)[C@@H]2OC(C)(C)O[C@@H]21)C(=O)C[C@H](NC(=O)OC(C)(C)C)C(=O)OCc1ccccc1.SMILES:[Si]c1ccccc1>>SMILES:CN(CC[C@H](NC(=O)OC(C)(C)C)C(=O)OCc1ccccc1)C[C@H]1O[C@@H](n2cnc3c(N)ncnc32)[C@@H]2OC(C)(C)O[C@@H]21,SILANE REDUCTION,d74def68636d8408,CN(C[C@H]1O[C@@H](n2cnc3c(N)ncnc32)[C@@H]2OC(C)(C)O[C@@H]21)C(=O)C[C@H](NC(=O)OC(C)(C)C)C(=O)OCc1ccccc1.[Si]c1ccccc1>>CN(CC[C@H](NC(=O)OC(C)(C)C)C(=O)OCc1ccccc1)C[C@H]1O[C@@H](n2cnc3c(N)ncnc32)[C@@H]2OC(C)(C)O[C@@H]21,217,168,0,True,2,2,1,683,172,train,train,True
SMILES:COC(=O)c1ccc(F)c(Cl)c1[C@@H](C)Oc1nc(-c2c(C)nn(CC#N)c2CN(C)C(=O)OC(C)(C)C)cnc1N.SMILES:F[B-](F)(F)C1CC1.[K+]>>SMILES:COC(=O)c1ccc(F)c(C2CC2)c1C(C)Oc1nc(-c2c(C)nn(CC#N)c2CN(C)C(=O)OC(C)(C)C)cnc1N,SUZUKI,eb62eab2b746fe07,COC(=O)c1ccc(F)c(Cl)c1[C@@H](C)Oc1nc(-c2c(C)nn(CC#N)c2CN(C)C(=O)OC(C)(C)C)cnc1N.F[B-](F)(F)C1CC1.[K+]>>COC(=O)c1ccc(F)c(C2CC2)c1C(C)Oc1nc(-c2c(C)nn(CC#N)c2CN(C)C(=O)OC(C)(C)C)cnc1N,180,168,0,True,24,24,2,651,174,test,test,True
SMILES:CC(C)(C)OC(=O)N1CCN(C[B-](F)(F)F)CC1.[K+].SMILES:Cc1cc(C)c(CN2CCc3c(Cl)cc(Br)c(Cl)c3C2=O)c(OCc2ccccc2)n1>>SMILES:Cc1cc(C)c(CN2CCc3c(Cl)cc(CN4CCN(C(=O)OC(C)(C)C)CC4)c(Cl)c3C2=O)c(OCc2ccccc2)n1,SUZUKI,cc186b5ebdbf7fe8,CC(C)(C)OC(=O)N1CCN(C[B-](F)(F)F)CC1.[K+].Cc1cc(C)c(CN2CCc3c(Cl)cc(Br)c(Cl)c3C2=O)c(OCc2ccccc2)n1>>Cc1cc(C)c(CN2CCc3c(Cl)cc(CN4CCN(C(=O)OC(C)(C)C)CC4)c(Cl)c3C2=O)c(OCc2ccccc2)n1,177,166,0,True,120,120,2,673,170,test,train,True
SMILES:Cc1cc(C)c(CN2CCc3c(Cl)cc(C(=O)C4CCN(C(=O)OC(C)(C)C)CC4)c(Cl)c3C2=O)c(OCc2ccccc2)n1>>SMILES:Cc1cc(C)c(CN2CCc3c(Cl)cc(C(O)C4CCN(C(=O)OC(C)(C)C)CC4)c(Cl)c3C2=O)c(OCc2ccccc2)n1,HYDROGENATION,a46c4723dd96a6b3,Cc1cc(C)c(CN2CCc3c(Cl)cc(C(=O)C4CCN(C(=O)OC(C)(C)C)CC4)c(Cl)c3C2=O)c(OCc2ccccc2)n1>>Cc1cc(C)c(CN2CCc3c(Cl)cc(C(O)C4CCN(C(=O)OC(C)(C)C)CC4)c(Cl)c3C2=O)c(OCc2ccccc2)n1,165,161,0,True,96,96,1,671,165,test,train,True
SMILES:CC(C)(C)OC(=O)N1CC([B-](F)(F)F)C1.SMILES:Cc1cc(C)c(CN2CCc3c(Cl)cc(Br)c(Cl)c3C2=O)c(OCc2ccccc2)n1>>SMILES:Cc1cc(C)c(CN2CCc3c(Cl)cc(C4CN(C(=O)OC(C)(C)C)C4)c(Cl)c3C2=O)c(OCc2ccccc2)n1,SUZUKI,b3e91dc2fe4cc3ba,CC(C)(C)OC(=O)N1CC([B-](F)(F)F)C1.Cc1cc(C)c(CN2CCc3c(Cl)cc(Br)c(Cl)c3C2=O)c(OCc2ccccc2)n1>>Cc1cc(C)c(CN2CCc3c(Cl)cc(C4CN(C(=O)OC(C)(C)C)C4)c(Cl)c3C2=O)c(OCc2ccccc2)n1,166,158,0,True,24,24,2,622,162,train,train,True
SMILES:Brc1ccccn1.SMILES:Cn1cc(Nc2nc(O[C@H]3C[C@H](N(C)C(=O)OC(C)(C)C)C3)c3ccn(COCC[Si](C)(C)C)c3n2)cn1>>SMILES:Cn1cc(Nc2nc(O[C@H]3C[C@H](N(C)C(=O)OC(C)(C)C)C3)c3c(-c4ccccn4)cn(COCC[Si](C)(C)C)c3n2)cn1,CH ACTIVATION,ee67b8d8151334ca,Brc1ccccn1.Cn1cc(Nc2nc(O[C@H]3C[C@H](N(C)C(=O)OC(C)(C)C)C3)c3ccn(COCC[Si](C)(C)C)c3n2)cn1>>Cn1cc(Nc2nc(O[C@H]3C[C@H](N(C)C(=O)OC(C)(C)C)C3)c3c(-c4ccccn4)cn(COCC[Si](C)(C)C)c3n2)cn1,180,157,0,True,22,22,2,660,158,train,train,True
SMILES:Brc1ccccn1.SMILES:Cn1cc(Nc2nc(O[C@H]3C[C@H](N(C)C(=O)OC(C)(C)C)C3)c3ccn(COCC[Si](C)(C)C)c3n2)cn1>>SMILES:Cn1cc(N(c2ccccn2)c2nc(O[C@H]3C[C@H](N(C)C(=O)OC(C)(C)C)C3)c3ccn(COCC[Si](C)(C)C)c3n2)cn1,BUCHWALD,748b0c622d360710,Brc1ccccn1.Cn1cc(Nc2nc(O[C@H]3C[C@H](N(C)C(=O)OC(C)(C)C)C3)c3ccn(COCC[Si](C)(C)C)c3n2)cn1>>Cn1cc(N(c2ccccn2)c2nc(O[C@H]3C[C@H](N(C)C(=O)OC(C)(C)C)C3)c3ccn(COCC[Si](C)(C)C)c3n2)cn1,179,156,0,True,29,34,2,662,160,valid,train,True
SMILES:CC(=O)O[C@@H]1O[C@H](COC(=O)c2ccccc2)[C@@H](OC(=O)c2ccccc2)[C@H]1OC(=O)c1ccccc1.SMILES:COC(=O)c1cscc1NC=O>>SMILES:COC(=O)c1csc([C@@H]2O[C@H](COC(=O)c3ccccc3)[C@@H](OC(=O)c3ccccc3)[C@H]2OC(=O)c2ccccc2)c1NC=O,LEWIS ACID,cf9f809c254d19f3,CC(=O)O[C@@H]1O[C@H](COC(=O)c2ccccc2)[C@@H](OC(=O)c2ccccc2)[C@H]1OC(=O)c1ccccc1.COC(=O)c1cscc1NC=O>>COC(=O)c1csc([C@@H]2O[C@H](COC(=O)c3ccccc3)[C@@H](OC(=O)c3ccccc3)[C@H]2OC(=O)c2ccccc2)c1NC=O,192,156,0,True,264,284,2,659,164,train,train,True
SMILES:Brc1cnn2cccnc12.SMILES:Cc1cccnc1N(C(=O)c1ccc(B2OC(C)(C)C(C)(C)O2)cc1)[C@@H]1CCCN(C(=O)OC(C)(C)C)C1>>SMILES:Cc1cccnc1N(C(=O)c1ccc(-c2cnn3cccnc23)cc1)[C@@H]1CCCN(C(=O)OC(C)(C)C)C1,SUZUKI,d60c8cf0e6adda0b,Brc1cnn2cccnc12.Cc1cccnc1N(C(=O)c1ccc(B2OC(C)(C)C(C)(C)O2)cc1)[C@@H]1CCCN(C(=O)OC(C)(C)C)C1>>Cc1cccnc1N(C(=O)c1ccc(-c2cnn3cccnc23)cc1)[C@@H]1CCCN(C(=O)OC(C)(C)C)C1,163,152,0,True,25,25,2,580,159,train,train,True
SMILES:CC1(C)OB(B2OC(C)(C)C(C)(C)O2)OC1(C)C.SMILES:C[C@@H](Oc1cc(I)cnc1N)c1cccnc1C(=O)N(C)Cc1c(Br)c(C(C)(C)C)nn1C>>SMILES:CC1Oc2cc(cnc2N)-c2c(C(C)(C)C)nn(C)c2CN(C)C(=O)c2ncccc21,SUZUKI,519c75df9e7aedb6,CC1(C)OB(B2OC(C)(C)C(C)(C)O2)OC1(C)C.C[C@@H](Oc1cc(I)cnc1N)c1cccnc1C(=O)N(C)Cc1c(Br)c(C(C)(C)C)nn1C>>CC1Oc2cc(cnc2N)-c2c(C(C)(C)C)nn(C)c2CN(C)C(=O)c2ncccc21,156,150,0,True,7,7,2,496,159,train,train,True
SMILES:CC(C)(C)OC(=O)n1cc(B2OC(C)(C)C(C)(C)O2)c2ccc(F)cc21.SMILES:COC(=O)[C@@H]1NS(=O)(=O)c2ccc(Br)cc21>>SMILES:COC(=O)C1NS(=O)(=O)c2ccc(-c3cn(C(=O)OC(C)(C)C)c4cc(F)ccc34)cc21,SUZUKI,96667ab2ce5bf88b,CC(C)(C)OC(=O)n1cc(B2OC(C)(C)C(C)(C)O2)c2ccc(F)cc21.COC(=O)[C@@H]1NS(=O)(=O)c2ccc(Br)cc21>>COC(=O)C1NS(=O)(=O)c2ccc(-c3cn(C(=O)OC(C)(C)C)c4cc(F)ccc34)cc21,154,148,0,True,192,192,2,492,155,test,valid,True
SMILES:Cc1cc(C)c(CN2CCc3c(Cl)cc(B4OC(C)(C)C(C)(C)O4)c(Cl)c3C2=O)c(OCc2ccccc2)n1.SMILES:Cc1nnn(C)c1I>>SMILES:Cc1cc(C)c(CN2CCc3c(Cl)cc(-c4c(C)nnn4C)c(Cl)c3C2=O)c(OCc2ccccc2)n1,SUZUKI,6d23a81cfe691d9a,Cc1cc(C)c(CN2CCc3c(Cl)cc(B4OC(C)(C)C(C)(C)O4)c(Cl)c3C2=O)c(OCc2ccccc2)n1.Cc1nnn(C)c1I>>Cc1cc(C)c(CN2CCc3c(Cl)cc(-c4c(C)nnn4C)c(Cl)c3C2=O)c(OCc2ccccc2)n1,152,148,0,True,15,15,2,555,153,train,valid,True
SMILES:C=C1[C@@](C)(c2nc(NC(=O)c3ccc(OC(F)F)cn3)cs2)N=C(NC(=O)OC(C)(C)C)N(C)S1(=O)=O>>SMILES:C[C@@H]1[C@@](C)(c2nc(NC(=O)c3ccc(OC(F)F)cn3)cs2)N=C(NC(=O)OC(C)(C)C)N(C)S1(=O)=O,HYDROGENATION,486ce631291d4b2e,C=C1[C@@](C)(c2nc(NC(=O)c3ccc(OC(F)F)cn3)cs2)N=C(NC(=O)OC(C)(C)C)N(C)S1(=O)=O>>C[C@@H]1[C@@](C)(c2nc(NC(=O)c3ccc(OC(F)F)cn3)cs2)N=C(NC(=O)OC(C)(C)C)N(C)S1(=O)=O,160,147,0,True,31,31,1,542,147,valid,test,True
SMILES:C=C1[C@@](C)(c2nc(NC(=O)c3ccc(OC(F)F)cn3)cs2)N=C(NC(=O)OC(C)(C)C)N(C)S1(=O)=O>>SMILES:C[C@H]1[C@@](C)(c2nc(NC(=O)c3ccc(OC(F)F)cn3)cs2)N=C(NC(=O)OC(C)(C)C)N(C)S1(=O)=O,HYDROGENATION,486ce631291d4b2e,C=C1[C@@](C)(c2nc(NC(=O)c3ccc(OC(F)F)cn3)cs2)N=C(NC(=O)OC(C)(C)C)N(C)S1(=O)=O>>C[C@H]1[C@@](C)(c2nc(NC(=O)c3ccc(OC(F)F)cn3)cs2)N=C(NC(=O)OC(C)(C)C)N(C)S1(=O)=O,159,147,0,True,353,353,1,543,147,valid,test,True
SMILES:CC(C)(N)C(=O)N1CC[C@](C)(N2CCc3c(-c4cnc(N)nc4)nc(N4CCOCC4)nc32)C1.SMILES:O=S(=O)(O)c1ccccc1>>SMILES:CC(C)(N)C(=O)N1CC[C@](C)(N2CCc3c(-c4cnc(N)nc4)nc(N4CCOCC4)nc32)C1,CHIRAL SALT RESOLUTION,84efaac7c823d524,CC(C)(N)C(=O)N1CC[C@](C)(N2CCc3c(-c4cnc(N)nc4)nc(N4CCOCC4)nc32)C1.O=S(=O)(O)c1ccccc1>>CC(C)(N)C(=O)N1CC[C@](C)(N2CCc3c(-c4cnc(N)nc4)nc(N4CCOCC4)nc32)C1,151,145,0,True,5,5,2,531,147,test,train,True
SMILES:CC1(C)OB(B2OC(C)(C)C(C)(C)O2)OC1(C)C.SMILES:Cc1nn(C)c(CN(C)C(=O)c2ccc(F)cc2[C@@H](C)Oc2cc(Br)cnc2N)c1Br>>SMILES:Cc1nn(C)c2c1-c1cnc(N)c(c1)OC(C)c1cc(F)ccc1C(=O)N(C)C2,SUZUKI,e934842d10849928,CC1(C)OB(B2OC(C)(C)C(C)(C)O2)OC1(C)C.Cc1nn(C)c(CN(C)C(=O)c2ccc(F)cc2[C@@H](C)Oc2cc(Br)cnc2N)c1Br>>Cc1nn(C)c2c1-c1cnc(N)c(c1)OC(C)c1cc(F)ccc1C(=O)N(C)C2,151,144,0,True,16,16,2,461,151,train,test,True
SMILES:Cc1cc(C)c(CN2CCc3ccc(OS(=O)(=O)C(F)(F)F)c(Cl)c3C2=O)c(OCc2ccccc2)n1.SMILES:Cc1cn(C)nn1.SMILES:[Cu][I]>>SMILES:Cc1cc(C)c(CN2CCc3ccc(-c4c(C)nnn4C)c(Cl)c3C2=O)c(OCc2ccccc2)n1,PD COUPLING,74235018193069a0,Cc1cc(C)c(CN2CCc3ccc(OS(=O)(=O)C(F)(F)F)c(Cl)c3C2=O)c(OCc2ccccc2)n1.Cc1cn(C)nn1.[Cu][I]>>Cc1cc(C)c(CN2CCc3ccc(-c4c(C)nnn4C)c(Cl)c3C2=O)c(OCc2ccccc2)n1,150,143,0,True,5,5,2,546,150,test,test,True
SMILES:C=C(CN1CCOCC1)[B-](F)(F)F.SMILES:Cc1cc(C)c(CN2CCc3c(Cl)cc(Br)c(Cl)c3C2=O)c(OCc2ccccc2)n1>>SMILES:C=C(CN1CCOCC1)c1cc(Cl)c2c(c1Cl)C(=O)N(Cc1c(C)cc(C)nc1OCc1ccccc1)CC2,SUZUKI,ed3e601809c6c72d,C=C(CN1CCOCC1)[B-](F)(F)F.Cc1cc(C)c(CN2CCc3c(Cl)cc(Br)c(Cl)c3C2=O)c(OCc2ccccc2)n1>>C=C(CN1CCOCC1)c1cc(Cl)c2c(c1Cl)C(=O)N(Cc1c(C)cc(C)nc1OCc1ccccc1)CC2,150,142,0,True,24,24,2,588,146,train,test,True
SMILES:C[C@H]1Oc2cc(cnc2N)-c2cc(S(C)(=O)=O)ccc2CN(C)C(=O)c2ccc(F)cc21.SMILES:C[Si]1O[Si](C)O[Si](C)O[Si](C)O[Si](C)O1>>SMILES:C[C@H]1Oc2cc(cnc2N)-c2cc(S(C)(=O)=O)ccc2CN(C)Cc2ccc(F)cc21,SILANE REDUCTION,2f7995c4cca573ef,C[C@H]1Oc2cc(cnc2N)-c2cc(S(C)(=O)=O)ccc2CN(C)C(=O)c2ccc(F)cc21.C[Si]1O[Si](C)O[Si](C)O[Si](C)O[Si](C)O1>>C[C@H]1Oc2cc(cnc2N)-c2cc(S(C)(=O)=O)ccc2CN(C)Cc2ccc(F)cc21,163,140,0,True,3,3,2,506,150,train,train,True
SMILES:Cc1cc(C)c(CN2CCc3ccc(OS(=O)(=O)C(F)(F)F)c(Cl)c3C2=O)c(OCc2ccccc2)n1.SMILES:Cc1cn(C)nn1>>SMILES:Cc1cc(C)c(CN2CCc3ccc(-c4c(C)nnn4C)c(Cl)c3C2=O)c(OCc2ccccc2)n1,PD COUPLING,fa577c4b9ae96dfb,Cc1cc(C)c(CN2CCc3ccc(OS(=O)(=O)C(F)(F)F)c(Cl)c3C2=O)c(OCc2ccccc2)n1.Cc1cn(C)nn1>>Cc1cc(C)c(CN2CCc3ccc(-c4c(C)nnn4C)c(Cl)c3C2=O)c(OCc2ccccc2)n1,142,140,0,True,17,17,2,540,147,train,test,True
SMILES:CC(C)(N)C(=O)N1CC[C@](C)(N2CCc3c(-c4cnc(N)nc4)nc(N4CCOCC4)nc32)C1.SMILES:CS(=O)(=O)O>>SMILES:CC(C)(N)C(=O)N1CC[C@](C)(N2CCc3c(-c4cnc(N)nc4)nc(N4CCOCC4)nc32)C1,CHIRAL SALT RESOLUTION,e64f1df97f387282,CC(C)(N)C(=O)N1CC[C@](C)(N2CCc3c(-c4cnc(N)nc4)nc(N4CCOCC4)nc32)C1.CS(=O)(=O)O>>CC(C)(N)C(=O)N1CC[C@](C)(N2CCc3c(-c4cnc(N)nc4)nc(N4CCOCC4)nc32)C1,144,138,0,True,5,5,2,524,140,train,train,True
SMILES:CC(C)(N)C(=O)N1CC[C@](C)(N2CCc3c(-c4cnc(N)nc4)nc(N4CCOCC4)nc32)C1.SMILES:O=S(=O)(O)O>>SMILES:CC(C)(N)C(=O)N1CC[C@](C)(N2CCc3c(-c4cnc(N)nc4)nc(N4CCOCC4)nc32)C1,CHIRAL SALT RESOLUTION,2ae640b844aa19ab,CC(C)(N)C(=O)N1CC[C@](C)(N2CCc3c(-c4cnc(N)nc4)nc(N4CCOCC4)nc32)C1.O=S(=O)(O)O>>CC(C)(N)C(=O)N1CC[C@](C)(N2CCc3c(-c4cnc(N)nc4)nc(N4CCOCC4)nc32)C1,144,138,0,True,6,6,2,524,140,test,test,True
SMILES:CC#Cc1ccc2c(c1Cl)C(=O)N(Cc1c(C)cc(C)nc1OCc1ccccc1)CC2.SMILES:[N-]=[N+]=NCc1ccccc1>>SMILES:Cc1cc(C)c(CN2CCc3ccc(-c4nnn(Cc5ccccc5)c4C)c(Cl)c3C2=O)c(OCc2ccccc2)n1,CLICK,2043ce0ab0ffdb1d,CC#Cc1ccc2c(c1Cl)C(=O)N(Cc1c(C)cc(C)nc1OCc1ccccc1)CC2.[N-]=[N+]=NCc1ccccc1>>Cc1cc(C)c(CN2CCc3ccc(-c4nnn(Cc5ccccc5)c4C)c(Cl)c3C2=O)c(OCc2ccccc2)n1,145,137,0,True,16,28,2,608,144,train,train,True
SMILES:CC(C)(N)C(=O)N1CC[C@](C)(N2CCc3c(-c4cnc(N)nc4)nc(N4CCOCC4)nc32)C1.SMILES:O=P(O)(O)O>>SMILES:CC(C)(N)C(=O)N1CC[C@](C)(N2CCc3c(-c4cnc(N)nc4)nc(N4CCOCC4)nc32)C1,CHIRAL SALT RESOLUTION,3fa932bf8271ab77,CC(C)(N)C(=O)N1CC[C@](C)(N2CCc3c(-c4cnc(N)nc4)nc(N4CCOCC4)nc32)C1.O=P(O)(O)O>>CC(C)(N)C(=O)N1CC[C@](C)(N2CCc3c(-c4cnc(N)nc4)nc(N4CCOCC4)nc32)C1,143,137,0,True,6,6,1,523,139,train,train,True
SMILES:CC[C@H]1CN2CC[C@H]1C[C@H]2[C@H](O)c1ccnc2ccc(OC)cc12.SMILES:O=S(=O)(O)O[O-].O=S(=O)(O)O[O-].O=S(=O)([O-])O.O=S(=O)([O-])[O-].[K+].[K+].[K+].[K+].[K+]>>SMILES:CC[C@H]1CN2CC[C@H]1C[C@H]2[C@H](O)c1cc(O)nc2ccc(OC)cc12,BIOMIMETIC OXIDATION,ba771ee9fea6d78e,CC[C@H]1CN2CC[C@H]1C[C@H]2[C@H](O)c1ccnc2ccc(OC)cc12.O=S(=O)(O)O[O-].O=S(=O)(O)O[O-].O=S(=O)([O-])O.O=S(=O)([O-])[O-].[K+].[K+].[K+].[K+].[K+]>>CC[C@H]1CN2CC[C@H]1C[C@H]2[C@H](O)c1cc(O)nc2ccc(OC)cc12,199,137,0,True,20,20,2,474,149,train,test,True
SMILES:CC(C)(C)OC(=O)N1CCC[C@@H](N(C(=O)c2ccc(Br)cc2)c2ncccc2Cl)C1.SMILES:O.SMILES:c1cnc2ccnn2c1>>SMILES:CC(C)(C)OC(=O)N1CCC[C@@H](N(C(=O)c2ccc(-c3cnn4cccnc34)cc2)c2ncccc2Cl)C1,CH ACTIVATION,86158537b8118c5e,CC(C)(C)OC(=O)N1CCC[C@@H](N(C(=O)c2ccc(Br)cc2)c2ncccc2Cl)C1.O.c1cnc2ccnn2c1>>CC(C)(C)OC(=O)N1CCC[C@@H](N(C(=O)c2ccc(-c3cnn4cccnc34)cc2)c2ncccc2Cl)C1,148,135,0,True,128,133,2,562,142,test,train,True
SMILES:CC(C)(C)OC(=O)N1CCN(c2ncnc3c2CCC=C3)CC1.SMILES:Cc1ccc2c(cnn2[C@@H]2CCCCO2)c1B(O)O>>SMILES:Cc1ccc2c(cnn2C2CCCCO2)c1C1CCc2c(ncnc2N2CCN(C(=O)OC(C)(C)C)CC2)C1,RH COUPLING,f8d1a324afa7ac08,CC(C)(C)OC(=O)N1CCN(c2ncnc3c2CCC=C3)CC1.Cc1ccc2c(cnn2[C@@H]2CCCCO2)c1B(O)O>>Cc1ccc2c(cnn2C2CCCCO2)c1C1CCc2c(ncnc2N2CCN(C(=O)OC(C)(C)C)CC2)C1,140,135,0,True,75,82,2,590,147,valid,train,True
SMILES:C[C@H]1Oc2cc(cnc2N)-c2cc(S(C)(=O)=O)ccc2CN(C)C(=O)c2ccc(F)cc21.SMILES:c1ccc([Si]c2ccccc2)cc1>>SMILES:C[C@H]1Oc2cc(cnc2N)-c2cc(S(C)(=O)=O)ccc2CN(C)Cc2ccc(F)cc21,SILANE REDUCTION,014e5c1d10282306,C[C@H]1Oc2cc(cnc2N)-c2cc(S(C)(=O)=O)ccc2CN(C)C(=O)c2ccc(F)cc21.c1ccc([Si]c2ccccc2)cc1>>C[C@H]1Oc2cc(cnc2N)-c2cc(S(C)(=O)=O)ccc2CN(C)Cc2ccc(F)cc21,145,134,0,True,3,3,1,485,144,train,test,True
SMILES:Cc1cc(C(=O)N[C@@H](CCc2nnnn2Cc2ccccc2)C(=O)OCc2ccccc2)sc1CC[C@H]1CNc2nc(N)[nH]c(=O)c2C1>>SMILES:Cc1cc(C(=O)N[C@@H](CCc2nnn[nH]2)C(=O)O)sc1CC[C@H]1CNc2nc(N)[nH]c(=O)c2C1,HYDROGENATION,1b0909e5d9399323,Cc1cc(C(=O)N[C@@H](CCc2nnnn2Cc2ccccc2)C(=O)OCc2ccccc2)sc1CC[C@H]1CNc2nc(N)[nH]c(=O)c2C1>>Cc1cc(C(=O)N[C@@H](CCc2nnn[nH]2)C(=O)O)sc1CC[C@H]1CNc2nc(N)[nH]c(=O)c2C1,161,134,0,True,5,5,1,518,144,train,train,True
SMILES:CC(C)(C)OC(=O)N1CCC(COc2cc(Br)cnc2N)CC1.SMILES:CC1(C)OB(B2OC(C)(C)C(C)(C)O2)OC1(C)C>>SMILES:CC(C)(C)OC(=O)N1CCC(COc2cc(B3OC(C)(C)C(C)(C)O3)cnc2N)CC1,SUZUKI,ffb42a29c4ae3eb1,CC(C)(C)OC(=O)N1CCC(COc2cc(Br)cnc2N)CC1.CC1(C)OB(B2OC(C)(C)C(C)(C)O2)OC1(C)C>>CC(C)(C)OC(=O)N1CCC(COc2cc(B3OC(C)(C)C(C)(C)O3)cnc2N)CC1,134,133,0,True,96,96,2,490,139,test,valid,True
SMILES:CC1(C)OB(c2ccccc2)OC1(C)C.SMILES:Cc1ccc(S(=O)(=O)N2CCC(C(=O)ON3C(=O)c4c(Cl)c(Cl)c(Cl)c(Cl)c4C3=O)CC2)cc1>>SMILES:Cc1ccc(S(=O)(=O)N2CCC(c3ccccc3)CC2)cc1,FE COUPLING,b86e9c0cd8b0e325,CC1(C)OB(c2ccccc2)OC1(C)C.Cc1ccc(S(=O)(=O)N2CCC(C(=O)ON3C(=O)c4c(Cl)c(Cl)c(Cl)c(Cl)c4C3=O)CC2)cc1>>Cc1ccc(S(=O)(=O)N2CCC(c3ccccc3)CC2)cc1,137,133,0,True,411,418,2,381,135,train,valid,True
SMILES:CC(C)(C)OC(=O)N1CCNCC1.SMILES:C[C@H](Cn1ccc2c1nc(N)n1nc(-c3ccco3)nc21)OS(C)(=O)=O>>SMILES:C[C@H](Cn1ccc2c1nc(N)n1nc(-c3ccco3)nc21)N1CCN(C(=O)OC(C)(C)C)CC1,ALKYLATION,a2623007cfe2fec0,CC(C)(C)OC(=O)N1CCNCC1.C[C@H](Cn1ccc2c1nc(N)n1nc(-c3ccco3)nc21)OS(C)(=O)=O>>C[C@H](Cn1ccc2c1nc(N)n1nc(-c3ccco3)nc21)N1CCN(C(=O)OC(C)(C)C)CC1,140,132,0,True,335,335,2,517,138,valid,train,True
SMILES:CN(C(=O)OC(C)(C)C)[C@H]1C[C@H](Oc2nc(Cl)nc3[nH]cc(-c4ccccn4)c23)C1.SMILES:Cn1cc(N)cn1>>SMILES:Cn1cc(Nc2nc(O[C@H]3C[C@H](N(C)C(=O)OC(C)(C)C)C3)c3c(-c4ccccn4)c[nH]c3n2)cn1,BUCHWALD,73f3a03c04082ad2,CN(C(=O)OC(C)(C)C)[C@H]1C[C@H](Oc2nc(Cl)nc3[nH]cc(-c4ccccn4)c23)C1.Cn1cc(N)cn1>>Cn1cc(Nc2nc(O[C@H]3C[C@H](N(C)C(=O)OC(C)(C)C)C3)c3c(-c4ccccn4)c[nH]c3n2)cn1,155,132,0,True,26,26,2,532,134,train,train,True
SMILES:Cc1cc(CN(C)C(=O)c2ccc(F)c(Cl)c2[C@@H](C)Oc2nc(Br)cnc2N)n(C2CCN(C)CC2)n1>>SMILES:Cc1nn(C2CCN(C)CC2)c2c1-c1cnc(N)c(n1)O[C@H](C)c1c(ccc(F)c1Cl)C(=O)N(C)C2,HECK,f9380a475f3f59e2,Cc1cc(CN(C)C(=O)c2ccc(F)c(Cl)c2[C@@H](C)Oc2nc(Br)cnc2N)n(C2CCN(C)CC2)n1>>Cc1nn(C2CCN(C)CC2)c2c1-c1cnc(N)c(n1)O[C@H](C)c1c(ccc(F)c1Cl)C(=O)N(C)C2,144,132,0,True,41,41,1,534,135,train,test,True
SMILES:O=C(OO)c1cccc(Cl)c1.SMILES:O=C([C@@H]1CCCN(c2ccc3nc(C4(n5cc(Cl)cn5)CC4)[nH]c3n2)C1)N1CCCC1>>SMILES:O=C([C@@H]1CCCN(c2cc(O)c3nc(C4(n5cc(Cl)cn5)CC4)[nH]c3n2)C1)N1CCCC1,BIOMIMETIC OXIDATION,086ff899a889fa5e,O=C(OO)c1cccc(Cl)c1.O=C([C@@H]1CCCN(c2ccc3nc(C4(n5cc(Cl)cn5)CC4)[nH]c3n2)C1)N1CCCC1>>O=C([C@@H]1CCCN(c2cc(O)c3nc(C4(n5cc(Cl)cn5)CC4)[nH]c3n2)C1)N1CCCC1,151,132,0,True,20,20,2,496,136,train,valid,True
SMILES:CC(C)(OO)c1ccccc1.SMILES:O=C([C@@H]1CCCN(c2ccc3nc(C4(n5cc(Cl)cn5)CC4)[nH]c3n2)C1)N1CCCC1>>SMILES:O=C([C@@H]1CCCN(c2cc(O)c3nc(C4(n5cc(Cl)cn5)CC4)[nH]c3n2)C1)N1CCCC1,BIOMIMETIC OXIDATION,5c9ccd95bb821c7d,CC(C)(OO)c1ccccc1.O=C([C@@H]1CCCN(c2ccc3nc(C4(n5cc(Cl)cn5)CC4)[nH]c3n2)C1)N1CCCC1>>O=C([C@@H]1CCCN(c2cc(O)c3nc(C4(n5cc(Cl)cn5)CC4)[nH]c3n2)C1)N1CCCC1,149,131,0,True,40,40,2,494,135,train,train,True
SMILES:Cc1cc(C)c(CN2CCc3cc[c]([Sn]([CH3])([CH3])[CH3])c(Cl)c3C2=O)c(OCc2ccccc2)n1.SMILES:Cc1ncn(C)c1Br>>SMILES:Cc1cc(C)c(CN2CCc3ccc(-c4c(C)ncn4C)c(Cl)c3C2=O)c(OCc2ccccc2)n1,STILLE,382a4ec63c42157f,Cc1cc(C)c(CN2CCc3cc[c]([Sn]([CH3])([CH3])[CH3])c(Cl)c3C2=O)c(OCc2ccccc2)n1.Cc1ncn(C)c1Br>>Cc1cc(C)c(CN2CCc3ccc(-c4c(C)ncn4C)c(Cl)c3C2=O)c(OCc2ccccc2)n1,151,131,0,True,29,34,2,538,140,valid,train,True
SMILES:Cc1ccc2c(cnn2[C@H]2CCCCO2)c1C1=Cc2ncnc(N3CCN(C(=O)OC(C)(C)C)CC3)c2CC1>>SMILES:Cc1ccc2c(cnn2C2CCCCO2)c1C1CCc2c(ncnc2N2CCN(C(=O)OC(C)(C)C)CC2)C1,HYDROGENATION,0e7bba1d40ed9f98,Cc1ccc2c(cnn2[C@H]2CCCCO2)c1C1=Cc2ncnc(N3CCN(C(=O)OC(C)(C)C)CC3)c2CC1>>Cc1ccc2c(cnn2C2CCCCO2)c1C1CCc2c(ncnc2N2CCN(C(=O)OC(C)(C)C)CC2)C1,135,131,0,True,144,192,1,587,145,train,valid,True
SMILES:CC(C)(C)OC(=O)N1CC[C@@](C)(N)C1.SMILES:Nc1ncc(-c2nc(N3CCOCC3)nc(Cl)c2CCI)cn1>>SMILES:CC(C)(C)OC(=O)N1CC[C@](C)(N2CCc3c(-c4cnc(N)nc4)nc(N4CCOCC4)nc32)C1,ALKYLATION,69993dc0b87b7236,CC(C)(C)OC(=O)N1CC[C@@](C)(N)C1.Nc1ncc(-c2nc(N3CCOCC3)nc(Cl)c2CCI)cn1>>CC(C)(C)OC(=O)N1CC[C@](C)(N2CCc3c(-c4cnc(N)nc4)nc(N4CCOCC4)nc32)C1,137,129,0,True,180,180,2,529,131,train,train,True
SMILES:CC(C)(C)OC(=O)N1CCc2cc(Br)cc(OCc3ccccc3)c2C1.SMILES:CC[Si](CC)CC.SMILES:C[Si](C(=O)O)(c1ccccc1)c1ccccc1>>SMILES:CC(C)(C)OC(=O)N1CCc2cc(C=O)cc(OCc3ccccc3)c2C1,CARBONYLATION,f84546977a15c019,CC(C)(C)OC(=O)N1CCc2cc(Br)cc(OCc3ccccc3)c2C1.CC[Si](CC)CC.C[Si](C(=O)O)(c1ccccc1)c1ccccc1>>CC(C)(C)OC(=O)N1CCc2cc(C=O)cc(OCc3ccccc3)c2C1,136,129,0,True,29,29,2,436,133,test,train,True
SMILES:Cc1cc(C)c(CN2CCc3c(Br)cc(I)c(Cl)c3C2=O)c(OCc2ccccc2)n1.SMILES:Cc1cn(C)nn1>>SMILES:Cc1cc(C)c(CN2CCc3c(Br)cc(-c4c(C)nnn4C)c(Cl)c3C2=O)c(OCc2ccccc2)n1,NEGISHI,c82f349090de47b5,Cc1cc(C)c(CN2CCc3c(Br)cc(I)c(Cl)c3C2=O)c(OCc2ccccc2)n1.Cc1cn(C)nn1>>Cc1cc(C)c(CN2CCc3c(Br)cc(-c4c(C)nnn4C)c(Cl)c3C2=O)c(OCc2ccccc2)n1,133,129,0,True,488,504,2,535,132,train,test,True
SMILES:Cc1cc(C)c(CN2CCc3c(Cl)cc(Br)c(Cl)c3C2=O)c(OCc2ccccc2)n1.SMILES:Cc1cn(C)nn1>>SMILES:Cc1cc(C)c(CN2CCc3c(Cl)cc(-c4c(C)nnn4C)c(Cl)c3C2=O)c(OCc2ccccc2)n1,CH ACTIVATION,ec8292501f73ae7e,Cc1cc(C)c(CN2CCc3c(Cl)cc(Br)c(Cl)c3C2=O)c(OCc2ccccc2)n1.Cc1cn(C)nn1>>Cc1cc(C)c(CN2CCc3c(Cl)cc(-c4c(C)nnn4C)c(Cl)c3C2=O)c(OCc2ccccc2)n1,134,129,0,True,128,132,2,536,132,train,train,True
SMILES:Cc1cc2c(cc1B1OC(C)(C)C(C)(C)O1)C(=O)N([C@H]1CCOC[C@@H]1O)CC2.SMILES:Cc1nc(-c2ccc(CCl)cc2)co1>>SMILES:Cc1nc(-c2ccc(Cc3cc4c(cc3C)CCN([C@H]3CCOC[C@@H]3O)C4=O)cc2)co1,SUZUKI,359be8084e54a844,Cc1cc2c(cc1B1OC(C)(C)C(C)(C)O1)C(=O)N([C@H]1CCOC[C@@H]1O)CC2.Cc1nc(-c2ccc(CCl)cc2)co1>>Cc1nc(-c2ccc(Cc3cc4c(cc3C)CCN([C@H]3CCOC[C@@H]3O)C4=O)cc2)co1,148,129,0,True,192,192,2,498,135,train,test,True
SMILES:Br.SMILES:CC(C)(N)C(=O)N1CC[C@](C)(N2CCc3c(-c4cnc(N)nc4)nc(N4CCOCC4)nc32)C1>>SMILES:CC(C)(N)C(=O)N1CC[C@](C)(N2CCc3c(-c4cnc(N)nc4)nc(N4CCOCC4)nc32)C1,CHIRAL SALT RESOLUTION,4f53cda18c2baa0c,Br.CC(C)(N)C(=O)N1CC[C@](C)(N2CCc3c(-c4cnc(N)nc4)nc(N4CCOCC4)nc32)C1>>CC(C)(N)C(=O)N1CC[C@](C)(N2CCc3c(-c4cnc(N)nc4)nc(N4CCOCC4)nc32)C1,135,128,0,True,6,6,2,515,130,test,train,True
SMILES:CC(C)(N)C(=O)N1CC[C@](C)(N2CCc3c(-c4cnc(N)nc4)nc(N4CCOCC4)nc32)C1.SMILES:Cl>>SMILES:CC(C)(N)C(=O)N1CC[C@](C)(N2CCc3c(-c4cnc(N)nc4)nc(N4CCOCC4)nc32)C1,CHIRAL SALT RESOLUTION,4f53cda18c2baa0c,CC(C)(N)C(=O)N1CC[C@](C)(N2CCc3c(-c4cnc(N)nc4)nc(N4CCOCC4)nc32)C1.Cl>>CC(C)(N)C(=O)N1CC[C@](C)(N2CCc3c(-c4cnc(N)nc4)nc(N4CCOCC4)nc32)C1,135,128,0,True,5,5,2,515,130,train,train,True
SMILES:CCOC(=O)CC[C@H](N)C(=O)OCC.Cl.SMILES:Cc1cc(C(=O)O)sc1CC[C@H]1CNc2nc(N)[nH]c(=O)c2C1>>SMILES:CCOC(=O)CC[C@H](NC(=O)c1cc(C)c(CC[C@H]2CNc3nc(N)[nH]c(=O)c3C2)s1)C(=O)OCC,AMIDE COUPLING,bc009825cf6c482c,CCOC(=O)CC[C@H](N)C(=O)OCC.Cl.Cc1cc(C(=O)O)sc1CC[C@H]1CNc2nc(N)[nH]c(=O)c2C1>>CCOC(=O)CC[C@H](NC(=O)c1cc(C)c(CC[C@H]2CNc3nc(N)[nH]c(=O)c3C2)s1)C(=O)OCC,151,128,0,True,128,130,2,546,134,test,valid,True
SMILES:COc1cc(C)nc(OCc2ccccc2)c1CN1CCc2c(C)cc(I)c(Cl)c2C1=O.SMILES:Cc1cn(C)nn1>>SMILES:Cc1cc(C)c(CN2CCc3c(Br)cc(-c4c(C)nnn4C)c(Cl)c3C2=O)c(OCc2ccccc2)n1,NEGISHI,9de804203ab27bb3,COc1cc(C)nc(OCc2ccccc2)c1CN1CCc2c(C)cc(I)c(Cl)c2C1=O.Cc1cn(C)nn1>>Cc1cc(C)c(CN2CCc3c(Br)cc(-c4c(C)nnn4C)c(Cl)c3C2=O)c(OCc2ccccc2)n1,131,128,0,True,187,192,2,525,133,test,train,True
SMILES:Cc1cc(C)c(CN2CCc3c(Cl)cc(C(=O)[C@@H]4CCOC4)c(Cl)c3C2=O)c(OCc2ccccc2)n1>>SMILES:Cc1cc(C)c(CN2CCc3c(Cl)cc(C(=O)[C@@H]4CCOC4)c(Cl)c3C2=O)c(OCc2ccccc2)n1,HYDROGENATION,4f53cda18c2baa0c,Cc1cc(C)c(CN2CCc3c(Cl)cc(C(=O)[C@@H]4CCOC4)c(Cl)c3C2=O)c(OCc2ccccc2)n1>>Cc1cc(C)c(CN2CCc3c(Cl)cc(C(=O)[C@@H]4CCOC4)c(Cl)c3C2=O)c(OCc2ccccc2)n1,142,128,0,True,93,96,1,542,132,train,train,True
SMILES:Clc1ncnc2[nH]cc(I)c12.SMILES:O=C(O[C@H](c1ccc(Cl)c(F)c1)[C@H]1OC(O)[C@H](O)[C@@H]1O)c1ccccc1>>SMILES:O=C(O[C@H](c1ccc(Cl)c(F)c1)[C@H]1OC(n2cc(I)c3c(Cl)ncnc32)[C@H](O)[C@@H]1O)c1ccccc1,MITSUNOBU,0536ec40986f0dc2,Clc1ncnc2[nH]cc(I)c12.O=C(O[C@H](c1ccc(Cl)c(F)c1)[C@H]1OC(O)[C@H](O)[C@@H]1O)c1ccccc1>>O=C(O[C@H](c1ccc(Cl)c(F)c1)[C@H]1OC(n2cc(I)c3c(Cl)ncnc32)[C@H](O)[C@@H]1O)c1ccccc1,169,128,0,True,40,384,2,527,132,train,train,True
SMILES:CC(C)(C)OC(=O)N1CCc2cc(Br)cc(OCc3ccccc3)c2C1.SMILES:CC[Si](CC)CC.SMILES:O=CN1C(=O)c2ccccc2S1(=O)=O>>SMILES:CC(C)(C)OC(=O)N1CCc2cc(C=O)cc(OCc3ccccc3)c2C1,CARBONYLATION,199e97b3fb494c5c,CC(C)(C)OC(=O)N1CCc2cc(Br)cc(OCc3ccccc3)c2C1.CC[Si](CC)CC.O=CN1C(=O)c2ccccc2S1(=O)=O>>CC(C)(C)OC(=O)N1CCc2cc(C=O)cc(OCc3ccccc3)c2C1,131,127,0,True,322,337,2,434,133,train,train,True
SMILES:COS(=O)(=O)OC.SMILES:C[C@H](N)c1ccc(-c2cnc(N)c(O[C@H](C)c3cc(F)ccc3-n3nccn3)c2)c(O)n1>>SMILES:COc1nc(C(C)N)ccc1-c1cnc(N)c(O[C@H](C)c2cc(F)ccc2-n2nccn2)c1,ALKYLATION,f5262e5bcbc29552,COS(=O)(=O)OC.C[C@H](N)c1ccc(-c2cnc(N)c(O[C@H](C)c3cc(F)ccc3-n3nccn3)c2)c(O)n1>>COc1nc(C(C)N)ccc1-c1cnc(N)c(O[C@H](C)c2cc(F)ccc2-n2nccn2)c1,139,127,0,True,11,11,2,488,129,test,train,True
SMILES:C[C@H](C(=O)Nc1nnc(CCSCCc2nnc(NC(=O)[C@H](C)c3cccnc3)s2)s1)c1cccnc1.SMILES:C[Si]c1ccccc1>>SMILES:C[C@H](C(=O)Nc1nnc(CCSCCc2nnc(NC[C@H](C)c3cccnc3)s2)s1)c1cccnc1,SILANE REDUCTION,5cc1478642813bb7,C[C@H](C(=O)Nc1nnc(CCSCCc2nnc(NC(=O)[C@H](C)c3cccnc3)s2)s1)c1cccnc1.C[Si]c1ccccc1>>C[C@H](C(=O)Nc1nnc(CCSCCc2nnc(NC[C@H](C)c3cccnc3)s2)s1)c1cccnc1,146,127,0,True,4,4,1,530,127,valid,train,True
SMILES:C[C@H]1C=CC(=O)CC1.SMILES:Cc1c(Cl)cc2c(cnn2[C@H]2CCCCO2)c1B1OC(C)(C)C(C)(C)O1>>SMILES:Cc1ccc2c(cnn2C2CCCCO2)c1C1CCc2c(ncnc2N2CCN(C(=O)OC(C)(C)C)CC2)C1,RH COUPLING,84ae4ddef6974a33,C[C@H]1C=CC(=O)CC1.Cc1c(Cl)cc2c(cnn2[C@H]2CCCCO2)c1B1OC(C)(C)C(C)(C)O1>>Cc1ccc2c(cnn2C2CCCCO2)c1C1CCc2c(ncnc2N2CCN(C(=O)OC(C)(C)C)CC2)C1,136,127,0,True,168,184,2,492,135,train,train,True
SMILES:CC[Si](CC)CC.SMILES:C[C@H](C(=O)Nc1nnc(CCSCCc2nnc(NC(=O)[C@H](C)c3cccnc3)s2)s1)c1cccnc1>>SMILES:C[C@H](C(=O)Nc1nnc(CCSCCc2nnc(NC[C@H](C)c3cccnc3)s2)s1)c1cccnc1,SILANE REDUCTION,f4ccf1b83e9499d1,CC[Si](CC)CC.C[C@H](C(=O)Nc1nnc(CCSCCc2nnc(NC(=O)[C@H](C)c3cccnc3)s2)s1)c1cccnc1>>C[C@H](C(=O)Nc1nnc(CCSCCc2nnc(NC[C@H](C)c3cccnc3)s2)s1)c1cccnc1,145,126,0,True,2,2,2,528,126,train,train,True
SMILES:C[C@H](C(=O)Nc1nnc(CCSCCc2nnc(NC(=O)[C@H](C)c3cccnc3)s2)s1)c1cccnc1.SMILES:[Si]c1ccccc1>>SMILES:C[C@H](C(=O)Nc1nnc(CCSCCc2nnc(NC[C@H](C)c3cccnc3)s2)s1)c1cccnc1,SILANE REDUCTION,b42cbd92dbbeb751,C[C@H](C(=O)Nc1nnc(CCSCCc2nnc(NC(=O)[C@H](C)c3cccnc3)s2)s1)c1cccnc1.[Si]c1ccccc1>>C[C@H](C(=O)Nc1nnc(CCSCCc2nnc(NC[C@H](C)c3cccnc3)s2)s1)c1cccnc1,145,126,0,True,6,6,2,529,126,valid,train,True
SMILES:C[C@H]1Oc2cc(cnc2N)-c2cc(S(C)(=O)=O)ccc2CN(C)C(=O)c2ccc(F)cc21.SMILES:C[Si](C)O[Si](C)C>>SMILES:C[C@H]1Oc2cc(cnc2N)-c2cc(S(C)(=O)=O)ccc2CN(C)Cc2ccc(F)cc21,SILANE REDUCTION,e5deaab0163d0e74,C[C@H]1Oc2cc(cnc2N)-c2cc(S(C)(=O)=O)ccc2CN(C)C(=O)c2ccc(F)cc21.C[Si](C)O[Si](C)C>>C[C@H]1Oc2cc(cnc2N)-c2cc(S(C)(=O)=O)ccc2CN(C)Cc2ccc(F)cc21,140,126,0,True,2,2,1,480,136,train,test,True
SMILES:B1[C@H]2CCC[C@@H]1CCC2.SMILES:C=CCCc1nnc(NC(=O)Cc2ccccn2)s1.SMILES:O=C(Cc1ccccc1)Nc1ccc(Br)nn1>>SMILES:O=C(Cc1ccccc1)Nc1ccc(CCCCc2nnc(NC(=O)Cc3ccccn3)s2)nn1,SUZUKI,525093c3caae5504,B1[C@H]2CCC[C@@H]1CCC2.C=CCCc1nnc(NC(=O)Cc2ccccn2)s1.O=C(Cc1ccccc1)Nc1ccc(Br)nn1>>O=C(Cc1ccccc1)Nc1ccc(CCCCc2nnc(NC(=O)Cc3ccccn3)s2)nn1,135,125,0,True,116,120,2,517,127,train,train,True
SMILES:CCN.Cl.SMILES:Cc1cc(C)c(CN2CCc3ccc(OS(=O)(=O)C(F)(F)F)c(Cl)c3C2=O)c(OCc2ccccc2)n1>>SMILES:CCNc1ccc2c(c1Cl)C(=O)N(Cc1c(C)cc(C)nc1OCc1ccccc1)CC2,BUCHWALD,2c16c1e805bb5b26,CCN.Cl.Cc1cc(C)c(CN2CCc3ccc(OS(=O)(=O)C(F)(F)F)c(Cl)c3C2=O)c(OCc2ccccc2)n1>>CCNc1ccc2c(c1Cl)C(=O)N(Cc1c(C)cc(C)nc1OCc1ccccc1)CC2,128,125,0,True,7,7,2,487,131,test,train,True
SMILES:COCCOc1ccc(C(=O)N[C@@H]2CCCN(C(=O)OC(C)(C)C)C2)cc1.SMILES:Clc1cccnc1Br.SMILES:Clc1cccnc1Cl>>SMILES:COCCOc1ccc(C(=O)N(c2ncccc2Cl)[C@@H]2CCCN(C(=O)OC(C)(C)C)C2)cc1,BUCHWALD,fb44768ad9fde819,COCCOc1ccc(C(=O)N[C@@H]2CCCN(C(=O)OC(C)(C)C)C2)cc1.Clc1cccnc1Br.Clc1cccnc1Cl>>COCCOc1ccc(C(=O)N(c2ncccc2Cl)[C@@H]2CCCN(C(=O)OC(C)(C)C)C2)cc1,140,125,0,True,5,5,2,517,131,train,train,True
SMILES:C[C@H]1Oc2cc(cnc2N)-c2cc(S(C)(=O)=O)ccc2CN(C)C(=O)c2ccc(F)cc21.SMILES:C[Si]c1ccccc1>>SMILES:C[C@H]1Oc2cc(cnc2N)-c2cc(S(C)(=O)=O)ccc2CN(C)Cc2ccc(F)cc21,SILANE REDUCTION,82fb4a860c1e04dd,C[C@H]1Oc2cc(cnc2N)-c2cc(S(C)(=O)=O)ccc2CN(C)C(=O)c2ccc(F)cc21.C[Si]c1ccccc1>>C[C@H]1Oc2cc(cnc2N)-c2cc(S(C)(=O)=O)ccc2CN(C)Cc2ccc(F)cc21,136,125,0,True,3,3,2,476,135,train,valid,True
SMILES:Cl.NCC(F)(F)F.SMILES:N#CC1(COc2nc(Cl)nc(N3CCC(c4n[nH]c5ncccc45)CC3)n2)CC1>>SMILES:N#CC1(COc2nc(C(=O)NCC(F)(F)F)nc(N3CCC(c4n[nH]c5ncccc45)CC3)n2)CC1,CARBONYLATION,89da7225ff764b79,Cl.NCC(F)(F)F.N#CC1(COc2nc(Cl)nc(N3CCC(c4n[nH]c5ncccc45)CC3)n2)CC1>>N#CC1(COc2nc(C(=O)NCC(F)(F)F)nc(N3CCC(c4n[nH]c5ncccc45)CC3)n2)CC1,133,125,0,True,6,6,2,498,129,train,train,True
SMILES:O=C([C@@H]1CCCN(c2ccc3nc(C4(n5cc(Cl)cn5)CC4)[nH]c3n2)C1)N1CCCC1.SMILES:O=Ic1ccccc1>>SMILES:O=C([C@@H]1CCCN(c2cc(O)c3nc(C4(n5cc(Cl)cn5)CC4)[nH]c3n2)C1)N1CCCC1,BIOMIMETIC OXIDATION,f13faa937529bccc,O=C([C@@H]1CCCN(c2ccc3nc(C4(n5cc(Cl)cn5)CC4)[nH]c3n2)C1)N1CCCC1.O=Ic1ccccc1>>O=C([C@@H]1CCCN(c2cc(O)c3nc(C4(n5cc(Cl)cn5)CC4)[nH]c3n2)C1)N1CCCC1,143,125,0,True,20,20,2,487,129,train,test,True
SMILES:C[C@H]1Oc2cc(cnc2N)-c2cc(S(C)(=O)=O)ccc2CN(C)C(=O)c2ccc(F)cc21.SMILES:[Si]c1ccccc1>>SMILES:C[C@H]1Oc2cc(cnc2N)-c2cc(S(C)(=O)=O)ccc2CN(C)Cc2ccc(F)cc21,SILANE REDUCTION,4440406685fb697d,C[C@H]1Oc2cc(cnc2N)-c2cc(S(C)(=O)=O)ccc2CN(C)C(=O)c2ccc(F)cc21.[Si]c1ccccc1>>C[C@H]1Oc2cc(cnc2N)-c2cc(S(C)(=O)=O)ccc2CN(C)Cc2ccc(F)cc21,135,124,0,True,2,2,2,475,134,train,train,True
SMILES:Nc1nc2[nH]cc(CCc3ccc(C(=O)N[C@@H](CCc4nnn[nH]4)C(=O)OCc4ccccc4)cc3)c2c(=O)[nH]1>>SMILES:Nc1nc2[nH]cc(CCc3ccc(C(=O)N[C@@H](CCc4nnn[nH]4)C(=O)O)cc3)c2c(=O)[nH]1,HYDROGENATION,f9128cfa7066ff9e,Nc1nc2[nH]cc(CCc3ccc(C(=O)N[C@@H](CCc4nnn[nH]4)C(=O)OCc4ccccc4)cc3)c2c(=O)[nH]1>>Nc1nc2[nH]cc(CCc3ccc(C(=O)N[C@@H](CCc4nnn[nH]4)C(=O)O)cc3)c2c(=O)[nH]1,151,123,0,True,48,96,1,488,133,train,test,True
SMILES:CC(C)(C)OC(=O)N1Cc2c(Br)nn(C(=O)OC(C)(C)C)c2C1(C)C.SMILES:Cn1cc(N)cn1>>SMILES:Cn1cc(Nc2nn(C(=O)OC(C)(C)C)c3c2CN(C(=O)OC(C)(C)C)C3(C)C)cn1,BUCHWALD,062aa259cb603ebb,CC(C)(C)OC(=O)N1Cc2c(Br)nn(C(=O)OC(C)(C)C)c2C1(C)C.Cn1cc(N)cn1>>Cn1cc(Nc2nn(C(=O)OC(C)(C)C)c3c2CN(C(=O)OC(C)(C)C)C3(C)C)cn1,123,122,0,True,21,23,2,468,128,valid,test,True
SMILES:CN(C(=O)OC(C)(C)C)[C@H]1C[C@H](N)C1.SMILES:Nc1ccc(-c2cc(Cl)nc(N3CCOCC3)n2)cn1>>SMILES:CN(C(=O)OC(C)(C)C)[C@H]1C[C@H](Nc2cc(-c3ccc(N)nc3)nc(N3CCOCC3)n2)C1,BUCHWALD,55d48c1de9aeeddd,CN(C(=O)OC(C)(C)C)[C@H]1C[C@H](N)C1.Nc1ccc(-c2cc(Cl)nc(N3CCOCC3)n2)cn1>>CN(C(=O)OC(C)(C)C)[C@H]1C[C@H](Nc2cc(-c3ccc(N)nc3)nc(N3CCOCC3)n2)C1,139,122,0,True,7,7,2,496,120,train,test,True
SMILES:CS(=O)(=O)Cc1nc(C#N)cs1.SMILES:C[C@@H](Oc1cc(Br)cnc1N)c1cc(F)ccc1-n1nccn1>>SMILES:C[C@@H](Oc1cc(-c2sc(CS(C)(=O)=O)nc2C#N)cnc1N)c1cc(F)ccc1-n1nccn1,CH ACTIVATION,d3abbc1a533fb669,CS(=O)(=O)Cc1nc(C#N)cs1.C[C@@H](Oc1cc(Br)cnc1N)c1cc(F)ccc1-n1nccn1>>C[C@@H](Oc1cc(-c2sc(CS(C)(=O)=O)nc2C#N)cnc1N)c1cc(F)ccc1-n1nccn1,132,121,0,True,2,5,1,486,128,train,train,True
SMILES:C=CC(=O)Cl.SMILES:CN[C@H]1C[C@H](Oc2nc(Nc3cnn(C)c3)nc3[nH]cc(-c4ncccc4F)c23)C1>>SMILES:C=CC(=O)N(C)[C@H]1C[C@H](Oc2nc(Nc3cnn(C)c3)nc3[nH]cc(-c4ncccc4F)c23)C1,AMIDE COUPLING,1055d47eb2a645e1,C=CC(=O)Cl.CN[C@H]1C[C@H](Oc2nc(Nc3cnn(C)c3)nc3[nH]cc(-c4ncccc4F)c23)C1>>C=CC(=O)N(C)[C@H]1C[C@H](Oc2nc(Nc3cnn(C)c3)nc3[nH]cc(-c4ncccc4F)c23)C1,143,120,0,True,10,10,2,496,126,train,valid,True
SMILES:C=CC(=O)O.SMILES:CN[C@H]1C[C@H](Oc2nc(Nc3cnn(C)c3)nc3[nH]cc(-c4ncccc4F)c23)C1>>SMILES:C=CC(=O)N(C)[C@H]1C[C@H](Oc2nc(Nc3cnn(C)c3)nc3[nH]cc(-c4ncccc4F)c23)C1,AMIDE COUPLING,03d5860ac9130de4,C=CC(=O)O.CN[C@H]1C[C@H](Oc2nc(Nc3cnn(C)c3)nc3[nH]cc(-c4ncccc4F)c23)C1>>C=CC(=O)N(C)[C@H]1C[C@H](Oc2nc(Nc3cnn(C)c3)nc3[nH]cc(-c4ncccc4F)c23)C1,142,120,0,True,19,33,2,495,126,train,train,True
SMILES:CC(C)(C)OC(=O)N1CCC(COc2cc(B3OC(C)(C)C(C)(C)O3)cnc2N)CC1.SMILES:Cn1cnc(I)c1>>SMILES:Cn1cnc(-c2cnc(N)c(OCC3CCN(C(=O)OC(C)(C)C)CC3)c2)c1,SUZUKI,71c385351c5dd450,CC(C)(C)OC(=O)N1CCC(COc2cc(B3OC(C)(C)C(C)(C)O3)cnc2N)CC1.Cn1cnc(I)c1>>Cn1cnc(-c2cnc(N)c(OCC3CCN(C(=O)OC(C)(C)C)CC3)c2)c1,120,120,0,True,192,192,2,433,121,train,train,True
SMILES:CC(C)(C)OC(=O)N1CCc2cc(Br)cc(OCc3ccccc3)c2C1.SMILES:CC[Si](CC)CC.SMILES:O=COc1c(Cl)cc(Cl)cc1Cl>>SMILES:CC(C)(C)OC(=O)N1CCc2cc(C=O)cc(OCc3ccccc3)c2C1,CARBONYLATION,8a1cea692717cc51,CC(C)(C)OC(=O)N1CCc2cc(Br)cc(OCc3ccccc3)c2C1.CC[Si](CC)CC.O=COc1c(Cl)cc(Cl)cc1Cl>>CC(C)(C)OC(=O)N1CCc2cc(C=O)cc(OCc3ccccc3)c2C1,127,120,0,True,24,24,2,430,126,train,train,True
SMILES:CC1(C)O[C@@H]2[C@H](O1)[C@@H](C(=O)c1ccc(F)c(F)c1)O[C@H]2n1cc(F)c2c(Cl)ncnc21>>SMILES:CC1(C)O[C@H]2[C@@H](O1)[C@H](n1cc(F)c3c(Cl)ncnc31)O[C@@H]2[C@H](O)c1ccc(F)c(F)c1,HYDROGENATION,84d68724afe4751f,CC1(C)O[C@@H]2[C@H](O1)[C@@H](C(=O)c1ccc(F)c(F)c1)O[C@H]2n1cc(F)c2c(Cl)ncnc21>>CC1(C)O[C@H]2[C@@H](O1)[C@H](n1cc(F)c3c(Cl)ncnc31)O[C@@H]2[C@H](O)c1ccc(F)c(F)c1,159,117,0,True,141,141,1,454,117,train,test,True
SMILES:CC1(N)CCN(C(=O)OC(C)(C)C)C1.SMILES:CS(=O)(=O)OCCc1c(Cl)nc(N2CCOCC2)nc1Cl>>SMILES:CC(C)(C)OC(=O)N1CCC(C)(N2CCc3c(Cl)nc(N4CCOCC4)nc32)C1,ALKYLATION,6f84a00d0b7f7413,CC1(N)CCN(C(=O)OC(C)(C)C)C1.CS(=O)(=O)OCCc1c(Cl)nc(N2CCOCC2)nc1Cl>>CC(C)(C)OC(=O)N1CCC(C)(N2CCc3c(Cl)nc(N4CCOCC4)nc32)C1,120,117,0,True,180,180,2,446,117,test,train,True
SMILES:NC12CC(C1)C2.SMILES:Nc1ncncc1OCC1CCN(c2cc(Cl)nc(OC[C@H]3CCCO3)n2)CC1>>SMILES:Nc1ncncc1OCC1CCN(c2cc(C(=O)NC34CC(C3)C4)nc(OC[C@H]3CCCO3)n2)CC1,CARBONYLATION,f97dad611c0d8f90,NC12CC(C1)C2.Nc1ncncc1OCC1CCN(c2cc(Cl)nc(OC[C@H]3CCCO3)n2)CC1>>Nc1ncncc1OCC1CCN(c2cc(C(=O)NC34CC(C3)C4)nc(OC[C@H]3CCCO3)n2)CC1,126,117,0,True,54,72,2,515,121,valid,train,True
SMILES:CCCN1CC(O)C1.SMILES:COc1ccc(C2=C(C)c3ccc(OC)cc3O[C@@H]2c2ccc(I)cc2)cc1>>SMILES:CCCN1CC(Oc2ccc(C3Oc4cc(OC)ccc4C(C)=C3c3ccc(OC)cc3)cc2)C1,ULLMANN,63783668b7bf6256,CCCN1CC(O)C1.COc1ccc(C2=C(C)c3ccc(OC)cc3O[C@@H]2c2ccc(I)cc2)cc1>>CCCN1CC(Oc2ccc(C3Oc4cc(OC)ccc4C(C)=C3c3ccc(OC)cc3)cc2)C1,121,116,0,True,192,192,2,515,124,valid,train,True
SMILES:CN(Cc1nn(C)c(C#N)[c]1[Sn]([CH3])([CH3])[CH3])C(=O)OC(C)(C)C.SMILES:COc1cc(Br)c(Br)nc1N.SMILES:[Cl][Cu]>>SMILES:COc1cc(Br)c(-c2c(CN(C)C(=O)OC(C)(C)C)nn(C)c2C#N)nc1N,STILLE,9c5f855138509441,CN(Cc1nn(C)c(C#N)[c]1[Sn]([CH3])([CH3])[CH3])C(=O)OC(C)(C)C.COc1cc(Br)c(Br)nc1N.[Cl][Cu]>>COc1cc(Br)c(-c2c(CN(C)C(=O)OC(C)(C)C)nn(C)c2C#N)nc1N,142,116,0,True,12,12,2,427,121,valid,train,True
SMILES:O=C([C@@H]1CCCN(c2ccc3nc(C4(n5cc(Cl)cn5)CC4)[nH]c3n2)C1)N1CCCC1.SMILES:OO>>SMILES:O=C([C@@H]1CCCN(c2cc(O)c3nc(C4(n5cc(Cl)cn5)CC4)[nH]c3n2)C1)N1CCCC1,BIOMIMETIC OXIDATION,eb295bd8d839a6cf,O=C([C@@H]1CCCN(c2ccc3nc(C4(n5cc(Cl)cn5)CC4)[nH]c3n2)C1)N1CCCC1.OO>>O=C([C@@H]1CCCN(c2cc(O)c3nc(C4(n5cc(Cl)cn5)CC4)[nH]c3n2)C1)N1CCCC1,134,116,0,True,20,20,2,479,120,train,valid,True
SMILES:[N-]=[N+]=NC1O[C@H](COC(=O)c2ccccc2)[C@@H](OC(=O)c2ccccc2)[C@H]1OC(=O)c1ccccc1>>SMILES:NC1O[C@H](COC(=O)c2ccccc2)[C@@H](OC(=O)c2ccccc2)[C@H]1OC(=O)c1ccccc1,HYDROGENATION,43aad2739e388917,[N-]=[N+]=NC1O[C@H](COC(=O)c2ccccc2)[C@@H](OC(=O)c2ccccc2)[C@H]1OC(=O)c1ccccc1>>NC1O[C@H](COC(=O)c2ccccc2)[C@@H](OC(=O)c2ccccc2)[C@H]1OC(=O)c1ccccc1,148,116,0,True,192,192,1,500,120,train,valid,True
SMILES:B[C@@H]1C[C@@H]2C[C@H]([C@H]1C)C2(C)C.B[C@@H]1C[C@@H]2C[C@H]([C@H]1C)C2(C)C.CN(C)CCN(C)C.SMILES:CS(=O)(=O)N1CCC(=O)[C@@H](O)C1.SMILES:NCc1ccccc1>>SMILES:CS(=O)(=O)N1CC[C@@H](N)[C@@H](O)C1,AMINATION,bcaefa61af4ec3db,B[C@@H]1C[C@@H]2C[C@H]([C@H]1C)C2(C)C.B[C@@H]1C[C@@H]2C[C@H]([C@H]1C)C2(C)C.CN(C)CCN(C)C.CS(=O)(=O)N1CCC(=O)[C@@H](O)C1.NCc1ccccc1>>CS(=O)(=O)N1CC[C@@H](N)[C@@H](O)C1,166,115,0,True,2,2,1,287,123,train,train,True
SMILES:B[C@H]1C[C@@H]2C[C@H]([C@@H]1C)C2(C)C.B[C@H]1C[C@H]2C[C@H]([C@@H]1C)C2(C)C.CN(C)CCN(C)C.SMILES:CS(=O)(=O)N1CCC(=O)[C@@H](O)C1.SMILES:NCc1ccccc1>>SMILES:CS(=O)(=O)N1CC[C@@H](N)[C@@H](O)C1,AMINATION,bcaefa61af4ec3db,B[C@H]1C[C@@H]2C[C@H]([C@@H]1C)C2(C)C.B[C@H]1C[C@H]2C[C@H]([C@@H]1C)C2(C)C.CN(C)CCN(C)C.CS(=O)(=O)N1CCC(=O)[C@@H](O)C1.NCc1ccccc1>>CS(=O)(=O)N1CC[C@@H](N)[C@@H](O)C1,165,115,0,True,2,2,1,291,123,train,train,True
SMILES:CC1(C)OB(B2OC(C)(C)C(C)(C)O2)OC1(C)C.SMILES:CC1(C)OBOC1(C)C.SMILES:COC(=O)c1cc(Cl)ccc1Cl>>SMILES:COC(=O)c1cc(Cl)cc(B2OC(C)(C)C(C)(C)O2)c1Cl,PD BORYLATION,4cbe67c00fde7e73,CC1(C)OB(B2OC(C)(C)C(C)(C)O2)OC1(C)C.CC1(C)OBOC1(C)C.COC(=O)c1cc(Cl)ccc1Cl>>COC(=O)c1cc(Cl)cc(B2OC(C)(C)C(C)(C)O2)c1Cl,118,114,0,True,150,152,2,343,122,train,train,True
SMILES:CC1(C)OB(B2OC(C)(C)C(C)(C)O2)OC1(C)C.SMILES:N#Cc1ccccc1-c1ccnn1[C@@H]1CCCCO1>>SMILES:CC1(C)OB(c2cc(-c3ccccc3C#N)n(C3CCCCO3)n2)OC1(C)C,PD BORYLATION,6d95a95ef4961389,CC1(C)OB(B2OC(C)(C)C(C)(C)O2)OC1(C)C.N#Cc1ccccc1-c1ccnn1[C@@H]1CCCCO1>>CC1(C)OB(c2cc(-c3ccccc3C#N)n(C3CCCCO3)n2)OC1(C)C,119,114,0,True,64,64,2,429,122,train,train,True
SMILES:CCOC(=O)n1nc(N)c2c1C(C)(C)N(C(=O)OC(C)(C)C)C2.SMILES:Cn1cc(I)cn1>>SMILES:CCOC(=O)n1nc(Nc2cnn(C)c2)c2c1C(C)(C)N(C(=O)OC(C)(C)C)C2,BUCHWALD,a1e692e4e70fd5db,CCOC(=O)n1nc(N)c2c1C(C)(C)N(C(=O)OC(C)(C)C)C2.Cn1cc(I)cn1>>CCOC(=O)n1nc(Nc2cnn(C)c2)c2c1C(C)(C)N(C(=O)OC(C)(C)C)C2,114,114,0,True,3,3,1,433,118,test,train,True
SMILES:C[C@@H](c1c(Cl)ccc(F)c1Cl)n1ccc2ncc(Cl)nc21.SMILES:Cc1n[nH]c(C)c1B1OC(C)(C)C(C)(C)O1>>SMILES:Cc1n[nH]c(C)c1-c1cnc2ccn([C@H](C)c3c(Cl)ccc(F)c3Cl)c2n1,SUZUKI,10ab4a3841ce983e,C[C@@H](c1c(Cl)ccc(F)c1Cl)n1ccc2ncc(Cl)nc21.Cc1n[nH]c(C)c1B1OC(C)(C)C(C)(C)O1>>Cc1n[nH]c(C)c1-c1cnc2ccn([C@H](C)c3c(Cl)ccc(F)c3Cl)c2n1,134,114,0,True,5,5,1,404,119,test,train,True
SMILES:CC(C)(C)OC(=O)N1C[C@H](COc2nc(Cl)nc3[nH]ccc23)[C@@H](C(F)(F)F)C1.SMILES:Nc1cnoc1>>SMILES:CC(C)(C)OC(=O)N1C[C@H](COc2nc(Cl)nc3[nH]ccc23)[C@@H](C(F)(F)F)C1,BUCHWALD,bca03c807e0c2e1b,CC(C)(C)OC(=O)N1C[C@H](COc2nc(Cl)nc3[nH]ccc23)[C@@H](C(F)(F)F)C1.Nc1cnoc1>>CC(C)(C)OC(=O)N1C[C@H](COc2nc(Cl)nc3[nH]ccc23)[C@@H](C(F)(F)F)C1,139,113,0,True,5,5,1,421,117,train,test,True
SMILES:CN(Cc1nn(C)c(C#N)[c]1[Sn]([CH3])([CH3])[CH3])C(=O)OC(C)(C)C.SMILES:COc1cc(Br)c(Br)nc1N>>SMILES:COc1cc(Br)c(-c2c(CN(C)C(=O)OC(C)(C)C)nn(C)c2C#N)nc1N,STILLE,0969d49b3220f25f,CN(Cc1nn(C)c(C#N)[c]1[Sn]([CH3])([CH3])[CH3])C(=O)OC(C)(C)C.COc1cc(Br)c(Br)nc1N>>COc1cc(Br)c(-c2c(CN(C)C(=O)OC(C)(C)C)nn(C)c2C#N)nc1N,133,113,0,True,96,96,2,420,118,valid,valid,True
SMILES:COC[C@@H](C)Oc1nc(Cl)cc(N2CCC(c3c[nH]c4nccc(OC)c34)CC2)n1.SMILES:C[C@@H](N)CO>>SMILES:COC[C@@H](C)Oc1nc(C(=O)N[C@H](C)CO)nc(N2CCC(c3c[nH]c4ncccc34)CC2)n1,CARBONYLATION,3270e61fc3e00b69,COC[C@@H](C)Oc1nc(Cl)cc(N2CCC(c3c[nH]c4nccc(OC)c34)CC2)n1.C[C@@H](N)CO>>COC[C@@H](C)Oc1nc(C(=O)N[C@H](C)CO)nc(N2CCC(c3c[nH]c4ncccc34)CC2)n1,139,113,0,True,24,48,2,492,117,train,train,True
SMILES:C[C@@H](Oc1cc(Br)cnc1N)c1cc(F)ccc1C(=O)N(C)Cc1cn(CC2CCC2)nn1.SMILES:[Cu][I]>>SMILES:C[C@H]1Oc2cc(cnc2N)-c2c(nnn2CC2CCC2)CN(C)C(=O)c2ccc(F)cc21,CH ACTIVATION,51ba32b745bfe4a8,C[C@@H](Oc1cc(Br)cnc1N)c1cc(F)ccc1C(=O)N(C)Cc1cn(CC2CCC2)nn1.[Cu][I]>>C[C@H]1Oc2cc(cnc2N)-c2c(nnn2CC2CCC2)CN(C)C(=O)c2ccc(F)cc21,128,113,0,True,5,14,1,478,122,valid,train,True
SMILES:C[C@]1(N2CCc3c(-c4cnc(N)nc4)nc(N4CCOCC4)nc32)CCN(C(=O)OCc2ccccc2)C1>>SMILES:CC1(N2CCc3c(-c4cnc(N)nc4)nc(N4CCOCC4)nc32)CCNC1,HYDROGENATION,cea73b930f4080df,C[C@]1(N2CCc3c(-c4cnc(N)nc4)nc(N4CCOCC4)nc32)CCN(C(=O)OCc2ccccc2)C1>>CC1(N2CCc3c(-c4cnc(N)nc4)nc(N4CCOCC4)nc32)CCNC1,116,113,0,True,96,96,1,426,115,train,train,True
SMILES:O=C([C@@H]1CCCN(c2ccc3nc(C4(n5cc(Cl)cn5)CC4)[nH]c3n2)C1)N1CCCC1>>SMILES:O=C([C@@H]1CCCN(c2cc(O)c3nc(C4(n5cc(Cl)cn5)CC4)[nH]c3n2)C1)N1CCCC1,BIOMIMETIC OXIDATION,f320c2efc5c8f611,O=C([C@@H]1CCCN(c2ccc3nc(C4(n5cc(Cl)cn5)CC4)[nH]c3n2)C1)N1CCCC1>>O=C([C@@H]1CCCN(c2cc(O)c3nc(C4(n5cc(Cl)cn5)CC4)[nH]c3n2)C1)N1CCCC1,131,113,0,True,48,48,1,464,117,train,train,True
SMILES:CC(C)(C)OC(=O)N1CC[C@@H](CO)C1.SMILES:Cn1cc(Nc2nc(Cl)c3c(Cl)c[nH]c3n2)cn1>>SMILES:Cn1cc(Nc2nc(OCC3CCN(C(=O)OC(C)(C)C)C3)c3c(Cl)c[nH]c3n2)cn1,BUCHWALD,b208f7e04c4bf7d6,CC(C)(C)OC(=O)N1CC[C@@H](CO)C1.Cn1cc(Nc2nc(Cl)c3c(Cl)c[nH]c3n2)cn1>>Cn1cc(Nc2nc(OCC3CCN(C(=O)OC(C)(C)C)C3)c3c(Cl)c[nH]c3n2)cn1,126,112,0,True,10,10,2,452,112,train,valid,True
SMILES:CC(C)(C)OC(=O)N1C[C@H]2CNC[C@H]2C1.SMILES:Cn1cc(Nc2nc(Cl)nc3[nH]cnc23)cn1>>SMILES:Cn1cc(Nc2nc(N3C[C@H]4CN(C(=O)OC(C)(C)C)C[C@H]4C3)nc3[nH]cnc23)cn1,BUCHWALD,d0a4c5803679c357,CC(C)(C)OC(=O)N1C[C@H]2CNC[C@H]2C1.Cn1cc(Nc2nc(Cl)nc3[nH]cnc23)cn1>>Cn1cc(Nc2nc(N3C[C@H]4CN(C(=O)OC(C)(C)C)C[C@H]4C3)nc3[nH]cnc23)cn1,133,110,0,True,15,15,2,464,118,train,train,True
SMILES:CC(C)(C)OC(=O)N1Cc2c(Br)nn(C(=O)OC(C)(C)C)c2C1(C)C>>SMILES:Cn1cc(Nc2nn(C(=O)OC(C)(C)C)c3c2CN(C(=O)OC(C)(C)C)C3(C)C)cn1,BUCHWALD,924dc747ef105335,CC(C)(C)OC(=O)N1Cc2c(Br)nn(C(=O)OC(C)(C)C)c2C1(C)C>>Cn1cc(Nc2nn(C(=O)OC(C)(C)C)c3c2CN(C(=O)OC(C)(C)C)C3(C)C)cn1,111,110,0,True,4,5,1,375,116,train,test,True
SMILES:COc1ccc(-c2noc(C(F)(F)F)c2Cl)cc1.SMILES:OB(O)c1ccc(OCc2ccccc2)cc1>>SMILES:COc1ccc(-c2noc(C(F)(F)F)c2-c2ccc(OCc3ccccc3)cc2)cc1,SUZUKI,f0ad4005b2f46b5a,COc1ccc(-c2noc(C(F)(F)F)c2Cl)cc1.OB(O)c1ccc(OCc2ccccc2)cc1>>COc1ccc(-c2noc(C(F)(F)F)c2-c2ccc(OCc3ccccc3)cc2)cc1,111,110,0,True,192,192,2,438,111,train,train,True
SMILES:COc1ccc(-c2noc(C(F)(F)F)c2I)cc1.SMILES:OB(O)c1ccc(OCc2ccccc2)cc1>>SMILES:COc1ccc(-c2noc(C(F)(F)F)c2-c2ccc(OCc3ccccc3)cc2)cc1,SUZUKI,6575a623da45e8d1,COc1ccc(-c2noc(C(F)(F)F)c2I)cc1.OB(O)c1ccc(OCc2ccccc2)cc1>>COc1ccc(-c2noc(C(F)(F)F)c2-c2ccc(OCc3ccccc3)cc2)cc1,110,110,0,True,192,192,2,437,111,train,valid,True
SMILES:C[C@@H](Oc1cc(Br)cnc1N)c1cc(F)ccc1C(=O)N(C)Cc1cn(CC2CCC2)nn1>>SMILES:C[C@H]1Oc2cc(cnc2N)-c2c(nnn2CC2CCC2)CN(C)C(=O)c2ccc(F)cc21,CH ACTIVATION,23b0ce9cdb41c5e5,C[C@@H](Oc1cc(Br)cnc1N)c1cc(F)ccc1C(=O)N(C)Cc1cn(CC2CCC2)nn1>>C[C@H]1Oc2cc(cnc2N)-c2c(nnn2CC2CCC2)CN(C)C(=O)c2ccc(F)cc21,120,110,0,True,2,7,1,472,119,train,train,True
SMILES:CCOC(=O)c1ccc(C#Cc2cnc3nc(NC(=O)C(C)(C)C)[nH]c(=O)c3c2)s1>>SMILES:CCOC(=O)c1ccc(CCC2CNc3nc(NC(=O)C(C)(C)C)[nH]c(=O)c3C2)s1,HYDROGENATION,0f836417e1ede1c0,CCOC(=O)c1ccc(C#Cc2cnc3nc(NC(=O)C(C)(C)C)[nH]c(=O)c3c2)s1>>CCOC(=O)c1ccc(CCC2CNc3nc(NC(=O)C(C)(C)C)[nH]c(=O)c3C2)s1,115,109,0,True,192,192,1,436,114,train,train,True
SMILES:Cc1c([N+](=O)[O-])cnc2c1c(C1=CCN(C(=O)OC(C)(C)C)C(C)(C)C1)cn2C>>SMILES:Cc1c(N)cnc2c1c(C1CCN(C(=O)OC(C)(C)C)C(C)(C)C1)cn2C,HYDROGENATION,095dacaddd1d05ce,Cc1c([N+](=O)[O-])cnc2c1c(C1=CCN(C(=O)OC(C)(C)C)C(C)(C)C1)cn2C>>Cc1c(N)cnc2c1c(C1CCN(C(=O)OC(C)(C)C)C(C)(C)C1)cn2C,114,108,0,True,96,96,1,412,110,train,train,True
SMILES:CC(C)(C)OC(=O)N1CC[C@]2(COC(=O)N2)C1.SMILES:Clc1cc(Cl)nc(N2CCOCC2)n1>>SMILES:CC(C)(C)OC(=O)N1CCC(CO)(Nc2cc(Cl)nc(N3CCOCC3)n2)C1,ALKYLATION,fb658e2e302a8e14,CC(C)(C)OC(=O)N1CC[C@]2(COC(=O)N2)C1.Clc1cc(Cl)nc(N2CCOCC2)n1>>CC(C)(C)OC(=O)N1CCC(CO)(Nc2cc(Cl)nc(N3CCOCC3)n2)C1,113,107,0,True,123,123,2,421,107,train,test,True
SMILES:CCNCc1c(-c2cnc(N)c(O[C@H](C)c3cc(F)ccc3C(=O)O)c2)c(C)nn1C>>SMILES:CCN1Cc2c(c(C)nn2C)-c2cnc(N)c(c2)OC(C)c2cc(F)ccc2C1=O,AMIDE COUPLING,de4f0a9f3449a551,CCNCc1c(-c2cnc(N)c(O[C@H](C)c3cc(F)ccc3C(=O)O)c2)c(C)nn1C>>CCN1Cc2c(c(C)nn2C)-c2cnc(N)c(c2)OC(C)c2cc(F)ccc2C1=O,111,107,0,True,7,7,1,434,111,train,valid,True
SMILES:B[C@@H]1C[C@@H]2C[C@H]([C@H]1C)C2(C)C.B[C@@H]1C[C@@H]2C[C@H]([C@H]1C)C2(C)C.CN(C)CCN(C)C.SMILES:CS(=O)(=O)N1CCC(=O)[C@@H](O)C1.SMILES:N>>SMILES:CS(=O)(=O)N1CC[C@@H](N)[C@@H](O)C1,AMINATION,91828b8150f8ffa4,B[C@@H]1C[C@@H]2C[C@H]([C@H]1C)C2(C)C.B[C@@H]1C[C@@H]2C[C@H]([C@H]1C)C2(C)C.CN(C)CCN(C)C.CS(=O)(=O)N1CCC(=O)[C@@H](O)C1.N>>CS(=O)(=O)N1CC[C@@H](N)[C@@H](O)C1,157,106,0,True,2,2,1,278,114,train,train,True
SMILES:B[C@H]1C[C@@H]2C[C@H]([C@@H]1C)C2(C)C.B[C@H]1C[C@H]2C[C@H]([C@@H]1C)C2(C)C.CN(C)CCN(C)C.SMILES:CS(=O)(=O)N1CCC(=O)[C@@H](O)C1.SMILES:N>>SMILES:CS(=O)(=O)N1CC[C@@H](N)[C@@H](O)C1,AMINATION,91828b8150f8ffa4,B[C@H]1C[C@@H]2C[C@H]([C@@H]1C)C2(C)C.B[C@H]1C[C@H]2C[C@H]([C@@H]1C)C2(C)C.CN(C)CCN(C)C.CS(=O)(=O)N1CCC(=O)[C@@H](O)C1.N>>CS(=O)(=O)N1CC[C@@H](N)[C@@H](O)C1,156,106,0,True,2,2,1,282,114,train,train,True
SMILES:CC(C)(C)OC(=O)N1CCc2cc(Br)cc(OCc3ccccc3)c2C1.SMILES:C[Si](C)(C)C(F)F>>SMILES:CC(C)(C)OC(=O)N1CCc2cc(C(F)F)cc(OCc3ccccc3)c2C1,DIFLUOROMETHYLATION,751843fe81f9a7f2,CC(C)(C)OC(=O)N1CCc2cc(Br)cc(OCc3ccccc3)c2C1.C[Si](C)(C)C(F)F>>CC(C)(C)OC(=O)N1CCc2cc(C(F)F)cc(OCc3ccccc3)c2C1,110,106,0,True,200,237,2,420,110,test,train,True
SMILES:Nc1nnc(C[C@H]2CC[C@@H](c3nnc(N)s3)C2)s1.SMILES:O=C(O)Cc1ccccn1>>SMILES:O=C(Cc1ccccn1)Nc1nnc(C[C@H]2CC[C@@H](c3nnc(NC(=O)Cc4ccccn4)s3)C2)s1,AMIDE COUPLING,225c16bf4d97a02c,Nc1nnc(C[C@H]2CC[C@@H](c3nnc(N)s3)C2)s1.O=C(O)Cc1ccccn1>>O=C(Cc1ccccn1)Nc1nnc(C[C@H]2CC[C@@H](c3nnc(NC(=O)Cc4ccccn4)s3)C2)s1,124,106,0,True,52,117,2,413,106,train,test,True
SMILES:O=C(Cc1ccccn1)Nc1ccc(C[C@@H]2CC[C@H](c3nnc(NC(=O)Cc4ccccn4)s3)C2)nn1>>SMILES:Nc1ccc(C[C@@H]2CC[C@H](c3nnc(NC(=O)Cc4ccccn4)s3)C2)nn1,STABILITY TEST,5c5dbeeef71f3a2a,O=C(Cc1ccccn1)Nc1ccc(C[C@@H]2CC[C@H](c3nnc(NC(=O)Cc4ccccn4)s3)C2)nn1>>Nc1ccc(C[C@@H]2CC[C@H](c3nnc(NC(=O)Cc4ccccn4)s3)C2)nn1,124,106,0,True,4,16,1,415,106,train,train,True
SMILES:CC(C(=O)O)c1cccnc1.SMILES:Nc1nnc(CCSCCc2nnc(N)s2)s1>>SMILES:C[C@H](C(=O)Nc1nnc(CCSCCc2nnc(NC(=O)[C@@H](C)c3cccnc3)s2)s1)c1cccnc1,AMIDE COUPLING,66b3f08e3ca35b28,CC(C(=O)O)c1cccnc1.Nc1nnc(CCSCCc2nnc(N)s2)s1>>C[C@H](C(=O)Nc1nnc(CCSCCc2nnc(NC(=O)[C@@H](C)c3cccnc3)s2)s1)c1cccnc1,114,105,0,True,9,9,2,410,105,test,train,True
SMILES:CCn1cc(CN(C)C(=O)c2ccc(F)cc2[C@@H](C)Oc2cc(Br)cnc2N)nn1.SMILES:[Cu][I]>>SMILES:CCn1nnc2c1-c1cnc(N)c(c1)O[C@H](C)c1cc(F)ccc1C(=O)N(C)C2,CH ACTIVATION,bcf33d1c249968df,CCn1cc(CN(C)C(=O)c2ccc(F)cc2[C@@H](C)Oc2cc(Br)cnc2N)nn1.[Cu][I]>>CCn1nnc2c1-c1cnc(N)c(c1)O[C@H](C)c1cc(F)ccc1C(=O)N(C)C2,120,105,0,True,24,24,2,427,112,train,valid,True
SMILES:CC(C)(C)OC(=O)N1CC[C@](N)(CO)C1.SMILES:Fc1c(Cl)nc(N2CCOCC2)nc1Cl>>SMILES:CC(C)(C)OC(=O)N1CCC(CO)(Nc2nc(N3CCOCC3)nc(Cl)c2F)C1,ALKYLATION,7252d70cdc1597a0,CC(C)(C)OC(=O)N1CC[C@](N)(CO)C1.Fc1c(Cl)nc(N2CCOCC2)nc1Cl>>CC(C)(C)OC(=O)N1CCC(CO)(Nc2nc(N3CCOCC3)nc(Cl)c2F)C1,110,104,0,True,360,360,2,430,106,train,train,True
SMILES:CC(C)(C)OC(=O)N1CCc2cc(Br)cc(OCc3ccccc3)c2C1.SMILES:CC[Si](CC)CC.SMILES:[C-]#[O+]>>SMILES:CC(C)(C)OC(=O)N1CCc2cc(C=O)cc(OCc3ccccc3)c2C1,CARBONYLATION,2d36fce29cc27c2f,CC(C)(C)OC(=O)N1CCc2cc(Br)cc(OCc3ccccc3)c2C1.CC[Si](CC)CC.[C-]#[O+]>>CC(C)(C)OC(=O)N1CCc2cc(C=O)cc(OCc3ccccc3)c2C1,114,104,0,True,5,5,2,410,108,train,train,True
SMILES:COB([C@H]1C[C@@H]2C[C@H]([C@@H]1C)C2(C)C)[C@H]1C[C@@H]2C[C@H]([C@@H]1C)C2(C)C.SMILES:CS(=O)(=O)N1CCC(=O)[C@@H](O)C1.SMILES:NCc1ccccc1>>SMILES:CS(=O)(=O)N1CC[C@@H](N)[C@@H](O)C1,AMINATION,2390be40294aeda8,COB([C@H]1C[C@@H]2C[C@H]([C@@H]1C)C2(C)C)[C@H]1C[C@@H]2C[C@H]([C@@H]1C)C2(C)C.CS(=O)(=O)N1CCC(=O)[C@@H](O)C1.NCc1ccccc1>>CS(=O)(=O)N1CC[C@@H](N)[C@@H](O)C1,155,104,0,True,2,2,1,280,112,valid,train,True
SMILES:Br.BrCc1ccccn1.SMILES:Nc1nnc(C[C@H]2CC[C@@H](c3nnc(N)s3)C2)s1>>SMILES:O=C(Cc1ccccn1)Nc1nnc(C[C@H]2CC[C@@H](c3nnc(NC(=O)Cc4ccccn4)s3)C2)s1,CARBONYLATION,55d4b30c3af9b39b,Br.BrCc1ccccn1.Nc1nnc(C[C@H]2CC[C@@H](c3nnc(N)s3)C2)s1>>O=C(Cc1ccccn1)Nc1nnc(C[C@H]2CC[C@@H](c3nnc(NC(=O)Cc4ccccn4)s3)C2)s1,123,103,0,True,13,13,2,381,103,train,train,True
SMILES:C1CNCCN1.SMILES:C[C@H](Cn1ccc2c1nc(N)n1nc(-c3ccco3)nc21)OS(C)(=O)=O>>SMILES:C[C@H](Cn1ccc2c1nc(N)n1nc(-c3ccco3)nc21)N1CCNCC1,ALKYLATION,4d33913377482010,C1CNCCN1.C[C@H](Cn1ccc2c1nc(N)n1nc(-c3ccco3)nc21)OS(C)(=O)=O>>C[C@H](Cn1ccc2c1nc(N)n1nc(-c3ccco3)nc21)N1CCNCC1,110,102,0,True,132,264,1,333,99,train,valid,True
SMILES:CC(C)(C)OC(=O)N1CCC(N)(CO)C1.SMILES:Clc1cc(Cl)nc(N2CCOCC2)n1>>SMILES:CC(C)(C)OC(=O)N1CCC(N)(COc2cc(Cl)nc(N3CCOCC3)n2)C1,ALKYLATION,f44168c9b722bb70,CC(C)(C)OC(=O)N1CCC(N)(CO)C1.Clc1cc(Cl)nc(N2CCOCC2)n1>>CC(C)(C)OC(=O)N1CCC(N)(COc2cc(Cl)nc(N3CCOCC3)n2)C1,105,102,0,True,74,74,2,418,102,train,train,True
SMILES:CC(C)(C)OC(=O)N1CCCC1[B-](F)(F)F.[K+].SMILES:Clc1nn([C@H]2CCCCO2)c2ncccc12>>SMILES:CC(C)(C)OC(=O)N1CCCC1c1nn(C2CCCCO2)c2ncccc12,SUZUKI,4369d934eff57e12,CC(C)(C)OC(=O)N1CCCC1[B-](F)(F)F.[K+].Clc1nn([C@H]2CCCCO2)c2ncccc12>>CC(C)(C)OC(=O)N1CCCC1c1nn(C2CCCCO2)c2ncccc12,113,102,0,True,3,20,1,419,110,train,train,True
SMILES:CCn1cc(CN(C)C(=O)c2ccc(F)cc2[C@@H](C)Oc2cc(Br)cnc2N)nn1>>SMILES:CCn1nnc2c1-c1cnc(N)c(c1)O[C@H](C)c1cc(F)ccc1C(=O)N(C)C2,CH ACTIVATION,47d42120ea1ad686,CCn1cc(CN(C)C(=O)c2ccc(F)cc2[C@@H](C)Oc2cc(Br)cnc2N)nn1>>CCn1nnc2c1-c1cnc(N)c(c1)O[C@H](C)c1cc(F)ccc1C(=O)N(C)C2,112,102,0,True,24,24,1,421,109,train,train,True
SMILES:CN(c1ccccc1CN)S(C)(=O)=O.SMILES:Clc1cc2c(cnn2[C@H]2CCCCO2)c(Cl)n1>>SMILES:CN(c1ccccc1CNc1nc(Cl)cc2c1cnn2C1CCCCO1)S(C)(=O)=O,SNAR,71f67e3e63bf63b2,CN(c1ccccc1CN)S(C)(=O)=O.Clc1cc2c(cnn2[C@H]2CCCCO2)c(Cl)n1>>CN(c1ccccc1CNc1nc(Cl)cc2c1cnn2C1CCCCO1)S(C)(=O)=O,109,102,0,True,420,460,2,442,112,train,train,True
SMILES:CNCc1c(Br)c(C)nn1C.SMILES:C[C@@H](Oc1nc(Br)cnc1N)c1cc(F)ccc1I>>SMILES:Cc1nn(C)c(CN(C)C(=O)c2ccc(F)cc2C(C)Oc2nc(Br)cnc2N)c1Br,CARBONYLATION,4f820c9c00a7ffdc,CNCc1c(Br)c(C)nn1C.C[C@@H](Oc1nc(Br)cnc1N)c1cc(F)ccc1I>>Cc1nn(C)c(CN(C)C(=O)c2ccc(F)cc2C(C)Oc2nc(Br)cnc2N)c1Br,110,101,0,True,3,3,2,420,109,test,valid,True
SMILES:COc1ccc(C2=C(C)c3ccc(OC)cc3O[C@@H]2c2ccc(OCc3ccccc3)cc2)cc1>>SMILES:COc1ccc(C2=C(C)c3ccc(OC)cc3OC2c2ccc(O)cc2)cc1,HYDROGENATION,5ff907458eb886f6,COc1ccc(C2=C(C)c3ccc(OC)cc3O[C@@H]2c2ccc(OCc3ccccc3)cc2)cc1>>COc1ccc(C2=C(C)c3ccc(OC)cc3OC2c2ccc(O)cc2)cc1,106,101,0,True,192,384,1,408,109,train,test,True
SMILES:C[C@@H](O)c1cc(F)ccc1OCCCCc1cnn(C)c1-c1cnc(N)c(OS(C)(=O)=O)c1>>SMILES:CC1Oc2cc(cnc2N)-c2c(cnn2C)CCCCOc2ccc(F)cc21,ALKYLATION,39ba948f5c2a52c3,C[C@@H](O)c1cc(F)ccc1OCCCCc1cnn(C)c1-c1cnc(N)c(OS(C)(=O)=O)c1>>CC1Oc2cc(cnc2N)-c2c(cnn2C)CCCCOc2ccc(F)cc21,106,101,0,True,18,18,1,413,109,train,train,True
SMILES:Cn1ccc([C@@H]2CCCN2Cc2ccc(Oc3ccc(C(N)=O)c(O)c3)cc2)n1>>SMILES:Cn1ccc([C@@H]2CCCN2Cc2ccc(Oc3cc(O)c(C(N)=O)c(O)c3)cc2)n1,BIOMIMETIC OXIDATION,d7045c8ff0486907,Cn1ccc([C@@H]2CCCN2Cc2ccc(Oc3ccc(C(N)=O)c(O)c3)cc2)n1>>Cn1ccc([C@@H]2CCCN2Cc2ccc(Oc3cc(O)c(C(N)=O)c(O)c3)cc2)n1,111,101,0,True,48,48,1,424,105,train,valid,True
SMILES:CCOC(=O)c1nc2cccnn2c1Br.SMILES:Cc1cc(C#N)c(F)cc1B1OC(C)(C)C(C)(C)O1>>SMILES:Cc1cc(C#N)c(F)cc1-c1c(C(=O)O)nc2cccnn12,SUZUKI,6e288dcdbbc18e67,CCOC(=O)c1nc2cccnn2c1Br.Cc1cc(C#N)c(F)cc1B1OC(C)(C)C(C)(C)O1>>Cc1cc(C#N)c(F)cc1-c1c(C(=O)O)nc2cccnn12,101,100,0,True,41,41,2,325,107,valid,train,True
SMILES:BrCc1ccc(-c2cscn2)cc1.SMILES:CCOC(=O)c1cc(B2OC(C)(C)C(C)(C)O2)c(C)cn1>>SMILES:Cc1cnc(C(=O)O)cc1Cc1ccc(-c2cscn2)cc1,SUZUKI,4fe73cc35d19e30f,BrCc1ccc(-c2cscn2)cc1.CCOC(=O)c1cc(B2OC(C)(C)C(C)(C)O2)c(C)cn1>>Cc1cnc(C(=O)O)cc1Cc1ccc(-c2cscn2)cc1,100,99,0,True,192,192,2,327,99,test,train,True
SMILES:CC(C)(C)OC(=O)N1CC=C(B2OC(C)(C)C(C)(C)O2)CC1.SMILES:Clc1ncc(Br)c(Cl)n1>>SMILES:CC(C)(C)OC(=O)N1CC=C(c2nc(Cl)ncc2Br)CC1,SUZUKI,86753da763d705a8,CC(C)(C)OC(=O)N1CC=C(B2OC(C)(C)C(C)(C)O2)CC1.Clc1ncc(Br)c(Cl)n1>>CC(C)(C)OC(=O)N1CC=C(c2nc(Cl)ncc2Br)CC1,104,99,0,True,5,5,1,326,101,train,train,True
SMILES:CCn1cc(CNC(=O)c2ccc(F)cc2[C@@H](C)Oc2cc(Br)cnc2N)nn1.SMILES:[Cu][I]>>SMILES:CCn1nnc2c1-c1cnc(N)c(c1)O[C@H](C)c1cc(F)ccc1C(=O)NC2,CH ACTIVATION,6e4ecacdac565a02,CCn1cc(CNC(=O)c2ccc(F)cc2[C@@H](C)Oc2cc(Br)cnc2N)nn1.[Cu][I]>>CCn1nnc2c1-c1cnc(N)c(c1)O[C@H](C)c1cc(F)ccc1C(=O)NC2,114,99,0,True,24,24,2,409,106,train,train,True
SMILES:O=C(OCC(F)F)N1CC[C@](CO)(Nc2nc(N3CCOCC3)nc(Cl)c2F)C1>>SMILES:O=C(OCC(F)F)N1CC[C@](CO)(Nc2nc(N3CCOCC3)nc(Cl)c2F)C1,SOLID FORM,4f53cda18c2baa0c,O=C(OCC(F)F)N1CC[C@](CO)(Nc2nc(N3CCOCC3)nc(Cl)c2F)C1>>O=C(OCC(F)F)N1CC[C@](CO)(Nc2nc(N3CCOCC3)nc(Cl)c2F)C1,106,98,0,True,4,36,1,422,102,train,train,True
SMILES:CC(C)(C)OC(=O)N1CCC(COc2cc(Br)cnc2N)CC1.SMILES:Cn1ccnc1>>SMILES:Cn1ccnc1-c1cnc(N)c(OCC2CCN(C(=O)OC(C)(C)C)CC2)c1,CH ACTIVATION,64afff1f12511372,CC(C)(C)OC(=O)N1CCC(COc2cc(Br)cnc2N)CC1.Cn1ccnc1>>Cn1ccnc1-c1cnc(N)c(OCC2CCN(C(=O)OC(C)(C)C)CC2)c1,98,97,0,True,184,184,2,414,100,valid,train,True
SMILES:CB1OC(c2ccccc2)(c2ccccc2)[C@H]2CCCN12.SMILES:CS(=O)(=O)N1CCC(=O)[C@@H](O)C1.SMILES:NCc1ccccc1>>SMILES:CS(=O)(=O)N1CC[C@@H](N)[C@@H](O)C1,AMINATION,b9e38b1e4af4da83,CB1OC(c2ccccc2)(c2ccccc2)[C@H]2CCCN12.CS(=O)(=O)N1CCC(=O)[C@@H](O)C1.NCc1ccccc1>>CS(=O)(=O)N1CC[C@@H](N)[C@@H](O)C1,115,96,0,True,2,2,2,232,98,train,train,True
SMILES:CC1(C)OB(B2OC(C)(C)C(C)(C)O2)OC1(C)C.SMILES:COC(=O)c1ccnc(Cl)c1>>SMILES:COC(=O)c1cc(Cl)nc(B2OC(C)(C)C(C)(C)O2)c1,PD BORYLATION,e825564a4d92e26a,CC1(C)OB(B2OC(C)(C)C(C)(C)O2)OC1(C)C.COC(=O)c1ccnc(Cl)c1>>COC(=O)c1cc(Cl)nc(B2OC(C)(C)C(C)(C)O2)c1,98,96,0,True,115,116,2,307,98,train,train,True
SMILES:CC[C@H]1CN2CC[C@H]1C[C@H]2[C@H](O)c1ccnc2ccc(OC)cc12.SMILES:O=C(OO)c1cccc(Cl)c1>>SMILES:CC[C@H]1CN2CC[C@H]1C[C@H]2[C@H](O)c1cc(O)nc2ccc(OC)cc12,BIOMIMETIC OXIDATION,e8e688b4c0a19b22,CC[C@H]1CN2CC[C@H]1C[C@H]2[C@H](O)c1ccnc2ccc(OC)cc12.O=C(OO)c1cccc(Cl)c1>>CC[C@H]1CN2CC[C@H]1C[C@H]2[C@H](O)c1cc(O)nc2ccc(OC)cc12,129,96,0,True,20,20,2,404,108,train,train,True
SMILES:CCn1cc(CNC(=O)c2ccc(F)cc2[C@@H](C)Oc2cc(Br)cnc2N)nn1>>SMILES:CCn1nnc2c1-c1cnc(N)c(c1)O[C@H](C)c1cc(F)ccc1C(=O)NC2,CH ACTIVATION,d1ab86d00ab46002,CCn1cc(CNC(=O)c2ccc(F)cc2[C@@H](C)Oc2cc(Br)cnc2N)nn1>>CCn1nnc2c1-c1cnc(N)c(c1)O[C@H](C)c1cc(F)ccc1C(=O)NC2,106,96,0,True,24,24,1,403,103,train,train,True
SMILES:CS(=O)(=O)N1CCC(=O)[C@@H](O)C1.SMILES:C[C@@H]1[C@@H]([B-]2[C@H]3CCC[C@@H]2CCC3)C[C@H]2C[C@@H]1C2(C)C.[Li+].SMILES:NCc1ccccc1>>SMILES:CS(=O)(=O)N1CC[C@@H](N)[C@@H](O)C1,AMINATION,51fa59ddb3b1e588,CS(=O)(=O)N1CCC(=O)[C@@H](O)C1.C[C@@H]1[C@@H]([B-]2[C@H]3CCC[C@@H]2CCC3)C[C@H]2C[C@@H]1C2(C)C.[Li+].NCc1ccccc1>>CS(=O)(=O)N1CC[C@@H](N)[C@@H](O)C1,146,96,0,True,2,2,1,264,100,train,test,True
SMILES:CS(=O)(=O)N1CCC(=O)[C@@H](O)C1.SMILES:C[C@@H]1[C@H]2C[C@@H](C[C@H]1[B-]1[C@H]3CCC[C@@H]1CCC3)C2(C)C.[Li+].SMILES:NCc1ccccc1>>SMILES:CS(=O)(=O)N1CC[C@@H](N)[C@@H](O)C1,AMINATION,51fa59ddb3b1e588,CS(=O)(=O)N1CCC(=O)[C@@H](O)C1.C[C@@H]1[C@H]2C[C@@H](C[C@H]1[B-]1[C@H]3CCC[C@@H]1CCC3)C2(C)C.[Li+].NCc1ccccc1>>CS(=O)(=O)N1CC[C@@H](N)[C@@H](O)C1,145,96,0,True,2,2,2,264,100,train,test,True
SMILES:Cc1cnc(C(=O)N[C@H]2CCOC[C@@H]2O)cc1Cc1ccc(-c2cscn2)cc1>>SMILES:Cc1cnc(C(=O)N[C@H]2CCOC[C@@H]2O)cc1C(=O)c1ccc(-c2cscn2)cc1,BIOMIMETIC OXIDATION,3627d3e870b049ac,Cc1cnc(C(=O)N[C@H]2CCOC[C@@H]2O)cc1Cc1ccc(-c2cscn2)cc1>>Cc1cnc(C(=O)N[C@H]2CCOC[C@@H]2O)cc1C(=O)c1ccc(-c2cscn2)cc1,114,96,0,True,120,120,1,424,102,valid,train,True
SMILES:CC(C)(C)[O][Al-]([O]C(C)(C)C)[O]C(C)(C)C.[Li+].SMILES:CS(=O)(=O)N1CCC(=O)[C@@H](O)C1.SMILES:NCc1ccccc1>>SMILES:CS(=O)(=O)N1CC[C@@H](N)[C@@H](O)C1,AMINATION,43906f1b0989451a,CC(C)(C)[O][Al-]([O]C(C)(C)C)[O]C(C)(C)C.[Li+].CS(=O)(=O)N1CCC(=O)[C@@H](O)C1.NCc1ccccc1>>CS(=O)(=O)N1CC[C@@H](N)[C@@H](O)C1,124,95,0,True,2,2,1,234,95,train,train,True
SMILES:CC(C)(OO)c1ccccc1.SMILES:CC[C@H]1CN2CC[C@H]1C[C@H]2[C@H](O)c1ccnc2ccc(OC)cc12>>SMILES:CC[C@H]1CN2CC[C@H]1C[C@H]2[C@H](O)c1cc(O)nc2ccc(OC)cc12,BIOMIMETIC OXIDATION,d3bee725a430efff,CC(C)(OO)c1ccccc1.CC[C@H]1CN2CC[C@H]1C[C@H]2[C@H](O)c1ccnc2ccc(OC)cc12>>CC[C@H]1CN2CC[C@H]1C[C@H]2[C@H](O)c1cc(O)nc2ccc(OC)cc12,127,95,0,True,40,40,2,402,107,train,train,True
SMILES:CC(C)C(C)[B-](C(C)C(C)C)C(C)C(C)C.[K+].SMILES:CS(=O)(=O)N1CCC(=O)[C@@H](O)C1.SMILES:NCc1ccccc1>>SMILES:CS(=O)(=O)N1CC[C@@H](N)[C@@H](O)C1,AMINATION,ec459ef1874fe133,CC(C)C(C)[B-](C(C)C(C)C)C(C)C(C)C.[K+].CS(=O)(=O)N1CCC(=O)[C@@H](O)C1.NCc1ccccc1>>CS(=O)(=O)N1CC[C@@H](N)[C@@H](O)C1,116,95,0,True,2,2,1,232,95,train,train,True
SMILES:CC1(C)OB(C2=CC(=O)CC2)OC1(C)C.SMILES:O=C(Cc1ccccn1)Nc1ccc(Br)nn1>>SMILES:O=C1C=C(c2ccc(NC(=O)Cc3ccccn3)nn2)CC1,SUZUKI,fca25cdb73a359ca,CC1(C)OB(C2=CC(=O)CC2)OC1(C)C.O=C(Cc1ccccn1)Nc1ccc(Br)nn1>>O=C1C=C(c2ccc(NC(=O)Cc3ccccn3)nn2)CC1,96,95,0,True,135,143,2,328,97,valid,train,True
SMILES:COB([C@H]1C[C@@H]2C[C@H]([C@@H]1C)C2(C)C)[C@H]1C[C@@H]2C[C@H]([C@@H]1C)C2(C)C.SMILES:CS(=O)(=O)N1CCC(=O)[C@@H](O)C1.SMILES:N>>SMILES:CS(=O)(=O)N1CC[C@@H](N)[C@@H](O)C1,AMINATION,36c44d2358caafc2,COB([C@H]1C[C@@H]2C[C@H]([C@@H]1C)C2(C)C)[C@H]1C[C@@H]2C[C@H]([C@@H]1C)C2(C)C.CS(=O)(=O)N1CCC(=O)[C@@H](O)C1.N>>CS(=O)(=O)N1CC[C@@H](N)[C@@H](O)C1,146,95,0,True,2,2,1,271,103,valid,valid,True
SMILES:Brc1ccc2ncccc2c1.SMILES:CC(C)(C)OC(=O)NNC(=O)OC(C)(C)C>>SMILES:CC(C)(C)OC(=O)NN(C(=O)OC(C)(C)C)c1ccc2ncccc2c1,BUCHWALD,b46ba2650a31178f,Brc1ccc2ncccc2c1.CC(C)(C)OC(=O)NNC(=O)OC(C)(C)C>>CC(C)(C)OC(=O)NN(C(=O)OC(C)(C)C)c1ccc2ncccc2c1,95,94,0,True,283,432,2,380,98,test,valid,True
SMILES:Brc1ccc2ncccc2c1.SMILES:O=C1NCc2c(OCCCCN3CCNCC3)cccc21>>SMILES:O=C1NCc2c(OCCCCN3CCN(c4ccc5ncccc5c4)CC3)cccc21,BUCHWALD,4867e7083ad32a2e,Brc1ccc2ncccc2c1.O=C1NCc2c(OCCCCN3CCNCC3)cccc21>>O=C1NCc2c(OCCCCN3CCN(c4ccc5ncccc5c4)CC3)cccc21,95,94,0,True,192,192,2,448,98,valid,train,True
SMILES:CC(C)(C)OC(=O)N1CCc2cc(Br)cc(OCc3ccccc3)c2C1.SMILES:[C-]#[O+]>>SMILES:CC(C)(C)OC(=O)N1CCc2cc(C=O)cc(OCc3ccccc3)c2C1,CARBONYLATION,cb466ba346dc5387,CC(C)(C)OC(=O)N1CCc2cc(Br)cc(OCc3ccccc3)c2C1.[C-]#[O+]>>CC(C)(C)OC(=O)N1CCc2cc(C=O)cc(OCc3ccccc3)c2C1,101,94,0,True,24,24,2,396,98,train,train,True
SMILES:CS(=O)(=O)N1CCC(=O)[C@@H](O)C1.SMILES:C[C@@H]1[C@@H](B2[C@H]3CCC[C@@H]2CCC3)C[C@H]2C[C@@H]1C2(C)C.SMILES:NCc1ccccc1>>SMILES:CS(=O)(=O)N1CC[C@@H](N)[C@@H](O)C1,AMINATION,51fa59ddb3b1e588,CS(=O)(=O)N1CCC(=O)[C@@H](O)C1.C[C@@H]1[C@@H](B2[C@H]3CCC[C@@H]2CCC3)C[C@H]2C[C@@H]1C2(C)C.NCc1ccccc1>>CS(=O)(=O)N1CC[C@@H](N)[C@@H](O)C1,137,94,0,True,2,2,2,254,98,test,test,True
SMILES:CS(=O)(=O)N1CCC(=O)[C@@H](O)C1.SMILES:C[C@@H]1[C@H]2C[C@@H](C[C@H]1B(Cl)[C@@H]1C[C@@H]3C[C@H]([C@H]1C)C3(C)C)C2(C)C.SMILES:N>>SMILES:CS(=O)(=O)N1CC[C@@H](N)[C@@H](O)C1,AMINATION,294d9e40cce9d4c5,CS(=O)(=O)N1CCC(=O)[C@@H](O)C1.C[C@@H]1[C@H]2C[C@@H](C[C@H]1B(Cl)[C@@H]1C[C@@H]3C[C@H]([C@H]1C)C3(C)C)C2(C)C.N>>CS(=O)(=O)N1CC[C@@H](N)[C@@H](O)C1,146,94,0,True,2,2,2,266,100,train,test,True
SMILES:OB(O)c1cccc(C(F)(F)F)c1.SMILES:OCc1cc(-c2cc(Cl)ccc2O)ccn1>>SMILES:OCc1cc(-c2cc(-c3cccc(C(F)(F)F)c3)ccc2O)ccn1,SUZUKI,31dff9ce6591b8ea,OB(O)c1cccc(C(F)(F)F)c1.OCc1cc(-c2cc(Cl)ccc2O)ccn1>>OCc1cc(-c2cc(-c3cccc(C(F)(F)F)c3)ccc2O)ccn1,95,94,0,True,96,288,2,356,95,train,train,True
SMILES:CC1(C)OBOC1(C)C.SMILES:N#Cc1ccccc1-c1ccnn1[C@@H]1CCCCO1>>SMILES:CC1(C)OB(c2cc(-c3ccccc3C#N)n(C3CCCCO3)n2)OC1(C)C,PD BORYLATION,719983e9b56341ec,CC1(C)OBOC1(C)C.N#Cc1ccccc1-c1ccnn1[C@@H]1CCCCO1>>CC1(C)OB(c2cc(-c3ccccc3C#N)n(C3CCCCO3)n2)OC1(C)C,98,93,0,True,64,64,2,409,101,test,train,True
SMILES:CC1(C)OB(c2cnc(N)nc2)OC1(C)C.SMILES:ClCCc1c(Cl)nc(N2CCOCC2)nc1Cl>>SMILES:Nc1ncc(-c2nc(N3CCOCC3)nc(Cl)c2CCCl)cn1,SUZUKI,3539718774ae72e4,CC1(C)OB(c2cnc(N)nc2)OC1(C)C.ClCCc1c(Cl)nc(N2CCOCC2)nc1Cl>>Nc1ncc(-c2nc(N3CCOCC3)nc(Cl)c2CCCl)cn1,97,92,0,True,164,164,2,344,95,train,test,True
SMILES:CC(=O)O[B-](OC(C)=O)OC(C)=O.[Na+].SMILES:CS(=O)(=O)N1CCC(=O)[C@@H](O)C1.SMILES:NCc1ccccc1>>SMILES:CS(=O)(=O)N1CC[C@@H](N)[C@@H](O)C1,AMINATION,09bf11f238dad1c2,CC(=O)O[B-](OC(C)=O)OC(C)=O.[Na+].CS(=O)(=O)N1CCC(=O)[C@@H](O)C1.NCc1ccccc1>>CS(=O)(=O)N1CC[C@@H](N)[C@@H](O)C1,111,89,0,True,2,4,2,227,89,train,valid,True
SMILES:CC(C)(C)OC(=O)N1CC[C@@H](N)C1.SMILES:N#Cc1cccc2nc(Br)ccc12>>SMILES:CC(C)(C)OC(=O)N1CC[C@@H](Nc2ccc(N3CCOCC3)nc2)C1,BUCHWALD,fc63e35985f4c1b2,CC(C)(C)OC(=O)N1CC[C@@H](N)C1.N#Cc1cccc2nc(Br)ccc12>>CC(C)(C)OC(=O)N1CC[C@@H](Nc2ccc(N3CCOCC3)nc2)C1,100,89,0,True,36,72,2,358,89,train,train,True
SMILES:CCCC[N+](CCCC)(CCCC)CCCC.[BH2-]C#N.SMILES:CS(=O)(=O)N1CCC(=O)[C@@H](O)C1.SMILES:NCc1ccccc1>>SMILES:CS(=O)(=O)N1CC[C@@H](N)[C@@H](O)C1,AMINATION,6a0d10a5c32f434f,CCCC[N+](CCCC)(CCCC)CCCC.[BH2-]C#N.CS(=O)(=O)N1CCC(=O)[C@@H](O)C1.NCc1ccccc1>>CS(=O)(=O)N1CC[C@@H](N)[C@@H](O)C1,112,89,0,True,2,2,1,227,89,test,train,True
SMILES:CC[C@H]1CN2CC[C@H]1C[C@H]2[C@H](O)c1ccnc2ccc(OC)cc12.SMILES:O=Ic1ccccc1>>SMILES:CC[C@H]1CN2CC[C@H]1C[C@H]2[C@H](O)c1cc(O)nc2ccc(OC)cc12,BIOMIMETIC OXIDATION,478de110b5ec6233,CC[C@H]1CN2CC[C@H]1C[C@H]2[C@H](O)c1ccnc2ccc(OC)cc12.O=Ic1ccccc1>>CC[C@H]1CN2CC[C@H]1C[C@H]2[C@H](O)c1cc(O)nc2ccc(OC)cc12,121,89,0,True,20,20,2,395,101,train,valid,True
SMILES:Brc1ccc(N2CCOCC2)nc1.SMILES:CC(C)(C)OC(=O)N1CC[C@@H](N)C1>>SMILES:CC(C)(C)OC(=O)N1CC[C@@H](Nc2ccc(N3CCOCC3)nc2)C1,BUCHWALD,2051bdb8cf7ab31f,Brc1ccc(N2CCOCC2)nc1.CC(C)(C)OC(=O)N1CC[C@@H](N)C1>>CC(C)(C)OC(=O)N1CC[C@@H](Nc2ccc(N3CCOCC3)nc2)C1,99,88,0,True,60,60,2,374,88,train,train,True
SMILES:CC(C)(C)OC(=O)N1CCC[C@@H](N)C1.SMILES:Clc1cccnc1Br.SMILES:NNC(=O)c1sccc1N>>SMILES:CC(C)(C)OC(=O)N1CCC[C@@H](Nc2ncccc2Cl)C1,BUCHWALD,cec5e2a5b3178899,CC(C)(C)OC(=O)N1CCC[C@@H](N)C1.Clc1cccnc1Br.NNC(=O)c1sccc1N>>CC(C)(C)OC(=O)N1CCC[C@@H](Nc2ncccc2Cl)C1,101,88,0,True,26,26,2,330,94,test,train,True
SMILES:CC(C)(C)OC(=O)NNC(=O)OC(C)(C)C.SMILES:Cc1ccnc(Br)c1>>SMILES:Cc1ccnc(N(NC(=O)OC(C)(C)C)C(=O)OC(C)(C)C)c1,BUCHWALD,af3b1f5de74aea7e,CC(C)(C)OC(=O)NNC(=O)OC(C)(C)C.Cc1ccnc(Br)c1>>Cc1ccnc(N(NC(=O)OC(C)(C)C)C(=O)OC(C)(C)C)c1,89,88,0,True,60,120,2,338,88,valid,train,True
SMILES:CC1(C)OB(B2OC(C)(C)C(C)(C)O2)OC1(C)C.SMILES:Cc1nc2ccccc2o1>>SMILES:Cc1nc2cccc(B3OC(C)(C)C(C)(C)O3)c2o1,PD BORYLATION,c14917a1062b1b08,CC1(C)OB(B2OC(C)(C)C(C)(C)O2)OC1(C)C.Cc1nc2ccccc2o1>>Cc1nc2cccc(B3OC(C)(C)C(C)(C)O3)c2o1,88,88,0,True,63,63,2,291,92,train,test,True
SMILES:CB1OC(c2ccccc2)(c2ccccc2)[C@H]2CCCN12.SMILES:CS(=O)(=O)N1CCC(=O)[C@@H](O)C1.SMILES:N>>SMILES:CS(=O)(=O)N1CC[C@@H](N)[C@@H](O)C1,AMINATION,91699b4499ba84e3,CB1OC(c2ccccc2)(c2ccccc2)[C@H]2CCCN12.CS(=O)(=O)N1CCC(=O)[C@@H](O)C1.N>>CS(=O)(=O)N1CC[C@@H](N)[C@@H](O)C1,106,87,0,True,2,2,2,223,89,train,valid,True
SMILES:COC(=O)c1ccc(F)cc1[C@@H](C)CB1OC(C)(C)C(C)(C)O1.SMILES:Nc1ncccc1Br>>SMILES:COC(=O)c1ccc(F)cc1C(C)Cc1cccnc1N,SUZUKI,f94c7dab3a060e0b,COC(=O)c1ccc(F)cc1[C@@H](C)CB1OC(C)(C)C(C)(C)O1.Nc1ncccc1Br>>COC(=O)c1ccc(F)cc1C(C)Cc1cccnc1N,93,87,0,True,6,6,2,318,95,train,valid,True
SMILES:CS(=O)(=O)N1CCC(=O)[C@@H](O)C1.SMILES:C[C@@H]1[C@@H]([B-]2[C@H]3CCC[C@@H]2CCC3)C[C@H]2C[C@@H]1C2(C)C.[Li+].SMILES:N>>SMILES:CS(=O)(=O)N1CC[C@@H](N)[C@@H](O)C1,AMINATION,0e30ee84ab72415b,CS(=O)(=O)N1CCC(=O)[C@@H](O)C1.C[C@@H]1[C@@H]([B-]2[C@H]3CCC[C@@H]2CCC3)C[C@H]2C[C@@H]1C2(C)C.[Li+].N>>CS(=O)(=O)N1CC[C@@H](N)[C@@H](O)C1,137,87,0,True,2,2,1,255,91,train,train,True
SMILES:CS(=O)(=O)N1CCC(=O)[C@@H](O)C1.SMILES:C[C@@H]1[C@H]2C[C@@H](C[C@H]1[B-]1[C@H]3CCC[C@@H]1CCC3)C2(C)C.[Li+].SMILES:N>>SMILES:CS(=O)(=O)N1CC[C@@H](N)[C@@H](O)C1,AMINATION,0e30ee84ab72415b,CS(=O)(=O)N1CCC(=O)[C@@H](O)C1.C[C@@H]1[C@H]2C[C@@H](C[C@H]1[B-]1[C@H]3CCC[C@@H]1CCC3)C2(C)C.[Li+].N>>CS(=O)(=O)N1CC[C@@H](N)[C@@H](O)C1,136,87,0,True,2,2,1,255,91,train,train,True
SMILES:Cc1ncnc2[nH]ccc12.SMILES:Cc1sc2nc(NCc3ccccc3)cnc2c1I>>SMILES:Cc1sc2nc(NCc3ccccc3)cnc2c1-n1ccc2c(Cl)ncnc21,BUCHWALD,1f17ea1a8feff8fa,Cc1ncnc2[nH]ccc12.Cc1sc2nc(NCc3ccccc3)cnc2c1I>>Cc1sc2nc(NCc3ccccc3)cnc2c1-n1ccc2c(Cl)ncnc21,91,87,0,True,144,150,2,378,96,train,train,True
SMILES:CC(C)(C)OC(=O)N1CCC(=O)CC1.SMILES:COc1ccnc2[nH]ccc12>>SMILES:COc1ccnc2[nH]cc(C3=CCN(C(=O)OC(C)(C)C)CC3)c12,ALKYLATION,6038d664cdb9a1ba,CC(C)(C)OC(=O)N1CCC(=O)CC1.COc1ccnc2[nH]ccc12>>COc1ccnc2[nH]cc(C3=CCN(C(=O)OC(C)(C)C)CC3)c12,92,86,0,True,334,502,2,354,92,train,train,True
SMILES:CC(C)(C)[O][Al-]([O]C(C)(C)C)[O]C(C)(C)C.[Li+].SMILES:CS(=O)(=O)N1CCC(=O)[C@@H](O)C1.SMILES:N>>SMILES:CS(=O)(=O)N1CC[C@@H](N)[C@@H](O)C1,AMINATION,f2f2017a1d9091cb,CC(C)(C)[O][Al-]([O]C(C)(C)C)[O]C(C)(C)C.[Li+].CS(=O)(=O)N1CCC(=O)[C@@H](O)C1.N>>CS(=O)(=O)N1CC[C@@H](N)[C@@H](O)C1,115,86,0,True,2,2,1,225,86,train,train,True
SMILES:CC(C)C(C)[B-](C(C)C(C)C)C(C)C(C)C.[K+].SMILES:CS(=O)(=O)N1CCC(=O)[C@@H](O)C1.SMILES:N>>SMILES:CS(=O)(=O)N1CC[C@@H](N)[C@@H](O)C1,AMINATION,f3ec35ba78d75d2d,CC(C)C(C)[B-](C(C)C(C)C)C(C)C(C)C.[K+].CS(=O)(=O)N1CCC(=O)[C@@H](O)C1.N>>CS(=O)(=O)N1CC[C@@H](N)[C@@H](O)C1,107,86,0,True,2,2,1,223,86,train,train,True
SMILES:CC1(C)OB(c2cnc(N)nc2)OC1(C)C.SMILES:Clc1cc(Cl)nc(N2CCOCC2)n1>>SMILES:Nc1ncc(-c2cc(Cl)nc(N3CCOCC3)n2)cn1,SUZUKI,b17225119d3954ca,CC1(C)OB(c2cnc(N)nc2)OC1(C)C.Clc1cc(Cl)nc(N2CCOCC2)n1>>Nc1ncc(-c2cc(Cl)nc(N3CCOCC3)n2)cn1,89,86,0,True,26,89,2,298,87,train,test,True
SMILES:CCC(C)[B-](C(C)CC)C(C)CC.[Na+].SMILES:CS(=O)(=O)N1CCC(=O)[C@@H](O)C1.SMILES:NCc1ccccc1>>SMILES:CS(=O)(=O)N1CC[C@@H](N)[C@@H](O)C1,AMINATION,b3d1a60c32fe15ec,CCC(C)[B-](C(C)CC)C(C)CC.[Na+].CS(=O)(=O)N1CCC(=O)[C@@H](O)C1.NCc1ccccc1>>CS(=O)(=O)N1CC[C@@H](N)[C@@H](O)C1,108,86,0,True,2,2,1,224,86,train,test,True
SMILES:CCCC[N+](CCCC)(CCCC)CCCC.[BH3-].SMILES:CS(=O)(=O)N1CCC(=O)[C@@H](O)C1.SMILES:NCc1ccccc1>>SMILES:CS(=O)(=O)N1CC[C@@H](N)[C@@H](O)C1,AMINATION,e71da9d2b243054e,CCCC[N+](CCCC)(CCCC)CCCC.[BH3-].CS(=O)(=O)N1CCC(=O)[C@@H](O)C1.NCc1ccccc1>>CS(=O)(=O)N1CC[C@@H](N)[C@@H](O)C1,109,86,0,True,2,2,1,224,86,train,test,True
SMILES:C[C@]1(c2ccc(Cl)nc2O)CCCNC1=O.SMILES:OB(O)c1cnc2ccccc2c1>>SMILES:C[C@]1(c2ccc(-c3cnc4ccccc4c3)nc2O)CCCNC1=O,SUZUKI,7804a5ac448ca149,C[C@]1(c2ccc(Cl)nc2O)CCCNC1=O.OB(O)c1cnc2ccccc2c1>>C[C@]1(c2ccc(-c3cnc4ccccc4c3)nc2O)CCCNC1=O,93,86,0,True,88,96,2,370,97,train,test,True
SMILES:CC(C)(C)OC(=O)NCCCn1c(I)cc(=O)[nH]c1=S>>SMILES:COc1ccc(F)cc1-c1cc(=O)[nH]c(=S)n1CCCNC(=O)OC(C)(C)C,SUZUKI,87ca64a4bac65544,CC(C)(C)OC(=O)NCCCn1c(I)cc(=O)[nH]c1=S>>COc1ccc(F)cc1-c1cc(=O)[nH]c(=S)n1CCCNC(=O)OC(C)(C)C,91,85,0,True,6,6,1,292,90,test,train,True
SMILES:CS(=O)(=O)N1CCC(=O)[C@@H](O)C1.SMILES:C[C@@H]1[C@@H](B2[C@H]3CCC[C@@H]2CCC3)C[C@H]2C[C@@H]1C2(C)C.SMILES:N>>SMILES:CS(=O)(=O)N1CC[C@@H](N)[C@@H](O)C1,AMINATION,0e30ee84ab72415b,CS(=O)(=O)N1CCC(=O)[C@@H](O)C1.C[C@@H]1[C@@H](B2[C@H]3CCC[C@@H]2CCC3)C[C@H]2C[C@@H]1C2(C)C.N>>CS(=O)(=O)N1CC[C@@H](N)[C@@H](O)C1,128,85,0,True,2,2,1,245,89,train,train,True
SMILES:CS(=O)(=O)N1CCC(=O)[C@@H](O)C1.SMILES:C[C@@H]1[C@H]2C[C@@H](C[C@H]1B1[C@H]3CCC[C@@H]1CCC3)C2(C)C.SMILES:N>>SMILES:CS(=O)(=O)N1CC[C@@H](N)[C@@H](O)C1,AMINATION,0e30ee84ab72415b,CS(=O)(=O)N1CCC(=O)[C@@H](O)C1.C[C@@H]1[C@H]2C[C@@H](C[C@H]1B1[C@H]3CCC[C@@H]1CCC3)C2(C)C.N>>CS(=O)(=O)N1CC[C@@H](N)[C@@H](O)C1,127,85,0,True,2,2,1,245,89,valid,train,True
SMILES:CC(C)(C)OC(=O)NNC(=O)OC(C)(C)C.SMILES:Fc1cccnc1I>>SMILES:CC(C)(C)OC(=O)NN(C(=O)OC(C)(C)C)c1ncccc1F,BUCHWALD,a3e39c0ccb3a46cd,CC(C)(C)OC(=O)NNC(=O)OC(C)(C)C.Fc1cccnc1I>>CC(C)(C)OC(=O)NN(C(=O)OC(C)(C)C)c1ncccc1F,84,84,0,True,60,120,2,333,88,train,test,True
SMILES:CC(C)(C)c1ccc(Br)cc1.SMILES:[Br][Zn][CH2]Cc1ccccc1.SMILES:[C-]#[N+]C(C)(C)C>>SMILES:CC(C)(C)c1ccc(C(=O)C(=O)CCc2ccccc2)cc1,CARBONYLATION,380c052c301236a6,CC(C)(C)c1ccc(Br)cc1.[Br][Zn][CH2]Cc1ccccc1.[C-]#[N+]C(C)(C)C>>CC(C)(C)c1ccc(C(=O)C(=O)CCc2ccccc2)cc1,101,84,0,True,72,77,2,317,84,train,train,True
SMILES:CC(C)(C)c1ccc(Br)cn1.SMILES:[Br][Zn][CH2]Cc1ccccc1.SMILES:[C-]#[N+]C(C)(C)C>>SMILES:CC(C)(C)c1ccc(C(=O)C(=O)CCc2ccccc2)cn1,CARBONYLATION,3548e62918e60f28,CC(C)(C)c1ccc(Br)cn1.[Br][Zn][CH2]Cc1ccccc1.[C-]#[N+]C(C)(C)C>>CC(C)(C)c1ccc(C(=O)C(=O)CCc2ccccc2)cn1,101,84,0,True,263,268,2,315,84,valid,train,True
SMILES:CC(O)c1cccnc1.SMILES:C[Si]1O[Si](C)O[Si](C)O[Si](C)O[Si](C)O1.SMILES:O=[N+]([O-])c1ccccc1F>>SMILES:CC(Oc1ccccc1[N+](=O)[O-])c1cccnc1,ALKYLATION,c80e09f75d399d34,CC(O)c1cccnc1.C[Si]1O[Si](C)O[Si](C)O[Si](C)O[Si](C)O1.O=[N+]([O-])c1ccccc1F>>CC(Oc1ccccc1[N+](=O)[O-])c1cccnc1,111,84,0,True,29,29,2,297,88,valid,train,True
SMILES:Cc1ccc(-c2cnccn2)cc1.SMILES:F[B-](F)(F)F.F[B-](F)(F)F.F[N+]12CC[N+](CCl)(CC1)CC2>>SMILES:FCc1ccc(-c2cnccn2)cc1,FLUORINATION,2bb948905caf4dc2,Cc1ccc(-c2cnccn2)cc1.F[B-](F)(F)F.F[B-](F)(F)F.F[N+]12CC[N+](CCl)(CC1)CC2>>FCc1ccc(-c2cnccn2)cc1,96,83,0,True,89,89,2,234,81,test,train,True
SMILES:O=C(OCc1ccccc1)N1CCC2(C=C2)CC1.SMILES:OB(O)c1ccccc1>>SMILES:O=C(OCc1ccccc1)N1CCC2(CC1)CC2c1ccccc1,RH COUPLING,1db47366d415154a,O=C(OCc1ccccc1)N1CCC2(C=C2)CC1.OB(O)c1ccccc1>>O=C(OCc1ccccc1)N1CCC2(CC1)CC2c1ccccc1,83,83,0,True,73,74,2,352,85,train,train,True
SMILES:O=C1NC(=O)c2ccccc21.SMILES:c1ccc(CN2CC[C@H]3O[C@H]3C2)cc1>>SMILES:O=C1c2ccccc2C(=O)N1[C@H]1CCN(Cc2ccccc2)C[C@@H]1O,LEWIS ACID,a2a75f0fd863cb7e,O=C1NC(=O)c2ccccc21.c1ccc(CN2CC[C@H]3O[C@H]3C2)cc1>>O=C1c2ccccc2C(=O)N1[C@H]1CCN(Cc2ccccc2)C[C@@H]1O,100,83,0,True,215,217,2,370,91,test,train,True
SMILES:Brc1ccc2ncccc2c1.SMILES:CC(=O)Nc1ccc(N(S(=O)(=O)F)S(=O)(=O)F)cc1>>SMILES:O=S(=O)(O)c1ccc2ncccc2c1,SUZUKI,2826b3be5ab93d0e,Brc1ccc2ncccc2c1.CC(=O)Nc1ccc(N(S(=O)(=O)F)S(=O)(=O)F)cc1>>O=S(=O)(O)c1ccc2ncccc2c1,83,82,0,True,264,278,2,222,86,train,train,True
SMILES:Brc1cncnc1.SMILES:CC(C)(C)OC(=O)NNC(=O)OC(C)(C)C>>SMILES:CC(C)(C)OC(=O)NN(C(=O)OC(C)(C)C)c1cncnc1,BUCHWALD,2618f90ae1816eaa,Brc1cncnc1.CC(C)(C)OC(=O)NNC(=O)OC(C)(C)C>>CC(C)(C)OC(=O)NN(C(=O)OC(C)(C)C)c1cncnc1,83,82,0,True,60,120,2,318,82,train,test,True
SMILES:C=CC.SMILES:CC(C)(C)C(=O)ONC(=O)c1cc(F)ccc1OCc1ccccc1>>SMILES:CC1CNC(=O)c2c(OCc3ccccc3)ccc(F)c21,RH COUPLING,b4a5fbdeb267f5be,C=CC.CC(C)(C)C(=O)ONC(=O)c1cc(F)ccc1OCc1ccccc1>>CC1CNC(=O)c2c(OCc3ccccc3)ccc(F)c21,82,82,0,True,192,192,2,307,84,train,test,True
SMILES:CC(C)(C)OC(=O)N1CCCNCC1.SMILES:CCc1ccn2ccnc2c1Br>>SMILES:CCc1ccn2ccnc2c1N1CCCN(C(=O)OC(C)(C)C)CC1,BUCHWALD,590d3488c595f45c,CC(C)(C)OC(=O)N1CCCNCC1.CCc1ccn2ccnc2c1Br>>CCc1ccn2ccnc2c1N1CCCN(C(=O)OC(C)(C)C)CC1,83,82,0,True,237,360,2,372,90,test,train,True
SMILES:Cc1cc(C)nc(N)n1.SMILES:O=[N+]([O-])c1cc(C(F)(F)F)ccc1Cl>>SMILES:Cc1cc(C)nc(Nc2ccc(C(F)(F)F)cc2[N+](=O)[O-])n1,SNAR,62b6d3183cccbde4,Cc1cc(C)nc(N)n1.O=[N+]([O-])c1cc(C(F)(F)F)ccc1Cl>>Cc1cc(C)nc(Nc2ccc(C(F)(F)F)cc2[N+](=O)[O-])n1,95,82,0,True,12,12,2,312,86,train,train,True
SMILES:Cc1cc(C)nc(N)n1.SMILES:O=[N+]([O-])c1cc(C(F)(F)F)ccc1F>>SMILES:Cc1cc(C)nc(Nc2ccc(C(F)(F)F)cc2[N+](=O)[O-])n1,SNAR,7385d4a4db0d24fd,Cc1cc(C)nc(N)n1.O=[N+]([O-])c1cc(C(F)(F)F)ccc1F>>Cc1cc(C)nc(Nc2ccc(C(F)(F)F)cc2[N+](=O)[O-])n1,94,82,0,True,313,356,2,311,86,train,train,True
SMILES:CC(C)(C)OC(=O)n1ccc2c(F)ccc(OCc3ccccc3)c2c1=O>>SMILES:CC(C)(C)OC(=O)N1CCc2c(F)ccc(O)c2C1,HYDROGENATION,62a270f896e5c44b,CC(C)(C)OC(=O)n1ccc2c(F)ccc(OCc3ccccc3)c2c1=O>>CC(C)(C)OC(=O)N1CCc2c(F)ccc(O)c2C1,81,81,0,True,160,192,1,281,84,train,test,True
SMILES:B.CCN(CC)c1ccccc1.SMILES:CS(=O)(=O)N1CCC(=O)[C@@H](O)C1.SMILES:NCc1ccccc1>>SMILES:CS(=O)(=O)N1CC[C@@H](N)[C@@H](O)C1,AMINATION,6a0944138883ecd6,B.CCN(CC)c1ccccc1.CS(=O)(=O)N1CCC(=O)[C@@H](O)C1.NCc1ccccc1>>CS(=O)(=O)N1CC[C@@H](N)[C@@H](O)C1,95,80,0,True,2,2,1,210,80,train,train,True
SMILES:CC(=O)O[B-](OC(C)=O)OC(C)=O.[Na+].SMILES:CS(=O)(=O)N1CCC(=O)[C@@H](O)C1.SMILES:N>>SMILES:CS(=O)(=O)N1CC[C@@H](N)[C@@H](O)C1,AMINATION,7ef840fb396ec454,CC(=O)O[B-](OC(C)=O)OC(C)=O.[Na+].CS(=O)(=O)N1CCC(=O)[C@@H](O)C1.N>>CS(=O)(=O)N1CC[C@@H](N)[C@@H](O)C1,102,80,0,True,2,3,1,218,80,train,train,True
SMILES:CC(=O)O[B-](OC(C)=O)OC(C)=O.[Na+].SMILES:CS(=O)(=O)N1CCC(=O)[C@@H](O)C1.SMILES:N>>SMILES:CS(=O)(=O)N1CC[C@@H](N)[C@H](O)C1,AMINATION,7ef840fb396ec454,CC(=O)O[B-](OC(C)=O)OC(C)=O.[Na+].CS(=O)(=O)N1CCC(=O)[C@@H](O)C1.N>>CS(=O)(=O)N1CC[C@@H](N)[C@H](O)C1,101,80,0,True,2,5,1,219,80,train,train,True
SMILES:CC1(C)OB(B2OC(C)(C)C(C)(C)O2)OC1(C)C.SMILES:Cn1ccc(N)n1>>SMILES:Cn1nc(N)cc1B1OC(C)(C)C(C)(C)O1,PD BORYLATION,bea46c2cb8730bb2,CC1(C)OB(B2OC(C)(C)C(C)(C)O2)OC1(C)C.Cn1ccc(N)n1>>Cn1nc(N)cc1B1OC(C)(C)C(C)(C)O1,80,80,0,True,58,58,2,253,84,valid,train,True
SMILES:CCCC[N+](CCCC)(CCCC)CCCC.[BH2-]C#N.SMILES:CS(=O)(=O)N1CCC(=O)[C@@H](O)C1.SMILES:N>>SMILES:CS(=O)(=O)N1CC[C@@H](N)[C@@H](O)C1,AMINATION,b964528b4244ab1c,CCCC[N+](CCCC)(CCCC)CCCC.[BH2-]C#N.CS(=O)(=O)N1CCC(=O)[C@@H](O)C1.N>>CS(=O)(=O)N1CC[C@@H](N)[C@@H](O)C1,103,80,0,True,2,2,2,218,80,train,train,True
SMILES:CC[C@H]1CN2CC[C@H]1C[C@H]2[C@H](O)c1ccnc2ccc(OC)cc12.SMILES:OO>>SMILES:CC[C@H]1CN2CC[C@H]1C[C@H]2[C@H](O)c1cc(O)nc2ccc(OC)cc12,BIOMIMETIC OXIDATION,5a71a5f4766dbeb3,CC[C@H]1CN2CC[C@H]1C[C@H]2[C@H](O)c1ccnc2ccc(OC)cc12.OO>>CC[C@H]1CN2CC[C@H]1C[C@H]2[C@H](O)c1cc(O)nc2ccc(OC)cc12,112,80,0,True,20,20,2,387,92,test,train,True
SMILES:CC(C)(C)c1ccc(Br)cn1.SMILES:[Br][Zn][CH2]Cc1ccccc1.SMILES:[C-]#[N+]C(C)(C)C>>SMILES:CC(C)(C)c1ccc(C(=O)CCc2ccccc2)cn1,CARBONYLATION,30d62804704349e8,CC(C)(C)c1ccc(Br)cn1.[Br][Zn][CH2]Cc1ccccc1.[C-]#[N+]C(C)(C)C>>CC(C)(C)c1ccc(C(=O)CCc2ccccc2)cn1,96,79,0,True,432,432,2,298,79,valid,valid,True
SMILES:CC(C)(C)OC(=O)N1CCCC1[B-](F)(F)F.[K+].SMILES:Cc1cc(Br)ccn1>>SMILES:Cc1cc(C2CCCN2C(=O)OC(C)(C)C)ccn1,PHOTOCHEMISTRY,c0fabb232f13944b,CC(C)(C)OC(=O)N1CCCC1[B-](F)(F)F.[K+].Cc1cc(Br)ccn1>>Cc1cc(C2CCCN2C(=O)OC(C)(C)C)ccn1,85,78,0,True,24,28,2,297,82,valid,train,True
SMILES:CC(O)c1cccnc1.SMILES:O=[N+]([O-])c1ccccc1F.SMILES:c1ccc([Si]c2ccccc2)cc1>>SMILES:CC(Oc1ccccc1[N+](=O)[O-])c1cccnc1,ALKYLATION,67a765265e3c4995,CC(O)c1cccnc1.O=[N+]([O-])c1ccccc1F.c1ccc([Si]c2ccccc2)cc1>>CC(Oc1ccccc1[N+](=O)[O-])c1cccnc1,93,78,0,True,31,31,2,276,82,train,valid,True
SMILES:COc1cc(C(=O)OCS(=O)(=O)Cc2ccccc2)cc(OC)c1OC.SMILES:Cc1cncc(Br)c1>>SMILES:Cc1cncc(Cc2ccccc2)c1,PD COUPLING,fc22fe008a7a661a,COc1cc(C(=O)OCS(=O)(=O)Cc2ccccc2)cc(OC)c1OC.Cc1cncc(Br)c1>>Cc1cncc(Cc2ccccc2)c1,79,78,0,True,192,192,2,227,80,valid,valid,True
SMILES:CC(C)[Si](C(C)C)C(C)C.SMILES:CC(O)c1cccnc1.SMILES:O=[N+]([O-])c1ccccc1F>>SMILES:CC(Oc1ccccc1[N+](=O)[O-])c1cccnc1,ALKYLATION,0c0ab82572de9861,CC(C)[Si](C(C)C)C(C)C.CC(O)c1cccnc1.O=[N+]([O-])c1ccccc1F>>CC(Oc1ccccc1[N+](=O)[O-])c1cccnc1,92,77,0,True,32,32,2,274,81,test,train,True
SMILES:CCC(C)[B-](C(C)CC)C(C)CC.[Na+].SMILES:CS(=O)(=O)N1CCC(=O)[C@@H](O)C1.SMILES:N>>SMILES:CS(=O)(=O)N1CC[C@@H](N)[C@@H](O)C1,AMINATION,44575b168faa521c,CCC(C)[B-](C(C)CC)C(C)CC.[Na+].CS(=O)(=O)N1CCC(=O)[C@@H](O)C1.N>>CS(=O)(=O)N1CC[C@@H](N)[C@@H](O)C1,99,77,0,True,2,2,1,215,77,train,train,True
SMILES:CCCC[N+](CCCC)(CCCC)CCCC.[BH3-].SMILES:CS(=O)(=O)N1CCC(=O)[C@@H](O)C1.SMILES:N>>SMILES:CS(=O)(=O)N1CC[C@@H](N)[C@@H](O)C1,AMINATION,d361e3f8c7a6cdde,CCCC[N+](CCCC)(CCCC)CCCC.[BH3-].CS(=O)(=O)N1CCC(=O)[C@@H](O)C1.N>>CS(=O)(=O)N1CC[C@@H](N)[C@@H](O)C1,100,77,0,True,2,2,2,215,77,train,train,True
SMILES:Brc1ccccc1.SMILES:CS(=O)(=O)N1CCN(c2ccccc2)CC1>>SMILES:O=S(=O)(Cc1ccccc1)N1CCN(c2ccccc2)CC1,PD COUPLING,792af404b289f8c9,Brc1ccccc1.CS(=O)(=O)N1CCN(c2ccccc2)CC1>>O=S(=O)(Cc1ccccc1)N1CCN(c2ccccc2)CC1,77,76,0,True,11,12,2,319,76,train,train,True
SMILES:CC(C)(C)OC(=O)N1CCCC1[B-](F)(F)F.[K+].SMILES:Cn1ccc(Br)n1>>SMILES:Cn1ccc(C2CCCN2C(=O)OC(C)(C)C)n1,PHOTOCHEMISTRY,af7b480e5a757ba0,CC(C)(C)OC(=O)N1CCCC1[B-](F)(F)F.[K+].Cn1ccc(Br)n1>>Cn1ccc(C2CCCN2C(=O)OC(C)(C)C)n1,83,76,0,True,48,96,2,283,80,valid,valid,True
SMILES:CC(C)(C)OC(=O)N1CCCC1[B-](F)(F)F.[K+].SMILES:Cn1ccc(I)n1>>SMILES:Cn1ccc(C2CCCN2C(=O)OC(C)(C)C)n1,PHOTOCHEMISTRY,819332e2d4b2dfdd,CC(C)(C)OC(=O)N1CCCC1[B-](F)(F)F.[K+].Cn1ccc(I)n1>>Cn1ccc(C2CCCN2C(=O)OC(C)(C)C)n1,82,76,0,True,48,96,2,282,80,train,train,True
SMILES:CC(C)(C)OC(=O)N1CCC[C@@H](O)C1.SMILES:CCOc1ccccc1I>>SMILES:CCOc1ccccc1O[C@@H]1CCCN(C(=O)OC(C)(C)C)C1,ULLMANN,c90b2b5d563ba07a,CC(C)(C)OC(=O)N1CCC[C@@H](O)C1.CCOc1ccccc1I>>CCOc1ccccc1O[C@@H]1CCCN(C(=O)OC(C)(C)C)C1,86,76,0,True,10,12,2,341,80,train,train,True
SMILES:CC(C)[CH2][Al][CH2]C(C)C.SMILES:CS(=O)(=O)N1CCC(=O)[C@@H](O)C1.SMILES:NCc1ccccc1>>SMILES:CS(=O)(=O)N1CC[C@@H](N)[C@@H](O)C1,AMINATION,5c818331cd9c2157,CC(C)[CH2][Al][CH2]C(C)C.CS(=O)(=O)N1CCC(=O)[C@@H](O)C1.NCc1ccccc1>>CS(=O)(=O)N1CC[C@@H](N)[C@@H](O)C1,102,76,0,True,2,2,1,209,76,test,valid,True
SMILES:COC(=O)[C@@H](Cc1ccc(O)cc1)NC(=O)OC(C)(C)C>>SMILES:COC(=O)[C@@H](CC1CCC(O)CC1)NC(=O)OC(C)(C)C,HYDROGENATION,9f648b12d4c31f40,COC(=O)[C@@H](Cc1ccc(O)cc1)NC(=O)OC(C)(C)C>>COC(=O)[C@@H](CC1CCC(O)CC1)NC(=O)OC(C)(C)C,86,76,0,True,50,50,1,310,76,valid,train,True
SMILES:CC(C)(C)OC(=O)N1CC[C@H]2O[C@H]2C1.SMILES:NCc1ccccc1>>SMILES:CC(C)(C)OC(=O)N1CC[C@@H](NCc2ccccc2)[C@H](O)C1,ALKYLATION,bbcd60df2bbd9154,CC(C)(C)OC(=O)N1CC[C@H]2O[C@H]2C1.NCc1ccccc1>>CC(C)(C)OC(=O)N1CC[C@@H](NCc2ccccc2)[C@H](O)C1,92,75,0,True,268,320,2,331,77,train,train,True
SMILES:CC1(C)OBOC1(C)C.SMILES:COC(=O)c1ccnc(Cl)c1>>SMILES:COC(=O)c1cc(Cl)nc(B2OC(C)(C)C(C)(C)O2)c1,PD BORYLATION,007e2ca745ba2e45,CC1(C)OBOC1(C)C.COC(=O)c1ccnc(Cl)c1>>COC(=O)c1cc(Cl)nc(B2OC(C)(C)C(C)(C)O2)c1,77,75,0,True,58,58,2,287,77,train,train,True
SMILES:CC1CO1.SMILES:Nc1nc2[nH]ccc2c2nc(-c3ccco3)nn12>>SMILES:CC(O)Cn1ccc2c1nc(N)n1nc(-c3ccco3)nc21,ALKYLATION,828c602d9bcc4292,CC1CO1.Nc1nc2[nH]ccc2c2nc(-c3ccco3)nn12>>CC(O)Cn1ccc2c1nc(N)n1nc(-c3ccco3)nc21,78,75,0,True,751,776,2,309,81,train,valid,True
SMILES:CC[Si](CC)CC.SMILES:O=C1NCc2c(Br)cccc21.SMILES:O=CN1C(=O)c2ccccc2S1(=O)=O>>SMILES:O=Cc1cccc2c1CNC2=O,CARBONYLATION,1151f07ae686495f,CC[Si](CC)CC.O=C1NCc2c(Br)cccc21.O=CN1C(=O)c2ccccc2S1(=O)=O>>O=Cc1cccc2c1CNC2=O,79,75,0,True,180,180,2,200,79,test,train,True
SMILES:CO.SMILES:C[C@@H](Oc1cc(Br)cnc1N)c1c(Br)ccc(F)c1Cl>>SMILES:COC(=O)c1ccc(F)c(Cl)c1C(C)Oc1cc(Br)cnc1N,CARBONYLATION,1dfb18a7f5e8a1d0,CO.C[C@@H](Oc1cc(Br)cnc1N)c1c(Br)ccc(F)c1Cl>>COC(=O)c1ccc(F)c(Cl)c1C(C)Oc1cc(Br)cnc1N,85,75,0,True,48,48,1,273,78,test,test,True
SMILES:CO.SMILES:C[C@@H](Oc1nc(Br)cnc1N)c1c(I)ccc(F)c1Cl>>SMILES:COC(=O)c1ccc(F)c(Cl)c1C(C)Oc1nc(Br)cnc1N,CARBONYLATION,104610b417ab0b0a,CO.C[C@@H](Oc1nc(Br)cnc1N)c1c(I)ccc(F)c1Cl>>COC(=O)c1ccc(F)c(Cl)c1C(C)Oc1nc(Br)cnc1N,84,75,0,True,8,9,1,270,78,test,valid,True
SMILES:Cc1cn(C)nn1.SMILES:O=C1NCCc2c(Br)cc(I)c(Cl)c21>>SMILES:Cc1nnn(C)c1-c1cc(Br)c2c(c1Cl)C(=O)NCC2,CH ACTIVATION,b2acbbdf7621a9d7,Cc1cn(C)nn1.O=C1NCCc2c(Br)cc(I)c(Cl)c21>>Cc1nnn(C)c1-c1cc(Br)c2c(c1Cl)C(=O)NCC2,79,75,0,True,192,192,2,285,78,valid,train,True
SMILES:Cc1nnn(C)c1-c1cc([N+](=O)[O-])c2cc[nH]c(=O)c2c1>>SMILES:Cc1nnn(C)c1-c1cc(N)c2c(c1)C(=O)NCC2,HYDROGENATION,e971a869c8ba34e3,Cc1nnn(C)c1-c1cc([N+](=O)[O-])c2cc[nH]c(=O)c2c1>>Cc1nnn(C)c1-c1cc(N)c2c(c1)C(=O)NCC2,84,75,0,True,6,6,1,276,78,test,valid,True
SMILES:Brc1ccc2ncccc2c1.SMILES:Cn1nc(N)cc1B1OC(C)(C)C(C)(C)O1>>SMILES:Cn1nc(N)cc1-c1ccc2ncccc2c1,SUZUKI,4e1461709abf0d25,Brc1ccc2ncccc2c1.Cn1nc(N)cc1B1OC(C)(C)C(C)(C)O1>>Cn1nc(N)cc1-c1ccc2ncccc2c1,75,74,0,True,165,165,2,256,81,train,train,True
SMILES:CC(C)(C)OC(=O)N1CCC(CO)CC1.SMILES:Nc1ncncc1Br>>SMILES:CC(C)(C)OC(=O)N1CCC(COc2cncnc2N)CC1,BUCHWALD,eef81d26b782e455,CC(C)(C)OC(=O)N1CCC(CO)CC1.Nc1ncncc1Br>>CC(C)(C)OC(=O)N1CCC(COc2cncnc2N)CC1,75,74,0,True,4,4,2,324,78,train,valid,True
SMILES:CC(C)(C)OC(=O)N1CCC(CO)CC1.SMILES:Nc1ncncc1I>>SMILES:CC(C)(C)OC(=O)N1CCC(COc2cncnc2N)CC1,BUCHWALD,33c7d0dcf435d9ee,CC(C)(C)OC(=O)N1CCC(CO)CC1.Nc1ncncc1I>>CC(C)(C)OC(=O)N1CCC(COc2cncnc2N)CC1,74,74,0,True,4,4,1,323,78,train,train,True
SMILES:CC(C)(C)OC(=O)N1CCCC1C(=O)O.SMILES:Cc1cc(Br)ccn1>>SMILES:Cc1cc(C2CCCN2C(=O)OC(C)(C)C)ccn1,PHOTOCHEMISTRY,ad4305a1e062868e,CC(C)(C)OC(=O)N1CCCC1C(=O)O.Cc1cc(Br)ccn1>>Cc1cc(C2CCCN2C(=O)OC(C)(C)C)ccn1,75,74,0,True,24,44,2,287,78,train,train,True
SMILES:CC[B-](CC)CC.[K+].SMILES:CS(=O)(=O)N1CCC(=O)[C@@H](O)C1.SMILES:NCc1ccccc1>>SMILES:CS(=O)(=O)N1CC[C@@H](N)[C@@H](O)C1,AMINATION,8d2062965a714202,CC[B-](CC)CC.[K+].CS(=O)(=O)N1CCC(=O)[C@@H](O)C1.NCc1ccccc1>>CS(=O)(=O)N1CC[C@@H](N)[C@@H](O)C1,95,74,0,True,2,2,2,211,74,train,train,True
SMILES:CS(=O)(=O)N1CCC(=O)[C@@H](O)C1.SMILES:C[N+](C)(C)C.[BH3-].SMILES:NCc1ccccc1>>SMILES:CS(=O)(=O)N1CC[C@@H](N)[C@@H](O)C1,AMINATION,0e6136324052e23a,CS(=O)(=O)N1CCC(=O)[C@@H](O)C1.C[N+](C)(C)C.[BH3-].NCc1ccccc1>>CS(=O)(=O)N1CC[C@@H](N)[C@@H](O)C1,97,74,0,True,2,2,2,212,74,train,train,True
SMILES:CS(=O)(=O)N1CCC(=O)[C@@H](O)C1.SMILES:NCc1ccccc1.SMILES:[BH2-]N1CCOCC1.[Li+]>>SMILES:CS(=O)(=O)N1CC[C@@H](N)[C@@H](O)C1,AMINATION,2fe8c95aee7f08ff,CS(=O)(=O)N1CCC(=O)[C@@H](O)C1.NCc1ccccc1.[BH2-]N1CCOCC1.[Li+]>>CS(=O)(=O)N1CC[C@@H](N)[C@@H](O)C1,98,74,0,True,2,2,1,213,74,test,train,True
SMILES:Cc1cc(B2OC(C)(C)C(C)(C)O2)ccn1.SMILES:Ic1ccc2ncccc2c1>>SMILES:Cc1cc(-c2ccc3ncccc3c2)ccn1,SUZUKI,5edd01c8533f535f,Cc1cc(B2OC(C)(C)C(C)(C)O2)ccn1.Ic1ccc2ncccc2c1>>Cc1cc(-c2ccc3ncccc3c2)ccn1,74,74,0,True,18,18,2,251,77,train,valid,True
SMILES:Cc1nn(C)cc1B1OC(C)(C)C(C)(C)O1.SMILES:Clc1cc(Cl)nc(Cl)n1>>SMILES:Cc1nn(C)cc1-c1cc(Cl)nc(Cl)n1,SUZUKI,721adc304474836a,Cc1nn(C)cc1B1OC(C)(C)C(C)(C)O1.Clc1cc(Cl)nc(Cl)n1>>Cc1nn(C)cc1-c1cc(Cl)nc(Cl)n1,79,74,0,True,18,18,2,226,77,train,test,True
SMILES:Cn1nccc1B1OC(C)(C)C(C)(C)O1.SMILES:O=C1NCCc2c(Cl)cccc21>>SMILES:Cn1nccc1-c1cccc2c1CCNC2=O,SUZUKI,59bc1962788c4ed1,Cn1nccc1B1OC(C)(C)C(C)(C)O1.O=C1NCCc2c(Cl)cccc21>>Cn1nccc1-c1cccc2c1CCNC2=O,75,74,0,True,17,34,2,256,79,train,train,True
SMILES:Brc1ccc2ncccc2c1.SMILES:Cn1nc(N)cc1B1OC(C)(C)C(C)(C)O1>>SMILES:Cn1ccc(Nc2ccc3ncccc3c2)n1,SUZUKI,1ae530d565581f59,Brc1ccc2ncccc2c1.Cn1nc(N)cc1B1OC(C)(C)C(C)(C)O1>>Cn1ccc(Nc2ccc3ncccc3c2)n1,74,73,0,True,27,27,2,254,79,train,train,True
SMILES:CS(=O)(=O)N1CCC(=O)[C@@H](O)C1.SMILES:NCc1ccccc1.SMILES:[BH2-]N1CCCC1.[Li+]>>SMILES:CS(=O)(=O)N1CC[C@@H](N)[C@@H](O)C1,AMINATION,e7f413b3e4617a63,CS(=O)(=O)N1CCC(=O)[C@@H](O)C1.NCc1ccccc1.[BH2-]N1CCCC1.[Li+]>>CS(=O)(=O)N1CC[C@@H](N)[C@@H](O)C1,97,73,0,True,2,2,1,212,73,valid,test,True
SMILES:B.C1CCOC1.SMILES:CS(=O)(=O)N1CCC(=O)[C@@H](O)C1.SMILES:NCc1ccccc1>>SMILES:CS(=O)(=O)N1CC[C@@H](N)[C@@H](O)C1,AMINATION,0e94389b5ab99b59,B.C1CCOC1.CS(=O)(=O)N1CCC(=O)[C@@H](O)C1.NCc1ccccc1>>CS(=O)(=O)N1CC[C@@H](N)[C@@H](O)C1,87,72,0,True,2,2,2,202,72,train,train,True
SMILES:Brc1nnnn1Cc1ccccc1.SMILES:Cn1nccc1B1OC(C)(C)C(C)(C)O1>>SMILES:Cn1nccc1-c1nnnn1Cc1ccccc1,SUZUKI,722848c84a679e3a,Brc1nnnn1Cc1ccccc1.Cn1nccc1B1OC(C)(C)C(C)(C)O1>>Cn1nccc1-c1nnnn1Cc1ccccc1,73,72,0,True,120,120,2,264,79,test,train,True
SMILES:C#CC(=O)OCC.SMILES:CN(CC(=O)O)C(=O)OCc1ccccc1>>SMILES:CCOC(=O)CC1CN(C(=O)OCc2ccccc2)C1,PHOTOCHEMISTRY,92b948d24b5cc986,C#CC(=O)OCC.CN(CC(=O)O)C(=O)OCc1ccccc1>>CCOC(=O)CC1CN(C(=O)OCc2ccccc2)C1,72,72,0,True,384,384,2,287,72,train,train,True
SMILES:CC(C)(C)OC(=O)NCC[B-](F)(F)F.[K+].SMILES:COc1ccc(Br)nc1>>SMILES:COc1ccc(CCNC(=O)OC(C)(C)C)nc1,SUZUKI,b0113d9a0a40a10d,CC(C)(C)OC(=O)NCC[B-](F)(F)F.[K+].COc1ccc(Br)nc1>>COc1ccc(CCNC(=O)OC(C)(C)C)nc1,79,72,0,True,11,12,2,273,72,train,test,True
SMILES:CC(O)c1cccnc1.SMILES:C[Si](C)c1ccccc1.SMILES:O=[N+]([O-])c1ccccc1F>>SMILES:CC(Oc1ccccc1[N+](=O)[O-])c1cccnc1,ALKYLATION,602d55255f85d363,CC(O)c1cccnc1.C[Si](C)c1ccccc1.O=[N+]([O-])c1ccccc1F>>CC(Oc1ccccc1[N+](=O)[O-])c1cccnc1,87,72,0,True,32,32,2,269,76,train,valid,True
SMILES:CC1(C)OB(c2ccc3cn[nH]c3c2)OC1(C)C.SMILES:OCc1ccc(Br)cc1>>SMILES:OCc1ccc(-c2ccc3cn[nH]c3c2)cc1,SUZUKI,3872d3ada925aaee,CC1(C)OB(c2ccc3cn[nH]c3c2)OC1(C)C.OCc1ccc(Br)cc1>>OCc1ccc(-c2ccc3cn[nH]c3c2)cc1,79,72,0,True,5,5,2,254,77,test,train,True
SMILES:CC1(C)OB(c2ccc3cn[nH]c3c2)OC1(C)C.SMILES:OCc1ccc(I)cc1>>SMILES:OCc1ccc(-c2ccc3cn[nH]c3c2)cc1,SUZUKI,7a9fb35f9e5680a5,CC1(C)OB(c2ccc3cn[nH]c3c2)OC1(C)C.OCc1ccc(I)cc1>>OCc1ccc(-c2ccc3cn[nH]c3c2)cc1,78,72,0,True,5,5,1,253,77,train,train,True
SMILES:Cc1nc(N)nc2c1cc(Br)c(=O)n2C(C)C.SMILES:Cl.NO>>SMILES:Cc1nc(N)nc2c1cc(C(N)=O)c(=O)n2C(C)C,CARBONYLATION,25beb1aa32e46611,Cc1nc(N)nc2c1cc(Br)c(=O)n2C(C)C.Cl.NO>>Cc1nc(N)nc2c1cc(C(N)=O)c(=O)n2C(C)C,74,72,0,True,12,12,2,263,74,test,test,True
SMILES:B.CCN(CC)c1ccccc1.SMILES:CS(=O)(=O)N1CCC(=O)[C@@H](O)C1.SMILES:N>>SMILES:CS(=O)(=O)N1CC[C@@H](N)[C@@H](O)C1,AMINATION,b21c81b9a0f98cde,B.CCN(CC)c1ccccc1.CS(=O)(=O)N1CCC(=O)[C@@H](O)C1.N>>CS(=O)(=O)N1CC[C@@H](N)[C@@H](O)C1,86,71,0,True,2,2,2,201,71,valid,train,True
SMILES:CC(C)(C)OC(=O)N1C[C@@H]2O[C@H]2[C@@H](F)C1.SMILES:[F][Ce]([F])([F])[F]>>SMILES:CC(C)(C)OC(=O)N1C[C@@H](F)[C@H](O)[C@@H](F)C1,FLUORINATION,ec7a4b8a50ece60b,CC(C)(C)OC(=O)N1C[C@@H]2O[C@H]2[C@@H](F)C1.[F][Ce]([F])([F])[F]>>CC(C)(C)OC(=O)N1C[C@@H](F)[C@H](O)[C@@H](F)C1,110,71,0,True,24,24,1,231,63,train,train,True
SMILES:CC(O)c1cccnc1.SMILES:CCO[Si](OCC)OCC.SMILES:O=[N+]([O-])c1ccccc1F>>SMILES:CC(Oc1ccccc1[N+](=O)[O-])c1cccnc1,ALKYLATION,2acda056fbb31777,CC(O)c1cccnc1.CCO[Si](OCC)OCC.O=[N+]([O-])c1ccccc1F>>CC(Oc1ccccc1[N+](=O)[O-])c1cccnc1,86,71,0,True,32,32,2,268,75,train,train,True
SMILES:CCOC(=O)C(F)Br.SMILES:OB(O)c1ccc(-c2ccccc2)cc1>>SMILES:CCOC(=O)C(F)c1ccc(-c2ccccc2)cc1,ULLMANN,3cd08e4be24787f4,CCOC(=O)C(F)Br.OB(O)c1ccc(-c2ccccc2)cc1>>CCOC(=O)C(F)c1ccc(-c2ccccc2)cc1,72,71,0,True,74,75,2,270,69,train,train,True
SMILES:CCOC(=O)C(F)Br.SMILES:OB(O)c1ccc(-c2cccnc2)cc1>>SMILES:CCOC(=O)C(F)c1ccc(-c2cccnc2)cc1,ULLMANN,85ebb5450d28fc56,CCOC(=O)C(F)Br.OB(O)c1ccc(-c2cccnc2)cc1>>CCOC(=O)C(F)c1ccc(-c2cccnc2)cc1,72,71,0,True,242,255,2,268,69,train,valid,True
SMILES:Cc1nc(N)nc2c1cc(Br)c(=O)n2C(C)C.SMILES:[NH4+].[OH-]>>SMILES:Cc1nc(N)nc2c1cc(C(N)=O)c(=O)n2C(C)C,CARBONYLATION,e41b2a158ce2371a,Cc1nc(N)nc2c1cc(Br)c(=O)n2C(C)C.[NH4+].[OH-]>>Cc1nc(N)nc2c1cc(C(N)=O)c(=O)n2C(C)C,81,71,0,True,12,12,2,263,73,train,test,True
SMILES:Nc1nc(NNC(=O)c2ccco2)c2ccn(CCO)c2n1>>SMILES:Nc1nc2c(ccn2CCO)c2nc(-c3ccco3)nn12,LEWIS ACID,70b1306282700c3c,Nc1nc(NNC(=O)c2ccco2)c2ccn(CCO)c2n1>>Nc1nc2c(ccn2CCO)c2nc(-c3ccco3)nn12,71,71,0,True,324,328,1,294,76,train,train,True
SMILES:C=CC(=O)Cl>>SMILES:C=CC(=O)N(C)[C@H]1C[C@H](Oc2nc(Nc3cnn(C)c3)nc3[nH]cc(-c4ncccc4F)c23)C1,AMIDE COUPLING,1b92fa74e68a874c,C=CC(=O)Cl>>C=CC(=O)N(C)[C@H]1C[C@H](Oc2nc(Nc3cnn(C)c3)nc3[nH]cc(-c4ncccc4F)c23)C1,82,70,0,True,4,4,1,451,129,train,train,True
SMILES:C=CC(=O)O>>SMILES:C=CC(=O)N(C)[C@H]1C[C@H](Oc2nc(Nc3cnn(C)c3)nc3[nH]cc(-c4ncccc4F)c23)C1,AMIDE COUPLING,3e314dfe0416e03e,C=CC(=O)O>>C=CC(=O)N(C)[C@H]1C[C@H](Oc2nc(Nc3cnn(C)c3)nc3[nH]cc(-c4ncccc4F)c23)C1,81,70,0,True,23,24,2,450,129,train,train,True
SMILES:CC(O)c1cccnc1.SMILES:C[Si](C)O[Si](C)C.SMILES:O=[N+]([O-])c1ccccc1F>>SMILES:CC(Oc1ccccc1[N+](=O)[O-])c1cccnc1,ALKYLATION,35f21f4102e9e1e8,CC(O)c1cccnc1.C[Si](C)O[Si](C)C.O=[N+]([O-])c1ccccc1F>>CC(Oc1ccccc1[N+](=O)[O-])c1cccnc1,88,70,0,True,32,32,2,271,74,train,train,True
SMILES:Nc1cc(Br)ccn1.SMILES:OB(O)c1cc(C(F)(F)F)ccc1O>>SMILES:Nc1cc(-c2cc(C(F)(F)F)ccc2O)ccn1,SUZUKI,eec70495d90e9356,Nc1cc(Br)ccn1.OB(O)c1cc(C(F)(F)F)ccc1O>>Nc1cc(-c2cc(C(F)(F)F)ccc2O)ccn1,71,70,0,True,27,27,2,254,73,train,train,True
SMILES:C=[C](OCC)[Sn]([CH2]CCC)([CH2]CCC)[CH2]CCC.SMILES:COc1cc(Cl)ncc1C#N>>SMILES:C=C(OCC)c1cc(OC)c(C#N)cn1,HECK,e2c2bf467d2b2165,C=[C](OCC)[Sn]([CH2]CCC)([CH2]CCC)[CH2]CCC.COc1cc(Cl)ncc1C#N>>C=C(OCC)c1cc(OC)c(C#N)cn1,87,69,0,True,2,2,1,227,71,train,train,True
SMILES:CC(O)c1cccnc1.SMILES:CCO[Si](C)OCC.SMILES:O=[N+]([O-])c1ccccc1F>>SMILES:CC(Oc1ccccc1[N+](=O)[O-])c1cccnc1,ALKYLATION,4ae192a47ca63ab4,CC(O)c1cccnc1.CCO[Si](C)OCC.O=[N+]([O-])c1ccccc1F>>CC(Oc1ccccc1[N+](=O)[O-])c1cccnc1,84,69,0,True,30,30,2,266,73,valid,valid,True
SMILES:CC(O)c1cccnc1.SMILES:C[Si]c1ccccc1.SMILES:O=[N+]([O-])c1ccccc1F>>SMILES:CC(Oc1ccccc1[N+](=O)[O-])c1cccnc1,ALKYLATION,eb347a84284f3a0b,CC(O)c1cccnc1.C[Si]c1ccccc1.O=[N+]([O-])c1ccccc1F>>CC(Oc1ccccc1[N+](=O)[O-])c1cccnc1,84,69,0,True,32,32,2,267,73,train,test,True
SMILES:CC1(C)[C@H]2CC[C@]1(CS(=O)(=O)O)C(=O)C2.SMILES:CCO.SMILES:c1ccc2cnccc2c1>>SMILES:CCc1nccc2ccccc12,PHOTOCHEMISTRY,5cdda921b9d09686,CC1(C)[C@H]2CC[C@]1(CS(=O)(=O)O)C(=O)C2.CCO.c1ccc2cnccc2c1>>CCc1nccc2ccccc12,76,69,0,True,6,12,2,204,73,train,train,True
SMILES:CCO/C=C\B1OC(C)(C)C(C)(C)O1.SMILES:N#Cc1ncc(Cl)cc1Cl>>SMILES:CCO/C=C\c1cnc(C#N)c(Cl)c1,SUZUKI,8e0143935cb68250,CCO/C=C\B1OC(C)(C)C(C)(C)O1.N#Cc1ncc(Cl)cc1Cl>>CCO/C=C\c1cnc(C#N)c(Cl)c1,72,69,0,True,5,5,1,212,71,test,train,True
SMILES:CS(=O)(=O)N1CCC(=O)[C@@H](O)C1.SMILES:NCc1ccccc1.SMILES:[BH2-]C#N.[Na+]>>SMILES:CS(=O)(=O)N1CC[C@@H](N)[C@@H](O)C1,AMINATION,05d2ad2f904ea1ff,CS(=O)(=O)N1CCC(=O)[C@@H](O)C1.NCc1ccccc1.[BH2-]C#N.[Na+]>>CS(=O)(=O)N1CC[C@@H](N)[C@@H](O)C1,93,69,0,True,2,2,1,208,69,valid,train,True
SMILES:Cc1cn(C)nn1.SMILES:O=C1NCCc2ccc(Br)c(Cl)c21>>SMILES:Cc1nnn(C)c1-c1ccc2c(c1Cl)C(=O)NCC2,CH ACTIVATION,c1b9db56a5344f15,Cc1cn(C)nn1.O=C1NCCc2ccc(Br)c(Cl)c21>>Cc1nnn(C)c1-c1ccc2c(c1Cl)C(=O)NCC2,72,69,0,True,143,145,2,270,72,train,train,True
SMILES:Cc1cn(C)nn1.SMILES:O=C1NCCc2ccc(I)c(Cl)c21>>SMILES:Cc1nnn(C)c1-c1ccc2c(c1Cl)C(=O)NCC2,CH ACTIVATION,9292bc8e8b8b5925,Cc1cn(C)nn1.O=C1NCCc2ccc(I)c(Cl)c21>>Cc1nnn(C)c1-c1ccc2c(c1Cl)C(=O)NCC2,71,69,0,True,144,147,2,269,72,train,train,True
SMILES:Cc1nc(N)nc2c1cc(Br)c(=O)n2C(C)C.SMILES:N>>SMILES:Cc1nc(N)nc2c1cc(C(N)=O)c(=O)n2C(C)C,CARBONYLATION,e41b2a158ce2371a,Cc1nc(N)nc2c1cc(Br)c(=O)n2C(C)C.N>>Cc1nc(N)nc2c1cc(C(N)=O)c(=O)n2C(C)C,70,69,0,True,60,72,1,232,69,train,test,True
SMILES:B.CSC.SMILES:CS(=O)(=O)N1CCC(=O)[C@@H](O)C1.SMILES:NCc1ccccc1>>SMILES:CS(=O)(=O)N1CC[C@@H](N)[C@@H](O)C1,AMINATION,b823ff77a975c1f6,B.CSC.CS(=O)(=O)N1CCC(=O)[C@@H](O)C1.NCc1ccccc1>>CS(=O)(=O)N1CC[C@@H](N)[C@@H](O)C1,83,68,0,True,2,2,1,198,68,valid,test,True
SMILES:CC(O)c1cccnc1.SMILES:CC[Si](CC)CC.SMILES:O=[N+]([O-])c1ccccc1F>>SMILES:CC(Oc1ccccc1[N+](=O)[O-])c1cccnc1,ALKYLATION,8aa1e2a365bd440a,CC(O)c1cccnc1.CC[Si](CC)CC.O=[N+]([O-])c1ccccc1F>>CC(Oc1ccccc1[N+](=O)[O-])c1cccnc1,83,68,0,True,32,32,2,265,72,train,valid,True
SMILES:CC(O)c1cccnc1.SMILES:O=[N+]([O-])c1ccccc1F.SMILES:[Si]c1ccccc1>>SMILES:CC(Oc1ccccc1[N+](=O)[O-])c1cccnc1,ALKYLATION,833387a3d35016bc,CC(O)c1cccnc1.O=[N+]([O-])c1ccccc1F.[Si]c1ccccc1>>CC(Oc1ccccc1[N+](=O)[O-])c1cccnc1,83,68,0,True,31,31,2,266,72,train,valid,True
SMILES:CCOC(=O)c1cn[nH]c1.SMILES:Cn1cc(C(=O)CBr)cn1>>SMILES:CCOC(=O)c1cnn(CC(=O)c2cnn(C)c2)c1,ACYLATION,ef3813fcb0745e9b,CCOC(=O)c1cn[nH]c1.Cn1cc(C(=O)CBr)cn1>>CCOC(=O)c1cnn(CC(=O)c2cnn(C)c2)c1,72,68,0,True,190,190,2,266,68,valid,train,True
SMILES:Clc1ncnc2[nH]cc(I)c12.SMILES:N#Cc1cccc(B(O)O)c1>>SMILES:N#Cc1cccc(-c2c[nH]c3ncnc(Cl)c23)c1,SUZUKI,c2047ddf232e8a43,Clc1ncnc2[nH]cc(I)c12.N#Cc1cccc(B(O)O)c1>>N#Cc1cccc(-c2c[nH]c3ncnc(Cl)c23)c1,76,68,0,True,192,192,2,249,71,train,valid,True
SMILES:B1Oc2ccccc2O1.SMILES:CS(=O)(=O)N1CCC(=O)[C@@H](O)C1.SMILES:N>>SMILES:CS(=O)(=O)N1CC[C@@H](N)[C@@H](O)C1,AMINATION,8690bdda08ee5e7e,B1Oc2ccccc2O1.CS(=O)(=O)N1CCC(=O)[C@@H](O)C1.N>>CS(=O)(=O)N1CC[C@@H](N)[C@@H](O)C1,82,67,0,True,2,2,2,199,69,train,train,True
SMILES:BrC1CCCCC1.SMILES:Cc1ccnc2ccccc12.SMILES:O=C(O)C(F)(F)F>>SMILES:Cc1cc(C2CCCCC2)nc2ccccc12,PHOTOCHEMISTRY,76fa00523ea29e78,BrC1CCCCC1.Cc1ccnc2ccccc12.O=C(O)C(F)(F)F>>Cc1cc(C2CCCCC2)nc2ccccc12,68,67,0,True,96,96,2,261,71,train,train,True
SMILES:CC(C)[CH2][Al][CH2]C(C)C.SMILES:CS(=O)(=O)N1CCC(=O)[C@@H](O)C1.SMILES:N>>SMILES:CS(=O)(=O)N1CC[C@@H](N)[C@@H](O)C1,AMINATION,1c55a04f4052a4b9,CC(C)[CH2][Al][CH2]C(C)C.CS(=O)(=O)N1CCC(=O)[C@@H](O)C1.N>>CS(=O)(=O)N1CC[C@@H](N)[C@@H](O)C1,93,67,0,True,2,2,1,200,67,train,train,True
SMILES:CC1(C)OBOC1(C)C.SMILES:Cc1nc2ccccc2o1>>SMILES:Cc1nc2cccc(B3OC(C)(C)C(C)(C)O3)c2o1,PD BORYLATION,30dec27f1e1acda6,CC1(C)OBOC1(C)C.Cc1nc2ccccc2o1>>Cc1nc2cccc(B3OC(C)(C)C(C)(C)O3)c2o1,67,67,0,True,63,63,2,271,71,train,valid,True
SMILES:COCC[O][Al-][O]CCOC.[Na+].SMILES:CS(=O)(=O)N1CCC(=O)[C@@H](O)C1.SMILES:N>>SMILES:CS(=O)(=O)N1CC[C@@H](N)[C@@H](O)C1,AMINATION,2744040f0d9caf45,COCC[O][Al-][O]CCOC.[Na+].CS(=O)(=O)N1CCC(=O)[C@@H](O)C1.N>>CS(=O)(=O)N1CC[C@@H](N)[C@@H](O)C1,94,67,0,True,2,2,2,207,67,test,train,True
SMILES:Cc1ccnc2ccccc12.SMILES:IC1CCCCC1.SMILES:O=C(O)C(F)(F)F>>SMILES:Cc1cc(C2CCCCC2)nc2ccccc12,PHOTOCHEMISTRY,02cca3e753038d30,Cc1ccnc2ccccc12.IC1CCCCC1.O=C(O)C(F)(F)F>>Cc1cc(C2CCCCC2)nc2ccccc12,67,67,0,True,96,96,2,260,71,train,valid,True
SMILES:C=C.SMILES:CC(C)(C)C(=O)ONC(=O)c1cc(Cl)cc(Br)c1Cl>>SMILES:O=C1NCCc2c(Cl)cc(Br)c(Cl)c21,RH COUPLING,0749afb0d66698fc,C=C.CC(C)(C)C(=O)ONC(=O)c1cc(Cl)cc(Br)c1Cl>>O=C1NCCc2c(Cl)cc(Br)c(Cl)c21,72,66,0,True,84,192,2,209,68,test,train,True
SMILES:CC1(C)OB(c2cnoc2)OC1(C)C.SMILES:COC(=O)c1ccncc1Br>>SMILES:COC(=O)c1ccncc1-c1cnoc1,SUZUKI,d9a5cceeb88692b8,CC1(C)OB(c2cnoc2)OC1(C)C.COC(=O)c1ccncc1Br>>COC(=O)c1ccncc1-c1cnoc1,67,66,0,True,18,18,2,218,71,train,train,True
SMILES:COC(=O)c1cc(Br)cc(Br)c1.SMILES:OB(O)c1cccnc1>>SMILES:COC(=O)c1cc(Br)cc(-c2cccnc2)c1,SUZUKI,821834d38dd39ee7,COC(=O)c1cc(Br)cc(Br)c1.OB(O)c1cccnc1>>COC(=O)c1cc(Br)cc(-c2cccnc2)c1,69,66,0,True,12,12,2,238,65,train,train,True
SMILES:CC[B-](CC)CC.[K+].SMILES:CS(=O)(=O)N1CCC(=O)[C@@H](O)C1.SMILES:N>>SMILES:CS(=O)(=O)N1CC[C@@H](N)[C@@H](O)C1,AMINATION,c9a30712ae1362e6,CC[B-](CC)CC.[K+].CS(=O)(=O)N1CCC(=O)[C@@H](O)C1.N>>CS(=O)(=O)N1CC[C@@H](N)[C@@H](O)C1,86,65,0,True,2,2,1,202,65,train,train,True
SMILES:CO[B-](OC)OC.[Na+].SMILES:CS(=O)(=O)N1CCC(=O)[C@@H](O)C1.SMILES:N>>SMILES:CS(=O)(=O)N1CC[C@@H](N)[C@@H](O)C1,AMINATION,918448f1c6c0fad2,CO[B-](OC)OC.[Na+].CS(=O)(=O)N1CCC(=O)[C@@H](O)C1.N>>CS(=O)(=O)N1CC[C@@H](N)[C@@H](O)C1,87,65,0,True,2,2,1,203,65,train,valid,True
SMILES:CS(=O)(=O)N1CCC(=O)[C@@H](O)C1.SMILES:C[N+](C)(C)C.[BH3-].SMILES:N>>SMILES:CS(=O)(=O)N1CC[C@@H](N)[C@@H](O)C1,AMINATION,0753e59f4fee4919,CS(=O)(=O)N1CCC(=O)[C@@H](O)C1.C[N+](C)(C)C.[BH3-].N>>CS(=O)(=O)N1CC[C@@H](N)[C@@H](O)C1,88,65,0,True,2,2,2,203,65,train,train,True
SMILES:CS(=O)(=O)N1CCC(=O)[C@@H](O)C1.SMILES:N.SMILES:[BH2-]N1CCCC1.[Li+]>>SMILES:CS(=O)(=O)N1CC[C@@H](N)[C@@H](O)C1,AMINATION,1bbdb6f58223804a,CS(=O)(=O)N1CCC(=O)[C@@H](O)C1.N.[BH2-]N1CCCC1.[Li+]>>CS(=O)(=O)N1CC[C@@H](N)[C@@H](O)C1,88,64,0,True,2,2,2,203,64,train,train,True
SMILES:Cn1cc(-c2cn3nc(C(=O)O)cc3c(O)n2)cn1>>SMILES:Cn1cc(-c2cn3nccc3c(O)n2)cn1,DECARBOXYLATION,8115a6c1565afd45,Cn1cc(-c2cn3nc(C(=O)O)cc3c(O)n2)cn1>>Cn1cc(-c2cn3nccc3c(O)n2)cn1,64,64,0,True,19,28,1,223,66,train,train,True
SMILES:[Br][Zn][CH2]Cc1ccccc1.SMILES:[C-]#[N+]C(C)(C)C>>SMILES:CC(C)(C)c1ccc(C(=O)C(=O)CCc2ccccc2)cn1,CARBONYLATION,fa993d2ff2c0752a,[Br][Zn][CH2]Cc1ccccc1.[C-]#[N+]C(C)(C)C>>CC(C)(C)c1ccc(C(=O)C(=O)CCc2ccccc2)cn1,80,64,0,True,2,2,1,220,64,train,train,True
SMILES:B.C1CCOC1.SMILES:CS(=O)(=O)N1CCC(=O)[C@@H](O)C1.SMILES:N>>SMILES:CS(=O)(=O)N1CC[C@@H](N)[C@@H](O)C1,AMINATION,86a0a64ddfdac5b3,B.C1CCOC1.CS(=O)(=O)N1CCC(=O)[C@@H](O)C1.N>>CS(=O)(=O)N1CC[C@@H](N)[C@@H](O)C1,78,63,0,True,2,2,1,193,63,test,train,True
SMILES:Brc1ccc2ncccc2c1.SMILES:COc1ccc([S@](=O)O)cn1>>SMILES:COc1ccc(-c2ccc3ncccc3c2)cn1,PD COUPLING,58ce8c684fdd1ba4,Brc1ccc2ncccc2c1.COc1ccc([S@](=O)O)cn1>>COc1ccc(-c2ccc3ncccc3c2)cn1,67,63,0,True,93,93,2,251,66,train,train,True
SMILES:CCOC(=O)C1(C(=O)OCC)CCN(Cc2ccccc2)C1>>SMILES:CCOC(=O)C1(C(=O)OCC)CCNC1,HYDROGENATION,47ddc7a7845d0064,CCOC(=O)C1(C(=O)OCC)CCN(Cc2ccccc2)C1>>CCOC(=O)C1(C(=O)OCC)CCNC1,63,63,0,True,96,96,1,224,63,train,train,True
SMILES:CCOC(=O)c1cc2c(Br)nn(C(C)OCC)c2s1>>SMILES:CCOC(=O)c1cc2cnn(C(C)OCC)c2s1,HYDROGENATION,1e1462204c20a87f,CCOC(=O)c1cc2c(Br)nn(C(C)OCC)c2s1>>CCOC(=O)c1cc2cnn(C(C)OCC)c2s1,64,63,0,True,43,43,1,255,67,train,test,True
SMILES:COc1ccc([S@](=O)O)cn1.SMILES:Clc1ccc2ncccc2c1>>SMILES:COc1ccc(-c2ccc3ncccc3c2)cn1,PD COUPLING,ae0c743b7f5a44a9,COc1ccc([S@](=O)O)cn1.Clc1ccc2ncccc2c1>>COc1ccc(-c2ccc3ncccc3c2)cn1,67,63,0,True,98,98,2,251,66,train,train,True
SMILES:Cc1c[nH]cn1.SMILES:O=C1OCCn2c1ccc(Br)c2=O>>SMILES:Cc1cn(-c2ccc3n(c2=O)CCOC3=O)cn1,BUCHWALD,6c3d6558c02b6a0d,Cc1c[nH]cn1.O=C1OCCn2c1ccc(Br)c2=O>>Cc1cn(-c2ccc3n(c2=O)CCOC3=O)cn1,67,63,0,True,371,372,2,262,78,train,train,True
SMILES:C=CC(=O)OC.SMILES:O=Cc1c(F)cc(Br)cc1F>>SMILES:COC(=O)/C=C/c1cc(F)c(C=O)c(F)c1,HECK,b877777460f830ce,C=CC(=O)OC.O=Cc1c(F)cc(Br)cc1F>>COC(=O)/C=C/c1cc(F)c(C=O)c(F)c1,63,62,0,True,192,192,2,222,64,train,train,True
SMILES:CC(C)(C)OC(=O)CO.SMILES:Cc1cc(Br)n(C)n1>>SMILES:Cc1cc(OCC(=O)OC(C)(C)C)n(C)n1,BUCHWALD,1bf1e047577a9ce3,CC(C)(C)OC(=O)CO.Cc1cc(Br)n(C)n1>>Cc1cc(OCC(=O)OC(C)(C)C)n(C)n1,63,62,0,True,192,192,2,232,62,train,train,True
SMILES:CC1C=CC(=O)CC1.SMILES:NC(=O)OCc1ccccc1>>SMILES:C[C@H]1CCC(=O)C[C@@H]1NC(=O)OCc1ccccc1,LEWIS ACID,34cce7e5f0617155,CC1C=CC(=O)CC1.NC(=O)OCc1ccccc1>>C[C@H]1CCC(=O)C[C@@H]1NC(=O)OCc1ccccc1,71,62,0,True,308,312,2,276,64,test,test,True
SMILES:COc1ccc(CN=C(C)c2cnccn2)cc1.SMILES:N.O=CO>>SMILES:COc1ccc(CNC(C)c2cnccn2)cc1,HYDROGENATION,22c952ab1c6368c4,COc1ccc(CN=C(C)c2cnccn2)cc1.N.O=CO>>COc1ccc(CNC(C)c2cnccn2)cc1,62,62,0,True,15,16,2,255,65,train,valid,True
SMILES:CS(=O)(=O)N1CCC(=O)[C@@H](O)C1.SMILES:N.SMILES:[BH2-]N(C)C.[Li+]>>SMILES:CS(=O)(=O)N1CC[C@@H](N)[C@H](O)C1,AMINATION,1e1fa58e8e434e23,CS(=O)(=O)N1CCC(=O)[C@@H](O)C1.N.[BH2-]N(C)C.[Li+]>>CS(=O)(=O)N1CC[C@@H](N)[C@H](O)C1,85,62,0,True,2,5,1,202,62,valid,train,True
SMILES:CCOC(=O)c1c[nH]nc1O.SMILES:Clc1ccc(I)cc1>>SMILES:CCOC(=O)c1cn(-c2ccc(Cl)cc2)nc1O,ULLMANN,3539d26d9cc786b7,CCOC(=O)c1c[nH]nc1O.Clc1ccc(I)cc1>>CCOC(=O)c1cn(-c2ccc(Cl)cc2)nc1O,66,61,0,True,435,435,2,249,64,train,train,True
SMILES:CO.SMILES:Cc1ccc(S(=O)(=O)OC2=CC(=O)CC2)cc1.SMILES:[C-]#[O+]>>SMILES:COC(=O)C1=CC(=O)CC1,CARBONYLATION,eef24d68053e5d93,CO.Cc1ccc(S(=O)(=O)OC2=CC(=O)CC2)cc1.[C-]#[O+]>>COC(=O)C1=CC(=O)CC1,67,61,0,True,216,238,4,160,61,train,test,True
SMILES:COc1ccc(CN[C@@H]2CCO[C@H](C)C2)c(OC)c1>>SMILES:COc1ccc(CN[C@@H]2CCO[C@H](CO)C2)c(OC)c1,BIOMIMETIC OXIDATION,9a553b7d1c9ad22a,COc1ccc(CN[C@@H]2CCO[C@H](C)C2)c(OC)c1>>COc1ccc(CN[C@@H]2CCO[C@H](CO)C2)c(OC)c1,79,61,0,True,120,120,1,279,61,train,train,True
SMILES:C=C.SMILES:Cc1ccc(Cl)c(C(=O)NOC(=O)C(C)(C)C)c1>>SMILES:Cc1ccc(Cl)c2c1CCNC2=O,CH ACTIVATION,56a4e87d2082f2d3,C=C.Cc1ccc(Cl)c(C(=O)NOC(=O)C(C)(C)C)c1>>Cc1ccc(Cl)c2c1CCNC2=O,62,60,0,True,48,48,2,195,62,train,train,True
SMILES:CS(=O)(=O)N1CCC(=O)[C@@H](O)C1.SMILES:N.SMILES:[BH2-]C#N.[Na+]>>SMILES:CS(=O)(=O)N1CC[C@@H](N)[C@@H](O)C1,AMINATION,953c492bd23ee8ab,CS(=O)(=O)N1CCC(=O)[C@@H](O)C1.N.[BH2-]C#N.[Na+]>>CS(=O)(=O)N1CC[C@@H](N)[C@@H](O)C1,84,60,0,True,2,2,2,199,60,train,test,True
SMILES:B.CSC.SMILES:CS(=O)(=O)N1CCC(=O)[C@@H](O)C1.SMILES:N>>SMILES:CS(=O)(=O)N1CC[C@@H](N)[C@@H](O)C1,AMINATION,aceb4aae7e72594c,B.CSC.CS(=O)(=O)N1CCC(=O)[C@@H](O)C1.N>>CS(=O)(=O)N1CC[C@@H](N)[C@@H](O)C1,74,59,0,True,2,2,2,189,59,train,train,True
SMILES:Brc1ccc2ncccc2c1.SMILES:O=S([O-])c1ccccn1.[Na+]>>SMILES:c1ccc(-c2ccc3ncccc3c2)nc1,NI COUPLING,4bd8250f86ff7286,Brc1ccc2ncccc2c1.O=S([O-])c1ccccn1.[Na+]>>c1ccc(-c2ccc3ncccc3c2)nc1,67,59,0,True,280,288,2,232,62,train,valid,True
SMILES:CC1(C)OBOC1(C)C.SMILES:Cn1ccc(N)n1>>SMILES:Cn1nc(N)cc1B1OC(C)(C)C(C)(C)O1,PD BORYLATION,3c1fe3dcd0af700f,CC1(C)OBOC1(C)C.Cn1ccc(N)n1>>Cn1nc(N)cc1B1OC(C)(C)C(C)(C)O1,59,59,0,True,216,278,2,233,63,test,train,True
SMILES:CC1=CCC(O[Si](C)(C)C(C)(C)C)=CC1>>SMILES:C[C@@H]1CC=C(O[Si](C)(C)C(C)(C)C)CC1,HYDROGENATION,ccf32dc88940a4d0,CC1=CCC(O[Si](C)(C)C(C)(C)C)=CC1>>C[C@@H]1CC=C(O[Si](C)(C)C(C)(C)C)CC1,70,59,0,True,14,14,1,235,61,train,test,True
SMILES:CC1=CCC(O[Si](C)(C)C(C)(C)C)=CC1>>SMILES:C[C@H]1CC=C(O[Si](C)(C)C(C)(C)C)CC1,HYDROGENATION,ccf32dc88940a4d0,CC1=CCC(O[Si](C)(C)C(C)(C)C)=CC1>>C[C@H]1CC=C(O[Si](C)(C)C(C)(C)C)CC1,69,59,0,True,104,106,1,234,61,train,test,True
SMILES:CCOc1cc(Cl)c(C#N)cc1I.SMILES:c1cn[nH]c1>>SMILES:CCOc1cc(Cl)c(C#N)cc1-n1cccn1,ULLMANN,b671d5ec2318d960,CCOc1cc(Cl)c(C#N)cc1I.c1cn[nH]c1>>CCOc1cc(Cl)c(C#N)cc1-n1cccn1,62,57,0,True,65,130,2,233,60,train,train,True
SMILES:CI.SMILES:Cc1nc2cccc(B3OC(C)(C)C(C)(C)O3)c2o1>>SMILES:Cc1nc2cccc(C)c2o1,SUZUKI,c60bfee357068cd9,CI.Cc1nc2cccc(B3OC(C)(C)C(C)(C)O3)c2o1>>Cc1nc2cccc(C)c2o1,57,57,0,True,192,384,2,163,57,valid,test,True
SMILES:CS(=O)(=O)N1CCC(=O)[C@@H](O)C1.SMILES:N.SMILES:[BH3-].[Li+]>>SMILES:CS(=O)(=O)N1CC[C@@H](N)[C@@H](O)C1,AMINATION,3b47d63e4d78f44b,CS(=O)(=O)N1CCC(=O)[C@@H](O)C1.N.[BH3-].[Li+]>>CS(=O)(=O)N1CC[C@@H](N)[C@@H](O)C1,81,57,0,True,2,2,1,196,57,train,train,True
SMILES:CS(=O)(=O)N1CCC(=O)[C@@H](O)C1.SMILES:N.SMILES:[BH3-].[Na+]>>SMILES:CS(=O)(=O)N1CC[C@@H](N)[C@@H](O)C1,AMINATION,3b47d63e4d78f44b,CS(=O)(=O)N1CCC(=O)[C@@H](O)C1.N.[BH3-].[Na+]>>CS(=O)(=O)N1CC[C@@H](N)[C@@H](O)C1,81,57,0,True,2,2,2,196,57,train,train,True
SMILES:O=C(O)/C=C(\c1ccccc1)C(F)(F)F>>SMILES:O=C(O)CC(c1ccccc1)C(F)(F)F,HYDROGENATION,6bfd4c3754fde61f,O=C(O)/C=C(\c1ccccc1)C(F)(F)F>>O=C(O)CC(c1ccccc1)C(F)(F)F,57,57,0,True,188,192,1,206,58,test,train,True
SMILES:O=C1NCCc2ccc(Br)c(Cl)c21>>SMILES:Cc1nnn(C)c1-c1ccc2c(c1Cl)C(=O)NCC2,NEGISHI,57ff932a8be52620,O=C1NCCc2ccc(Br)c(Cl)c21>>Cc1nnn(C)c1-c1ccc2c(c1Cl)C(=O)NCC2,60,57,0,True,68,138,1,179,60,valid,test,True
SMILES:C#C[Si](CC)(CC)CC.SMILES:Nc1ncc(Cl)nc1Br>>SMILES:CC[Si](C#Cc1nc(Cl)cnc1N)(CC)CC,SONOGASHIRA,838dec83cee81c2c,C#C[Si](CC)(CC)CC.Nc1ncc(Cl)nc1Br>>CC[Si](C#Cc1nc(Cl)cnc1N)(CC)CC,65,56,0,True,144,192,2,248,60,train,train,True
SMILES:C=C.SMILES:COc1cnccc1C(=O)NOC(=O)C(C)(C)C>>SMILES:COc1cncc2c1C(=O)NCC2,CH ACTIVATION,e554a938a1494e0b,C=C.COc1cnccc1C(=O)NOC(=O)C(C)(C)C>>COc1cncc2c1C(=O)NCC2,56,56,0,True,96,96,2,191,60,train,train,True
SMILES:CB1OB(C)OB(C)O1.SMILES:O=C1OCc2c1ccc(Br)c2I>>SMILES:Cc1c(Br)ccc2c1COC2=O,SUZUKI,63462c02abea92f2,CB1OB(C)OB(C)O1.O=C1OCc2c1ccc(Br)c2I>>Cc1c(Br)ccc2c1COC2=O,58,56,0,True,2,22,1,174,58,train,train,True
SMILES:CC(C)(C)OCCBr.SMILES:Cc1n[nH]cc1[N+](=O)[O-]>>SMILES:Cc1nn(CCOC(C)(C)C)cc1[N+](=O)[O-],ALKYLATION,8e8eec33d82fd1b7,CC(C)(C)OCCBr.Cc1n[nH]cc1[N+](=O)[O-]>>Cc1nn(CCOC(C)(C)C)cc1[N+](=O)[O-],72,56,0,True,5,5,2,234,60,train,train,True
SMILES:CC(C)(C)OCCO.SMILES:Cc1n[nH]cc1[N+](=O)[O-]>>SMILES:Cc1nn(CCOC(C)(C)C)cc1[N+](=O)[O-],ALKYLATION,2cb4c9860540f47f,CC(C)(C)OCCO.Cc1n[nH]cc1[N+](=O)[O-]>>Cc1nn(CCOC(C)(C)C)cc1[N+](=O)[O-],71,56,0,True,4,4,1,233,60,train,valid,True
SMILES:CCCC[N+](CCCC)(CCCC)CCCC.[C-]#N.SMILES:Cc1c(Br)cncc1Br>>SMILES:Cc1c(Br)cncc1C#N,CYANATION,c167b585c1d38b4e,CCCC[N+](CCCC)(CCCC)CCCC.[C-]#N.Cc1c(Br)cncc1Br>>Cc1c(Br)cncc1C#N,65,56,0,True,24,24,2,153,56,train,valid,True
SMILES:Clc1cccc(Br)c1.SMILES:O=C1Cc2cncnc2N1>>SMILES:O=C1Nc2ncncc2C1c1cccc(Cl)c1,PD COUPLING,ac57a6d77ad3f9a2,Clc1cccc(Br)c1.O=C1Cc2cncnc2N1>>O=C1Nc2ncncc2C1c1cccc(Cl)c1,59,56,0,True,192,192,2,232,60,valid,test,True
SMILES:Nc1cc(Br)ccn1.SMILES:OB(O)c1cc(Cl)ccc1O>>SMILES:Nc1cc(-c2cc(Cl)ccc2O)ccn1,SUZUKI,fbcf39ad0c35c68b,Nc1cc(Br)ccn1.OB(O)c1cc(Cl)ccc1O>>Nc1cc(-c2cc(Cl)ccc2O)ccn1,59,56,0,True,35,35,2,212,59,train,train,True
SMILES:CCO.SMILES:O=S(=O)(O)c1ccccc1.SMILES:c1ccc2cnccc2c1>>SMILES:CCc1nccc2ccccc12,PHOTOCHEMISTRY,291742d207c081c2,CCO.O=S(=O)(O)c1ccccc1.c1ccc2cnccc2c1>>CCc1nccc2ccccc12,55,55,0,True,6,12,1,182,59,train,train,True
SMILES:COc1ccc(CN=C(C)c2cnccn2)cc1>>SMILES:COc1ccc(CNC(C)c2cnccn2)cc1,HYDROGENATION,75003b5496167900,COc1ccc(CN=C(C)c2cnccn2)cc1>>COc1ccc(CNC(C)c2cnccn2)cc1,55,55,0,True,197,215,1,248,58,test,train,True
SMILES:O=Cc1ccccc1OC(=O)Cc1ccccc1>>SMILES:O=C1OC(c2ccccc2)COc2ccccc21,RH COUPLING,24b6d7c8d801e46a,O=Cc1ccccc1OC(=O)Cc1ccccc1>>O=C1OC(c2ccccc2)COc2ccccc21,55,55,0,True,15,15,1,245,59,train,train,True
SMILES:C=C(C)C.SMILES:Clc1nc(Cl)c2nc[nH]c2n1>>SMILES:CC(C)(C)n1cnc2c(Cl)nc(Cl)nc21,ISOBUTYLENE PROTECTION,e1798abadf4d2579,C=C(C)C.Clc1nc(Cl)c2nc[nH]c2n1>>CC(C)(C)n1cnc2c(Cl)nc(Cl)nc21,61,54,0,True,11,13,2,207,56,train,train,True
SMILES:CCCC[N+](CCCC)(CCCC)CCCC.[OH-].SMILES:Cc1c(Br)cncc1Br>>SMILES:Cc1c(Br)cncc1C#N,CYANATION,92fc25fb72dcd6a8,CCCC[N+](CCCC)(CCCC)CCCC.[OH-].Cc1c(Br)cncc1Br>>Cc1c(Br)cncc1C#N,64,54,0,True,24,24,2,154,54,train,train,True
SMILES:CCOC(=O)c1cc2c(Br)nn(C(C)OCC)c2s1>>SMILES:CCOC(=O)c1cc2cn[nH]c2s1,HYDROGENATION,caefd7cf60b0c1ab,CCOC(=O)c1cc2c(Br)nn(C(C)OCC)c2s1>>CCOC(=O)c1cc2cn[nH]c2s1,58,54,0,True,149,149,1,183,58,train,train,True
SMILES:C=C.SMILES:CC(=O)ONC(=O)c1cccc(Br)c1Cl>>SMILES:O=C1NCCc2ccc(Br)c(Cl)c21,CH ACTIVATION,b25f9102844966a6,C=C.CC(=O)ONC(=O)c1cccc(Br)c1Cl>>O=C1NCCc2ccc(Br)c(Cl)c21,57,53,0,True,48,48,2,186,55,train,train,True
SMILES:CO.SMILES:Clc1ccnc(-c2nnc[nH]2)c1.SMILES:[C-]#[O+]>>SMILES:COC(=O)c1ccnc(-c2nnc[nH]2)c1,CARBONYLATION,7708236bd0fb3b44,CO.Clc1ccnc(-c2nnc[nH]2)c1.[C-]#[O+]>>COC(=O)c1ccnc(-c2nnc[nH]2)c1,66,53,0,True,36,36,2,201,51,test,valid,True
SMILES:COS(=O)(=O)OC.SMILES:Fc1cc(Br)cc2cn[nH]c12>>SMILES:Cn1cc2cc(Br)cc(F)c2n1,ALKYLATION,1d5fd9c6f14b10ac,COS(=O)(=O)OC.Fc1cc(Br)cc2cn[nH]c12>>Cn1cc2cc(Br)cc(F)c2n1,58,53,0,True,58,64,2,172,57,train,train,True
SMILES:COS(=O)(=O)OC.SMILES:Fc1cc(Br)cc2cn[nH]c12>>SMILES:Cn1ncc2cc(Br)cc(F)c21,ALKYLATION,ea7beed97b972ef5,COS(=O)(=O)OC.Fc1cc(Br)cc2cn[nH]c12>>Cn1ncc2cc(Br)cc(F)c21,58,53,0,True,370,396,2,172,57,test,train,True
SMILES:Brc1ccc2ncccc2c1.SMILES:O=S([O-])C1CC1.[Na+]>>SMILES:c1cnc2ccc(C3CC3)cc2c1,NI COUPLING,03a6514f84489c73,Brc1ccc2ncccc2c1.O=S([O-])C1CC1.[Na+]>>c1cnc2ccc(C3CC3)cc2c1,60,52,0,True,564,576,2,198,56,train,test,True
SMILES:CC[Si](CC)CC.SMILES:O=C1NCc2c(Br)cccc21.SMILES:[C-]#[O+]>>SMILES:O=Cc1cccc2c1CNC2=O,CARBONYLATION,8b5df9eb3fc86467,CC[Si](CC)CC.O=C1NCc2c(Br)cccc21.[C-]#[O+]>>O=Cc1cccc2c1CNC2=O,62,52,0,True,180,180,2,176,54,train,train,True
SMILES:C=C(c1ccccc1)c1cc(Cl)nnc1N>>SMILES:CC(c1ccccc1)c1cc(Cl)nnc1N,HYDROGENATION,b2b390d014288a69,C=C(c1ccccc1)c1cc(Cl)nnc1N>>CC(c1ccccc1)c1cc(Cl)nnc1N,53,51,0,True,199,203,1,220,55,valid,test,True
SMILES:C=C.SMILES:CC(=O)ONC(=O)c1cc(C)ccc1Cl>>SMILES:Cc1ccc(Cl)c2c1CCNC2=O,CH ACTIVATION,000a89c85ba76477,C=C.CC(=O)ONC(=O)c1cc(C)ccc1Cl>>Cc1ccc(Cl)c2c1CCNC2=O,53,51,0,True,48,48,2,188,55,train,train,True
SMILES:CC(C)(C)C(=O)O.SMILES:CCO.SMILES:c1ccc2cnccc2c1>>SMILES:CCc1nccc2ccccc12,PHOTOCHEMISTRY,107ab382da25b8b2,CC(C)(C)C(=O)O.CCO.c1ccc2cnccc2c1>>CCc1nccc2ccccc12,51,51,0,True,6,12,2,178,55,train,train,True
SMILES:CCO.SMILES:O=C(O)C(F)(F)F.SMILES:c1ccc2cnccc2c1>>SMILES:CCc1nccc2ccccc12,PHOTOCHEMISTRY,c8f8f693405ef152,CCO.O=C(O)C(F)(F)F.c1ccc2cnccc2c1>>CCc1nccc2ccccc12,51,51,0,True,6,12,1,163,40,train,train,True
SMILES:CCO.SMILES:O=C(O)CCC(=O)O.SMILES:c1ccc2cnccc2c1>>SMILES:CCc1nccc2ccccc12,PHOTOCHEMISTRY,e85b305dad2a26c1,CCO.O=C(O)CCC(=O)O.c1ccc2cnccc2c1>>CCc1nccc2ccccc12,51,51,0,True,6,12,2,178,55,train,train,True
SMILES:CCO.SMILES:O=C(O)c1ccccc1.SMILES:c1ccc2cnccc2c1>>SMILES:CCc1nccc2ccccc12,PHOTOCHEMISTRY,bcf9906cf47be2d0,CCO.O=C(O)c1ccccc1.c1ccc2cnccc2c1>>CCc1nccc2ccccc12,51,51,0,True,6,12,2,178,55,train,test,True
SMILES:C[Si](C)(C)[N]([Na])[Si](C)(C)C.SMILES:Cc1c(Br)cncc1Br>>SMILES:Cc1c(Br)cncc1C#N,CYANATION,33585493debd4f95,C[Si](C)(C)[N]([Na])[Si](C)(C)C.Cc1c(Br)cncc1Br>>Cc1c(Br)cncc1C#N,65,51,0,True,24,24,2,155,51,train,test,True
SMILES:Cn1cnc2ccc(Br)cc21.SMILES:OB(O)B(O)O>>SMILES:Cn1cnc2ccc(B(O)O)cc21,SUZUKI,8bd6ddf505733624,Cn1cnc2ccc(Br)cc21.OB(O)B(O)O>>Cn1cnc2ccc(B(O)O)cc21,52,51,0,True,240,240,2,184,55,train,train,True
SMILES:Ic1ccccn1.SMILES:OB(O)c1cc(Br)ncc1F>>SMILES:Fc1cnc(Br)cc1-c1ccccn1,SUZUKI,ba1e1afb54f93291,Ic1ccccn1.OB(O)c1cc(Br)ncc1F>>Fc1cnc(Br)cc1-c1ccccn1,52,50,0,True,5,5,1,189,53,test,test,True
SMILES:CO.SMILES:COc1cccc2c(Cl)ccnc12>>SMILES:COC(=O)c1ccnc2c(OC)cccc12,CARBONYLATION,b8fdbfa91a98726f,CO.COc1cccc2c(Cl)ccnc12>>COC(=O)c1ccnc2c(OC)cccc12,50,49,0,True,36,36,2,191,49,train,valid,True
SMILES:Brc1cccnc1.SMILES:Cn1ccnc1N.SMILES:Ic1cccnc1>>SMILES:Cn1ccnc1Nc1cccnc1,BUCHWALD,f5b459972d95546f,Brc1cccnc1.Cn1ccnc1N.Ic1cccnc1>>Cn1ccnc1Nc1cccnc1,49,48,0,True,5,7,2,184,52,train,valid,True
SMILES:Brc1cnsc1.SMILES:CC(C)(C)OC(N)=O>>SMILES:CC(C)(C)OC(=O)Nc1cnsc1,BUCHWALD,9897d4b0c3cce9b2,Brc1cnsc1.CC(C)(C)OC(N)=O>>CC(C)(C)OC(=O)Nc1cnsc1,49,48,0,True,192,192,2,180,48,train,train,True
SMILES:C=C.SMILES:CONC(=O)c1cc(Cl)ccc1Cl>>SMILES:O=C1NCCc2c(Cl)ccc(Cl)c21,CH ACTIVATION,f7b249ad572db051,C=C.CONC(=O)c1cc(Cl)ccc1Cl>>O=C1NCCc2c(Cl)ccc(Cl)c21,52,48,0,True,48,48,2,181,50,train,train,True
SMILES:CCO.SMILES:CS(=O)(=O)O.SMILES:c1ccc2cnccc2c1>>SMILES:CCc1nccc2ccccc12,PHOTOCHEMISTRY,fec81f44fdb8cfa7,CCO.CS(=O)(=O)O.c1ccc2cnccc2c1>>CCc1nccc2ccccc12,48,48,0,True,6,12,1,175,52,train,train,True
SMILES:CCO.SMILES:O=S(=O)(O)O.SMILES:c1ccc2cnccc2c1>>SMILES:CCc1nccc2ccccc12,PHOTOCHEMISTRY,572d0df92583a84a,CCO.O=S(=O)(O)O.c1ccc2cnccc2c1>>CCc1nccc2ccccc12,48,48,0,True,6,12,2,175,52,train,train,True
SMILES:CCOC(=O)c1c[nH]nc1O>>SMILES:CCOC(=O)c1cn(-c2ccc(Cl)cc2)nc1O,CHAN-LAM,5628418e05bb255f,CCOC(=O)c1c[nH]nc1O>>CCOC(=O)c1cn(-c2ccc(Cl)cc2)nc1O,52,48,0,True,177,180,2,253,68,train,train,True
SMILES:COc1nccc(C)c1Br.SMILES:O=C1CCC(=O)N1Cl>>SMILES:COc1ncc(Cl)c(C)c1Br,HALOGENATION,9e6782c9f7c3cbae,COc1nccc(C)c1Br.O=C1CCC(=O)N1Cl>>COc1ncc(Cl)c(C)c1Br,52,48,0,True,8,8,2,159,52,train,train,True
SMILES:CCO.SMILES:O=P(O)(O)O.SMILES:c1ccc2cnccc2c1>>SMILES:CCc1nccc2ccccc12,PHOTOCHEMISTRY,0cf216a3dbc3f5d8,CCO.O=P(O)(O)O.c1ccc2cnccc2c1>>CCc1nccc2ccccc12,47,47,0,True,6,12,2,174,51,valid,test,True
SMILES:COS(=O)(=O)OC.SMILES:COc1nnc(Cl)cc1Br>>SMILES:Cn1nc(Cl)cc(Br)c1=O,ALKYLATION,fa888eed10482b84,COS(=O)(=O)OC.COc1nnc(Cl)cc1Br>>Cn1nc(Cl)cc(Br)c1=O,51,47,0,True,23,23,2,145,53,train,train,True
SMILES:O=Cc1ccc(F)cc1Cl.SMILES:c1c[nH]nn1>>SMILES:O=Cc1ccc(-n2nccn2)cc1Cl,ALKYLATION,3da83a8709d75fbf,O=Cc1ccc(F)cc1Cl.c1c[nH]nn1>>O=Cc1ccc(-n2nccn2)cc1Cl,52,47,0,True,180,180,2,187,50,train,train,True
SMILES:c1ccc(COC2CC(N3CCOCC3)C2)cc1>>SMILES:OC1CC(N2CCOCC2)C1,HYDROGENATION,07910269bab63b5f,c1ccc(COC2CC(N3CCOCC3)C2)cc1>>OC1CC(N2CCOCC2)C1,47,47,0,True,24,24,1,168,47,train,train,True
SMILES:COc1ccc(F)cc1C(C)=O.SMILES:N.O=CO>>SMILES:COc1ccc(F)cc1[C@@H](C)O,HYDROGENATION,e58cdee16343bfe0,COc1ccc(F)cc1C(C)=O.N.O=CO>>COc1ccc(F)cc1[C@@H](C)O,51,46,0,True,33,33,2,169,50,test,train,True
SMILES:COc1ccc(F)cc1C(C)=O.SMILES:N.O=CO>>SMILES:COc1ccc(F)cc1[C@H](C)O,HYDROGENATION,e58cdee16343bfe0,COc1ccc(F)cc1C(C)=O.N.O=CO>>COc1ccc(F)cc1[C@H](C)O,50,46,0,True,57,57,2,170,50,valid,train,True
SMILES:CC(=O)NC1=C(C)C(=O)CCC1>>SMILES:CC(=O)N[C@H]1CCCC(=O)[C@H]1C,HYDROGENATION,ef861d4cfdcd93b1,CC(=O)NC1=C(C)C(=O)CCC1>>CC(=O)N[C@H]1CCCC(=O)[C@H]1C,53,45,0,True,102,102,1,173,43,train,train,True
SMILES:CO.SMILES:O=C1OC(=O)C2CCC1C2>>SMILES:COC(=O)[C@H]1CC[C@@H](C(=O)O)C1,ESTERIFICATION,a7e9f8ee150e2617,CO.O=C1OC(=O)C2CCC1C2>>COC(=O)[C@H]1CC[C@@H](C(=O)O)C1,54,45,0,True,14,15,1,145,44,train,train,True
SMILES:Cc1ccnc(-c2ccn(C)n2)c1>>SMILES:CC1CCNC(c2ccn(C)n2)C1,HYDROGENATION,d008e4ee9591370c,Cc1ccnc(-c2ccn(C)n2)c1>>CC1CCNC(c2ccn(C)n2)C1,45,45,0,True,144,192,1,180,44,train,train,True
SMILES:C1COCCN1.SMILES:Cc1ncc(Cl)nc1Cl>>SMILES:Cc1ncc(N2CCOCC2)nc1Cl,BUCHWALD,36b43ea15da323ba,C1COCCN1.Cc1ncc(Cl)nc1Cl>>Cc1ncc(N2CCOCC2)nc1Cl,47,44,0,True,3,11,1,196,48,valid,train,True
SMILES:CC(=O)O.SMILES:CCO.SMILES:c1ccc2cnccc2c1>>SMILES:CCc1nccc2ccccc12,PHOTOCHEMISTRY,c8f8f693405ef152,CC(=O)O.CCO.c1ccc2cnccc2c1>>CCc1nccc2ccccc12,44,44,0,True,6,12,1,163,40,train,train,True
SMILES:COC(=O)C1=CCC2(C1)OCCO2>>SMILES:COC(=O)C1=CC(=O)CC1,DEPROTECTION,94f4a73d9279b13c,COC(=O)C1=CCC2(C1)OCCO2>>COC(=O)C1=CC(=O)CC1,44,44,0,True,96,192,1,142,46,train,test,True
SMILES:Clc1cc(Cl)n2nnnc2n1>>SMILES:Clc1cc(-c2ccccc2)n2nnnc2n1,SUZUKI,f570f4fc2864e5e9,Clc1cc(Cl)n2nnnc2n1>>Clc1cc(-c2ccccc2)n2nnnc2n1,47,44,0,True,192,192,2,218,61,train,train,True
SMILES:C1CC2OC2CO1.SMILES:NCc1ccccc1>>SMILES:O[C@H]1COCC[C@@H]1NCc1ccccc1,LEWIS ACID,813a9b70bf4d1256,C1CC2OC2CO1.NCc1ccccc1>>O[C@H]1COCC[C@@H]1NCc1ccccc1,52,43,0,True,94,96,2,217,47,train,test,True
SMILES:CC(=O)c1c(I)ccc(F)c1Cl>>SMILES:C[C@@H](O)c1c(I)ccc(F)c1Cl,HYDROGENATION,1f34fb3b80ace933,CC(=O)c1c(I)ccc(F)c1Cl>>C[C@@H](O)c1c(I)ccc(F)c1Cl,50,43,0,True,11,22,1,158,43,valid,train,True
SMILES:CC(=O)c1c(I)ccc(F)c1Cl>>SMILES:C[C@H](O)c1c(I)ccc(F)c1Cl,HYDROGENATION,1f34fb3b80ace933,CC(=O)c1c(I)ccc(F)c1Cl>>C[C@H](O)c1c(I)ccc(F)c1Cl,49,43,0,True,9,18,1,159,43,train,train,True
SMILES:OC1Nc2nc(Cl)nc(Cl)c2C1F>>SMILES:Fc1c[nH]c2nc(Cl)nc(Cl)c12,DEHYDRATION,776af3e5f5d34a20,OC1Nc2nc(Cl)nc(Cl)c2C1F>>Fc1c[nH]c2nc(Cl)nc(Cl)c12,50,43,0,True,26,26,1,160,49,train,train,True
SMILES:CC=O.SMILES:CCOC(=O)n1cnnn1>>SMILES:CCOC(=O)OC(C)n1cnnn1,ALKYLATION,4c10536cccc34662,CC=O.CCOC(=O)n1cnnn1>>CCOC(=O)OC(C)n1cnnn1,42,42,0,True,180,180,2,170,42,train,train,True
SMILES:C=C1CNC(=O)c2ccccc21>>SMILES:CC1CNC(=O)c2ccccc21,HYDROGENATION,f5c09b8e82869dc7,C=C1CNC(=O)c2ccccc21>>CC1CNC(=O)c2ccccc21,41,41,0,True,193,194,1,166,45,train,train,True
SMILES:CC1=C(c2ccccc2)CC1=O>>SMILES:CC1C(=O)CC1c1ccccc1,HYDROGENATION,d3f4bf3ef5a47de3,CC1=C(c2ccccc2)CC1=O>>CC1C(=O)CC1c1ccccc1,41,41,0,True,224,227,1,165,43,train,train,True
SMILES:Brc1cncnc1.SMILES:C#CC(=O)OC>>SMILES:COC(=O)C#Cc1cncnc1,SONOGASHIRA,5d772dd692ec043c,Brc1cncnc1.C#CC(=O)OC>>COC(=O)C#Cc1cncnc1,41,40,0,True,188,192,2,154,40,train,train,True
SMILES:Cc1n[nH]cc1[N+](=O)[O-].SMILES:OCCBr>>SMILES:Cc1nn(CCO)cc1[N+](=O)[O-],ALKYLATION,23983716bef53e33,Cc1n[nH]cc1[N+](=O)[O-].OCCBr>>Cc1nn(CCO)cc1[N+](=O)[O-],56,40,0,True,9,9,2,168,44,valid,valid,True
SMILES:Cc1n[nH]cc1[N+](=O)[O-].SMILES:OCCCl>>SMILES:Cc1nn(CCO)cc1[N+](=O)[O-],ALKYLATION,54c7ff7af37bc0d9,Cc1n[nH]cc1[N+](=O)[O-].OCCCl>>Cc1nn(CCO)cc1[N+](=O)[O-],56,40,0,True,5,5,2,168,44,test,train,True
SMILES:Cc1n[nH]cc1[N+](=O)[O-].SMILES:OCCI>>SMILES:Cc1nn(CCO)cc1[N+](=O)[O-],ALKYLATION,c1e0eba11ed68dd3,Cc1n[nH]cc1[N+](=O)[O-].OCCI>>Cc1nn(CCO)cc1[N+](=O)[O-],55,40,0,True,8,8,2,167,44,valid,train,True
SMILES:O=C(O)Cc1cccc(CO)c1>>SMILES:O=C(O)CC1CCCC(CO)C1,HYDROGENATION,e17adeaa3b76b419,O=C(O)Cc1cccc(CO)c1>>O=C(O)CC1CCCC(CO)C1,40,40,0,True,144,192,1,168,40,test,train,True
SMILES:C=C(C(=O)O)C(F)(F)F>>SMILES:C[C@H](C(=O)O)C(F)(F)F,HYDROGENATION,749c79e1b46f2a56,C=C(C(=O)O)C(F)(F)F>>C[C@H](C(=O)O)C(F)(F)F,43,39,0,True,90,92,1,120,39,train,train,True
SMILES:COc1ccc(F)cc1C(C)=O>>SMILES:COc1ccc(F)cc1[C@@H](C)O,HYDROGENATION,0f7f85e80beb1d75,COc1ccc(F)cc1C(C)=O>>COc1ccc(F)cc1[C@@H](C)O,44,39,0,True,11,11,1,162,43,train,train,True
SMILES:COc1ccc(F)cc1C(C)=O>>SMILES:COc1ccc(F)cc1[C@H](C)O,HYDROGENATION,0f7f85e80beb1d75,COc1ccc(F)cc1C(C)=O>>COc1ccc(F)cc1[C@H](C)O,43,39,0,True,79,79,1,163,43,train,train,True
SMILES:Cc1nn(C)cc1C1=NCCC1>>SMILES:Cc1nn(C)cc1C1CCCN1,HYDROGENATION,41502c1f193d88cf,Cc1nn(C)cc1C1=NCCC1>>Cc1nn(C)cc1C1CCCN1,39,39,0,True,176,176,1,171,45,train,train,True
SMILES:C=CCO.SMILES:Cc1cc(Br)nn1C>>SMILES:C=CCOc1cc(C)n(C)n1,ULLMANN,b6884ab6e87c9d0e,C=CCO.Cc1cc(Br)nn1C>>C=CCOc1cc(C)n(C)n1,39,38,0,True,225,228,2,154,40,train,train,True
SMILES:Cn1ccnc1Br.SMILES:Nc1cccnc1>>SMILES:Cn1ccnc1Nc1cccnc1,BUCHWALD,862b68420d79d2fd,Cn1ccnc1Br.Nc1cccnc1>>Cn1ccnc1Nc1cccnc1,39,38,0,True,2,2,1,174,42,train,train,True
SMILES:Cn1ccnc1Cl.SMILES:Nc1cccnc1>>SMILES:Cn1ccnc1Nc1cccnc1,BUCHWALD,6b2db220804b2639,Cn1ccnc1Cl.Nc1cccnc1>>Cn1ccnc1Nc1cccnc1,39,38,0,True,12,13,2,174,42,train,valid,True
SMILES:Cn1ccnc1N.SMILES:Ic1cccnc1>>SMILES:Cn1ccnc1Nc1cccnc1,BUCHWALD,412bcee1e3e671e0,Cn1ccnc1N.Ic1cccnc1>>Cn1ccnc1Nc1cccnc1,38,38,0,True,6,6,2,173,42,test,train,True
SMILES:CCO.SMILES:c1ccc2cnccc2c1>>SMILES:CCc1nccc2ccccc12,PHOTOCHEMISTRY,c8f8f693405ef152,CCO.c1ccc2cnccc2c1>>CCc1nccc2ccccc12,36,36,0,True,6,24,2,163,40,valid,train,True
SMILES:Cc1c(Br)cncc1Br.SMILES:N#[C][Cu]>>SMILES:Cc1c(Br)cncc1C#N,CYANATION,93e5273250794c34,Cc1c(Br)cncc1Br.N#[C][Cu]>>Cc1c(Br)cncc1C#N,43,35,0,True,24,24,2,131,35,train,train,True
SMILES:C[C@]1(N)CCNC1=O>>SMILES:C[C@]1(N)CCNC1=O,SOLID FORM,4f53cda18c2baa0c,C[C@]1(N)CCNC1=O>>C[C@]1(N)CCNC1=O,34,28,0,True,18,54,2,138,54,train,train,True
SMILES:Cc1cncc(O)c1>>SMILES:CC1CNCC(O)C1,HYDROGENATION,496bea0ec52fb25c,Cc1cncc(O)c1>>CC1CNCC(O)C1,26,26,0,True,147,192,1,108,26,train,train,True
SMILES:BrCc1ccccc1.SMILES:[Zn]>>SMILES:[Br][Zn][CH2]c1ccccc1,NEGISHI,2b6a5072248a4bdf,BrCc1ccccc1.[Zn]>>[Br][Zn][CH2]c1ccccc1,39,25,0,True,3,3,1,115,25,train,train,True
SMILES:CNCc1cc(C#N)n(C)n1.SMILES:COC(=O)c1ccc(F)cc1[C@@H](C)Oc1cc(Br)cnc1N(C(=O)OC(C)(C)C)C(=O)OC(C)(C)C.SMILES:[Cu][I]>>SMILES:CNCc1nn(C)c(C#N)c1-c1cnc(N(C(=O)OC(C)(C)C)C(=O)OC(C)(C)C)c(O[C@H](C)c2cc(F)ccc2C(=O)OC)n1,CH ACTIVATION,752d8f218140b360,CNCc1cc(C#N)n(C)n1.COC(=O)c1ccc(F)cc1[C@@H](C)Oc1cc(Br)cnc1N(C(=O)OC(C)(C)C)C(=O)OC(C)(C)C.[Cu][I]>>CNCc1nn(C)c(C#N)c1-c1cnc(N(C(=O)OC(C)(C)C)C(=O)OC(C)(C)C)c(O[C@H](C)c2cc(F)ccc2C(=O)OC)n1,189,174,0,True,1,2,1,677,181,,,False
SMILES:CNCc1cc(C#N)n(C)n1.SMILES:COC(=O)c1ccc(F)cc1[C@@H](C)Oc1cc(Br)cnc1N(C(=O)OC(C)(C)C)C(=O)OC(C)(C)C>>SMILES:CNCc1nn(C)c(C#N)c1-c1cnc(N(C(=O)OC(C)(C)C)C(=O)OC(C)(C)C)c(O[C@H](C)c2cc(F)ccc2C(=O)OC)n1,CH ACTIVATION,476c53f9cbbdbdfc,CNCc1cc(C#N)n(C)n1.COC(=O)c1ccc(F)cc1[C@@H](C)Oc1cc(Br)cnc1N(C(=O)OC(C)(C)C)C(=O)OC(C)(C)C>>CNCc1nn(C)c(C#N)c1-c1cnc(N(C(=O)OC(C)(C)C)C(=O)OC(C)(C)C)c(O[C@H](C)c2cc(F)ccc2C(=O)OC)n1,181,171,0,True,1,2,1,671,178,,,False
SMILES:CN(C[C@H]1O[C@@H](n2cnc3c(N)ncnc32)[C@@H]2OC(C)(C)O[C@@H]21)C(=O)C[C@H](NC(=O)OC(C)(C)C)C(=O)OCc1ccccc1.SMILES:C[Si](C)O[Si](C)C>>SMILES:CN(CC[C@H](NC(=O)OC(C)(C)C)C(=O)OCc1ccccc1)C[C@H]1O[C@@H](n2cnc3c(N)ncnc32)[C@@H]2OC(C)(C)O[C@@H]21,SILANE REDUCTION,d3a2270c10beb997,CN(C[C@H]1O[C@@H](n2cnc3c(N)ncnc32)[C@@H]2OC(C)(C)O[C@@H]21)C(=O)C[C@H](NC(=O)OC(C)(C)C)C(=O)OCc1ccccc1.C[Si](C)O[Si](C)C>>CN(CC[C@H](NC(=O)OC(C)(C)C)C(=O)OCc1ccccc1)C[C@H]1O[C@@H](n2cnc3c(N)ncnc32)[C@@H]2OC(C)(C)O[C@@H]21,222,170,0,True,1,1,1,688,174,,,False
SMILES:Brc1ccccn1.SMILES:Cn1cc(Nc2nc(O[C@H]3C[C@H](N(C)C(=O)OC(C)(C)C)C3)c3cc[nH]c3n2)cn1.SMILES:O=S(=O)([O-])C(F)(F)F.O=S(=O)([O-])C(F)(F)F.[Cu+2]>>SMILES:Cn1cc(Nc2nc(O[C@H]3C[C@H](N(C)C(=O)OC(C)(C)C)C3)c3c(-c4ccccn4)c[nH]c3n2)cn1,SUZUKI,6045fb77393676c8,Brc1ccccn1.Cn1cc(Nc2nc(O[C@H]3C[C@H](N(C)C(=O)OC(C)(C)C)C3)c3cc[nH]c3n2)cn1.O=S(=O)([O-])C(F)(F)F.O=S(=O)([O-])C(F)(F)F.[Cu+2]>>Cn1cc(Nc2nc(O[C@H]3C[C@H](N(C)C(=O)OC(C)(C)C)C3)c3c(-c4ccccn4)c[nH]c3n2)cn1,203,169,0,True,1,1,1,581,172,,,False
SMILES:CC(=O)OC[C@]1(O)C[C@@H](N2C(=O)c3ccccc3C2=O)[C@@H]2OC(C)(C)O[C@@H]21.SMILES:FC(F)(F)C(OP(OC(C(F)(F)F)C(F)(F)F)OC(C(F)(F)F)C(F)(F)F)C(F)(F)F>>SMILES:CC(=O)OC[C@@]1(F)C[C@@H](N2C(=O)c3ccccc3C2=O)[C@@H]2OC(C)(C)O[C@@H]21,FLUORINATION,5afaaa9e1978e209,CC(=O)OC[C@]1(O)C[C@@H](N2C(=O)c3ccccc3C2=O)[C@@H]2OC(C)(C)O[C@@H]21.FC(F)(F)C(OP(OC(C(F)(F)F)C(F)(F)F)OC(C(F)(F)F)C(F)(F)F)C(F)(F)F>>CC(=O)OC[C@@]1(F)C[C@@H](N2C(=O)c3ccccc3C2=O)[C@@H]2OC(C)(C)O[C@@H]21,203,166,0,True,4,4,1,471,174,,,False
SMILES:FC(F)(F)C(OP(OC(C(F)(F)F)C(F)(F)F)OC(C(F)(F)F)C(F)(F)F)C(F)(F)F.SMILES:Nc1ncc(-c2nc(N3CCOC[C@@H]3CO)nc3c2CCN3C2CC(F)(F)C2)cn1>>SMILES:Nc1ncc(-c2nc(N3CCOC[C@@H]3CF)nc3c2CCN3C2CC(F)(F)C2)cn1,FLUORINATION,ca0e68727a9bddef,FC(F)(F)C(OP(OC(C(F)(F)F)C(F)(F)F)OC(C(F)(F)F)C(F)(F)F)C(F)(F)F.Nc1ncc(-c2nc(N3CCOC[C@@H]3CO)nc3c2CCN3C2CC(F)(F)C2)cn1>>Nc1ncc(-c2nc(N3CCOC[C@@H]3CF)nc3c2CCN3C2CC(F)(F)C2)cn1,174,164,0,True,3,3,2,500,170,,,False
SMILES:CC(=O)OC[C@]1(O)C[C@@H](N2C(=O)c3ccccc3C2=O)[C@@H]2OC(C)(C)O[C@@H]21.SMILES:CCCC[N+](CCCC)(CCCC)CCCC.F[Si-](F)(c1ccccc1)(c1ccccc1)c1ccccc1>>SMILES:CC(=O)OC[C@@]1(F)C[C@@H](N2C(=O)c3ccccc3C2=O)[C@@H]2OC(C)(C)O[C@@H]21,FLUORINATION,f9ed4eef71caa547,CC(=O)OC[C@]1(O)C[C@@H](N2C(=O)c3ccccc3C2=O)[C@@H]2OC(C)(C)O[C@@H]21.CCCC[N+](CCCC)(CCCC)CCCC.F[Si-](F)(c1ccccc1)(c1ccccc1)c1ccccc1>>CC(=O)OC[C@@]1(F)C[C@@H](N2C(=O)c3ccccc3C2=O)[C@@H]2OC(C)(C)O[C@@H]21,202,158,0,True,4,4,1,470,166,,,False
SMILES:CC(=O)OC[C@]1(O)C[C@@H](N2C(=O)c3ccccc3C2=O)[C@@H]2OC(C)(C)O[C@@H]21.SMILES:CC(C)c1cccc(C(C)C)c1N1C=CN(c2c(C(C)C)cccc2C(C)C)C1(F)F>>SMILES:CC(=O)OC[C@@]1(F)C[C@@H](N2C(=O)c3ccccc3C2=O)[C@@H]2OC(C)(C)O[C@@H]21,FLUORINATION,3dfe4aae20742c64,CC(=O)OC[C@]1(O)C[C@@H](N2C(=O)c3ccccc3C2=O)[C@@H]2OC(C)(C)O[C@@H]21.CC(C)c1cccc(C(C)C)c1N1C=CN(c2c(C(C)C)cccc2C(C)C)C1(F)F>>CC(=O)OC[C@@]1(F)C[C@@H](N2C(=O)c3ccccc3C2=O)[C@@H]2OC(C)(C)O[C@@H]21,194,157,0,True,4,4,1,466,169,,,False
SMILES:CC1=C(c2ccc(OC3CCCCO3)cc2)C(c2ccc(I)cc2)Oc2ccc(OC3CCCCO3)cc21.SMILES:C[C@@H]1CCN([C@@H](C)CO)C1>>SMILES:CC1=C(c2ccc(OC3CCCCO3)cc2)C(c2ccc(OC[C@H](C)N3CC[C@@H](C)C3)cc2)Oc2ccc(OC3CCCCO3)cc21,ULLMANN,3978b6a1bd95469a,CC1=C(c2ccc(OC3CCCCO3)cc2)C(c2ccc(I)cc2)Oc2ccc(OC3CCCCO3)cc21.C[C@@H]1CCN([C@@H](C)CO)C1>>CC1=C(c2ccc(OC3CCCCO3)cc2)C(c2ccc(OC[C@H](C)N3CC[C@@H](C)C3)cc2)Oc2ccc(OC3CCCCO3)cc21,175,156,0,True,359,359,2,707,158,,,False
SMILES:CCCC[N+](CCCC)(CCCC)CCCC.F[Si-](F)(c1ccccc1)(c1ccccc1)c1ccccc1.SMILES:Nc1ncc(-c2nc(N3CCOC[C@@H]3CO)nc3c2CCN3C2CC(F)(F)C2)cn1>>SMILES:Nc1ncc(-c2nc(N3CCOC[C@@H]3CF)nc3c2CCN3C2CC(F)(F)C2)cn1,FLUORINATION,1b462f18fd738aba,CCCC[N+](CCCC)(CCCC)CCCC.F[Si-](F)(c1ccccc1)(c1ccccc1)c1ccccc1.Nc1ncc(-c2nc(N3CCOC[C@@H]3CO)nc3c2CCN3C2CC(F)(F)C2)cn1>>Nc1ncc(-c2nc(N3CCOC[C@@H]3CF)nc3c2CCN3C2CC(F)(F)C2)cn1,173,156,0,True,3,3,2,499,162,,,False
SMILES:CC(C)c1cccc(C(C)C)c1N1C=CN(c2c(C(C)C)cccc2C(C)C)C1(F)F.SMILES:Nc1ncc(-c2nc(N3CCOC[C@@H]3CO)nc3c2CCN3C2CC(F)(F)C2)cn1>>SMILES:Nc1ncc(-c2nc(N3CCOC[C@@H]3CF)nc3c2CCN3C2CC(F)(F)C2)cn1,FLUORINATION,2cfe2fe8362dc244,CC(C)c1cccc(C(C)C)c1N1C=CN(c2c(C(C)C)cccc2C(C)C)C1(F)F.Nc1ncc(-c2nc(N3CCOC[C@@H]3CO)nc3c2CCN3C2CC(F)(F)C2)cn1>>Nc1ncc(-c2nc(N3CCOC[C@@H]3CF)nc3c2CCN3C2CC(F)(F)C2)cn1,165,155,0,True,3,3,2,495,165,,,False
SMILES:CC(=O)OC[C@]1(O)C[C@@H](N2C(=O)c3ccccc3C2=O)[C@@H]2OC(C)(C)O[C@@H]21.SMILES:O=S(=O)(NS(=O)(=O)C(F)(F)C(F)(F)F)C(F)(F)C(F)(F)F>>SMILES:CC(=O)OC[C@@]1(F)C[C@@H](N2C(=O)c3ccccc3C2=O)[C@@H]2OC(C)(C)O[C@@H]21,FLUORINATION,6bfa5053f4b88415,CC(=O)OC[C@]1(O)C[C@@H](N2C(=O)c3ccccc3C2=O)[C@@H]2OC(C)(C)O[C@@H]21.O=S(=O)(NS(=O)(=O)C(F)(F)C(F)(F)F)C(F)(F)C(F)(F)F>>CC(=O)OC[C@@]1(F)C[C@@H](N2C(=O)c3ccccc3C2=O)[C@@H]2OC(C)(C)O[C@@H]21,189,152,0,True,4,4,1,457,160,,,False
SMILES:Cc1cc(C)c(CN2CCc3c(Cl)cc(B4OC(C)(C)C(C)(C)O4)c(Cl)c3C2=O)c(OCc2ccccc2)n1.SMILES:Cc1nnn(C)c1I.SMILES:[Cl][Cu]>>SMILES:Cc1cc(C)c(CN2CCc3c(Cl)cc(-c4c(C)nnn4C)c(Cl)c3C2=O)c(OCc2ccccc2)n1,SUZUKI,8a22fa7074973562,Cc1cc(C)c(CN2CCc3c(Cl)cc(B4OC(C)(C)C(C)(C)O4)c(Cl)c3C2=O)c(OCc2ccccc2)n1.Cc1nnn(C)c1I.[Cl][Cu]>>Cc1cc(C)c(CN2CCc3c(Cl)cc(-c4c(C)nnn4C)c(Cl)c3C2=O)c(OCc2ccccc2)n1,161,151,0,True,1,1,1,562,156,,,False
SMILES:Nc1ncc(-c2nc(N3CCOC[C@@H]3CO)nc3c2CCN3C2CC(F)(F)C2)cn1.SMILES:O=S(=O)(NS(=O)(=O)C(F)(F)C(F)(F)F)C(F)(F)C(F)(F)F>>SMILES:Nc1ncc(-c2nc(N3CCOC[C@@H]3CF)nc3c2CCN3C2CC(F)(F)C2)cn1,FLUORINATION,1bd1904b27532ab8,Nc1ncc(-c2nc(N3CCOC[C@@H]3CO)nc3c2CCN3C2CC(F)(F)C2)cn1.O=S(=O)(NS(=O)(=O)C(F)(F)C(F)(F)F)C(F)(F)C(F)(F)F>>Nc1ncc(-c2nc(N3CCOC[C@@H]3CF)nc3c2CCN3C2CC(F)(F)C2)cn1,160,150,0,True,3,3,2,486,156,,,False
SMILES:CC(=O)O[C@@H]1O[C@H](COC(=O)c2ccccc2)[C@@H](OC(=O)c2ccccc2)[C@H]1OC(=O)c1ccccc1.SMILES:Clc1ncnc2[nH]ccc12>>SMILES:O=C(OC[C@H]1OC(n2ccc3c(Cl)ncnc32)[C@H](OC(=O)c2ccccc2)[C@@H]1OC(=O)c1ccccc1)c1ccccc1,LEWIS ACID,a8e4a6482804a166,CC(=O)O[C@@H]1O[C@H](COC(=O)c2ccccc2)[C@@H](OC(=O)c2ccccc2)[C@H]1OC(=O)c1ccccc1.Clc1ncnc2[nH]ccc12>>O=C(OC[C@H]1OC(n2ccc3c(Cl)ncnc32)[C@H](OC(=O)c2ccccc2)[C@@H]1OC(=O)c1ccccc1)c1ccccc1,184,148,0,True,300,320,2,628,156,,,False
SMILES:CC(=O)OC[C@]1(O)C[C@@H](N2C(=O)c3ccccc3C2=O)[C@@H]2OC(C)(C)O[C@@H]21.SMILES:F[B-](F)(F)F.F[B-](F)(F)F.F[N+]12CC[N+](CCl)(CC1)CC2>>SMILES:CC(=O)OC[C@@]1(F)C[C@@H](N2C(=O)c3ccccc3C2=O)[C@@H]2OC(C)(C)O[C@@H]21,FLUORINATION,6007207366be8579,CC(=O)OC[C@]1(O)C[C@@H](N2C(=O)c3ccccc3C2=O)[C@@H]2OC(C)(C)O[C@@H]21.F[B-](F)(F)F.F[B-](F)(F)F.F[N+]12CC[N+](CCl)(CC1)CC2>>CC(=O)OC[C@@]1(F)C[C@@H](N2C(=O)c3ccccc3C2=O)[C@@H]2OC(C)(C)O[C@@H]21,192,142,0,True,4,4,2,460,150,,,False
SMILES:CC(=O)OC[C@]1(O)C[C@@H](N2C(=O)c3ccccc3C2=O)[C@@H]2OC(C)(C)O[C@@H]21.SMILES:O=S(=O)(F)C(F)(F)C(F)(F)C(F)(F)C(F)(F)F>>SMILES:CC(=O)OC[C@@]1(F)C[C@@H](N2C(=O)c3ccccc3C2=O)[C@@H]2OC(C)(C)O[C@@H]21,FLUORINATION,d71a21f57cd3c7a4,CC(=O)OC[C@]1(O)C[C@@H](N2C(=O)c3ccccc3C2=O)[C@@H]2OC(C)(C)O[C@@H]21.O=S(=O)(F)C(F)(F)C(F)(F)C(F)(F)C(F)(F)F>>CC(=O)OC[C@@]1(F)C[C@@H](N2C(=O)c3ccccc3C2=O)[C@@H]2OC(C)(C)O[C@@H]21,179,142,0,True,4,4,1,447,150,,,False
SMILES:CC(=O)OC[C@]1(O)C[C@@H](N2C(=O)c3ccccc3C2=O)[C@@H]2OC(C)(C)O[C@@H]21.SMILES:C[N+]12CC[N+](F)(CC1)CC2.F[B-](F)(F)F.F[B-](F)(F)F>>SMILES:CC(=O)OC[C@@]1(F)C[C@@H](N2C(=O)c3ccccc3C2=O)[C@@H]2OC(C)(C)O[C@@H]21,FLUORINATION,79f86423e5d0a1c5,CC(=O)OC[C@]1(O)C[C@@H](N2C(=O)c3ccccc3C2=O)[C@@H]2OC(C)(C)O[C@@H]21.C[N+]12CC[N+](F)(CC1)CC2.F[B-](F)(F)F.F[B-](F)(F)F>>CC(=O)OC[C@@]1(F)C[C@@H](N2C(=O)c3ccccc3C2=O)[C@@H]2OC(C)(C)O[C@@H]21,190,141,0,True,4,4,1,458,149,,,False
SMILES:CC(=O)OC[C@]1(O)C[C@@H](N2C(=O)c3ccccc3C2=O)[C@@H]2OC(C)(C)O[C@@H]21.SMILES:F[B-](F)(F)F.F[B-](F)(F)F.O[N+]12CC[N+](F)(CC1)CC2>>SMILES:CC(=O)OC[C@@]1(F)C[C@@H](N2C(=O)c3ccccc3C2=O)[C@@H]2OC(C)(C)O[C@@H]21,FLUORINATION,0e215aa865c81ef4,CC(=O)OC[C@]1(O)C[C@@H](N2C(=O)c3ccccc3C2=O)[C@@H]2OC(C)(C)O[C@@H]21.F[B-](F)(F)F.F[B-](F)(F)F.O[N+]12CC[N+](F)(CC1)CC2>>CC(=O)OC[C@@]1(F)C[C@@H](N2C(=O)c3ccccc3C2=O)[C@@H]2OC(C)(C)O[C@@H]21,190,141,0,True,4,4,1,458,149,,,False
SMILES:CC(=O)OC[C@]1(O)C[C@@H](N2C(=O)c3ccccc3C2=O)[C@@H]2OC(C)(C)O[C@@H]21.SMILES:O=S(=O)(c1ccccc1)N(F)S(=O)(=O)c1ccccc1>>SMILES:CC(=O)OC[C@@]1(F)C[C@@H](N2C(=O)c3ccccc3C2=O)[C@@H]2OC(C)(C)O[C@@H]21,FLUORINATION,ea7921da22406b80,CC(=O)OC[C@]1(O)C[C@@H](N2C(=O)c3ccccc3C2=O)[C@@H]2OC(C)(C)O[C@@H]21.O=S(=O)(c1ccccc1)N(F)S(=O)(=O)c1ccccc1>>CC(=O)OC[C@@]1(F)C[C@@H](N2C(=O)c3ccccc3C2=O)[C@@H]2OC(C)(C)O[C@@H]21,178,141,0,True,4,4,1,446,149,,,False
SMILES:CCNC1CCOCC1.SMILES:Cc1cc(C)c(CN2CCc3ccc(OS(=O)(=O)C(F)(F)F)c(Cl)c3C2=O)c(OCc2ccccc2)n1>>SMILES:CCN(c1ccc2c(c1Cl)C(=O)N(Cc1c(C)cc(C)nc1OCc1ccccc1)CC2)C1CCOCC1,BUCHWALD,6df68f19a4d7cede,CCNC1CCOCC1.Cc1cc(C)c(CN2CCc3ccc(OS(=O)(=O)C(F)(F)F)c(Cl)c3C2=O)c(OCc2ccccc2)n1>>CCN(c1ccc2c(c1Cl)C(=O)N(Cc1c(C)cc(C)nc1OCc1ccccc1)CC2)C1CCOCC1,143,141,0,True,7,7,2,578,147,,,False
SMILES:CC[Si](CC)CC.SMILES:Cc1ccc2c(cnn2[C@H]2CCCCO2)c1C1=Cc2ncnc(N3CCN(C(=O)OC(C)(C)C)CC3)c2CC1>>SMILES:Cc1ccc2c(cnn2C2CCCCO2)c1C1CCc2c(ncnc2N2CCN(C(=O)OC(C)(C)C)CC2)C1,HYDROGENATION,6e4dc5c80db2a8b6,CC[Si](CC)CC.Cc1ccc2c(cnn2[C@H]2CCCCO2)c1C1=Cc2ncnc(N3CCN(C(=O)OC(C)(C)C)CC3)c2CC1>>Cc1ccc2c(cnn2C2CCCCO2)c1C1CCc2c(ncnc2N2CCN(C(=O)OC(C)(C)C)CC2)C1,148,141,0,True,1,1,1,601,155,,,False
SMILES:CC(=O)OC[C@]1(O)C[C@@H](N2C(=O)c3ccccc3C2=O)[C@@H]2OC(C)(C)O[C@@H]21.SMILES:Cc1cc(C)[n+](F)c(C)c1.O=S(=O)([O-])C(F)(F)F>>SMILES:CC(=O)OC[C@@]1(F)C[C@@H](N2C(=O)c3ccccc3C2=O)[C@@H]2OC(C)(C)O[C@@H]21,FLUORINATION,8b8be7425e83a998,CC(=O)OC[C@]1(O)C[C@@H](N2C(=O)c3ccccc3C2=O)[C@@H]2OC(C)(C)O[C@@H]21.Cc1cc(C)[n+](F)c(C)c1.O=S(=O)([O-])C(F)(F)F>>CC(=O)OC[C@@]1(F)C[C@@H](N2C(=O)c3ccccc3C2=O)[C@@H]2OC(C)(C)O[C@@H]21,183,140,0,True,4,4,1,451,148,,,False
SMILES:F[B-](F)(F)F.F[B-](F)(F)F.F[N+]12CC[N+](CCl)(CC1)CC2.SMILES:Nc1ncc(-c2nc(N3CCOC[C@@H]3CO)nc3c2CCN3C2CC(F)(F)C2)cn1>>SMILES:Nc1ncc(-c2nc(N3CCOC[C@@H]3CF)nc3c2CCN3C2CC(F)(F)C2)cn1,FLUORINATION,349ddddc48599b70,F[B-](F)(F)F.F[B-](F)(F)F.F[N+]12CC[N+](CCl)(CC1)CC2.Nc1ncc(-c2nc(N3CCOC[C@@H]3CO)nc3c2CCN3C2CC(F)(F)C2)cn1>>Nc1ncc(-c2nc(N3CCOC[C@@H]3CF)nc3c2CCN3C2CC(F)(F)C2)cn1,163,140,0,True,3,3,2,489,146,,,False
SMILES:Nc1ncc(-c2nc(N3CCOC[C@@H]3CO)nc3c2CCN3C2CC(F)(F)C2)cn1.SMILES:O=S(=O)(F)C(F)(F)C(F)(F)C(F)(F)C(F)(F)F>>SMILES:Nc1ncc(-c2nc(N3CCOC[C@@H]3CF)nc3c2CCN3C2CC(F)(F)C2)cn1,FLUORINATION,fd9a7eac0684d951,Nc1ncc(-c2nc(N3CCOC[C@@H]3CO)nc3c2CCN3C2CC(F)(F)C2)cn1.O=S(=O)(F)C(F)(F)C(F)(F)C(F)(F)C(F)(F)F>>Nc1ncc(-c2nc(N3CCOC[C@@H]3CF)nc3c2CCN3C2CC(F)(F)C2)cn1,150,140,0,True,3,3,1,476,146,,,False
SMILES:C[N+]12CC[N+](F)(CC1)CC2.F[B-](F)(F)F.F[B-](F)(F)F.SMILES:Nc1ncc(-c2nc(N3CCOC[C@@H]3CO)nc3c2CCN3C2CC(F)(F)C2)cn1>>SMILES:Nc1ncc(-c2nc(N3CCOC[C@@H]3CF)nc3c2CCN3C2CC(F)(F)C2)cn1,FLUORINATION,2287ad3890b25be7,C[N+]12CC[N+](F)(CC1)CC2.F[B-](F)(F)F.F[B-](F)(F)F.Nc1ncc(-c2nc(N3CCOC[C@@H]3CO)nc3c2CCN3C2CC(F)(F)C2)cn1>>Nc1ncc(-c2nc(N3CCOC[C@@H]3CF)nc3c2CCN3C2CC(F)(F)C2)cn1,161,139,0,True,3,3,2,487,145,,,False
SMILES:F[B-](F)(F)F.F[B-](F)(F)F.O[N+]12CC[N+](F)(CC1)CC2.SMILES:Nc1ncc(-c2nc(N3CCOC[C@@H]3CO)nc3c2CCN3C2CC(F)(F)C2)cn1>>SMILES:Nc1ncc(-c2nc(N3CCOC[C@@H]3CF)nc3c2CCN3C2CC(F)(F)C2)cn1,FLUORINATION,18b03f35698c5475,F[B-](F)(F)F.F[B-](F)(F)F.O[N+]12CC[N+](F)(CC1)CC2.Nc1ncc(-c2nc(N3CCOC[C@@H]3CO)nc3c2CCN3C2CC(F)(F)C2)cn1>>Nc1ncc(-c2nc(N3CCOC[C@@H]3CF)nc3c2CCN3C2CC(F)(F)C2)cn1,161,139,0,True,3,3,1,487,145,,,False
SMILES:Nc1ncc(-c2nc(N3CCOC[C@@H]3CO)nc3c2CCN3C2CC(F)(F)C2)cn1.SMILES:O=S(=O)(c1ccccc1)N(F)S(=O)(=O)c1ccccc1>>SMILES:Nc1ncc(-c2nc(N3CCOC[C@@H]3CF)nc3c2CCN3C2CC(F)(F)C2)cn1,FLUORINATION,727058f7e41fc4cc,Nc1ncc(-c2nc(N3CCOC[C@@H]3CO)nc3c2CCN3C2CC(F)(F)C2)cn1.O=S(=O)(c1ccccc1)N(F)S(=O)(=O)c1ccccc1>>Nc1ncc(-c2nc(N3CCOC[C@@H]3CF)nc3c2CCN3C2CC(F)(F)C2)cn1,149,139,0,True,3,3,2,475,145,,,False
SMILES:CC(=O)OC[C@]1(O)C[C@@H](N2C(=O)c3ccccc3C2=O)[C@@H]2OC(C)(C)O[C@@H]21.SMILES:Cc1ccc(S(=O)(=O)[O-])cc1.Cc1ccc[n+](C)c1F>>SMILES:CC(=O)OC[C@@]1(F)C[C@@H](N2C(=O)c3ccccc3C2=O)[C@@H]2OC(C)(C)O[C@@H]21,FLUORINATION,86102bc485f970fc,CC(=O)OC[C@]1(O)C[C@@H](N2C(=O)c3ccccc3C2=O)[C@@H]2OC(C)(C)O[C@@H]21.Cc1ccc(S(=O)(=O)[O-])cc1.Cc1ccc[n+](C)c1F>>CC(=O)OC[C@@]1(F)C[C@@H](N2C(=O)c3ccccc3C2=O)[C@@H]2OC(C)(C)O[C@@H]21,181,138,0,True,4,4,1,451,148,,,False
SMILES:Cc1cc(C)[n+](F)c(C)c1.O=S(=O)([O-])C(F)(F)F.SMILES:Nc1ncc(-c2nc(N3CCOC[C@@H]3CO)nc3c2CCN3C2CC(F)(F)C2)cn1>>SMILES:Nc1ncc(-c2nc(N3CCOC[C@@H]3CF)nc3c2CCN3C2CC(F)(F)C2)cn1,FLUORINATION,fd875a64810a7670,Cc1cc(C)[n+](F)c(C)c1.O=S(=O)([O-])C(F)(F)F.Nc1ncc(-c2nc(N3CCOC[C@@H]3CO)nc3c2CCN3C2CC(F)(F)C2)cn1>>Nc1ncc(-c2nc(N3CCOC[C@@H]3CF)nc3c2CCN3C2CC(F)(F)C2)cn1,154,138,0,True,3,3,2,480,144,,,False
SMILES:C[C@H](C(=O)Nc1nnc(CCSCCc2nnc(NC(=O)[C@H](C)c3cccnc3)s2)s1)c1cccnc1.SMILES:c1ccc([Si]c2ccccc2)cc1>>SMILES:C[C@H](C(=O)Nc1nnc(CCSCCc2nnc(NC[C@H](C)c3cccnc3)s2)s1)c1cccnc1,SILANE REDUCTION,a8fe19c66a0630a2,C[C@H](C(=O)Nc1nnc(CCSCCc2nnc(NC(=O)[C@H](C)c3cccnc3)s2)s1)c1cccnc1.c1ccc([Si]c2ccccc2)cc1>>C[C@H](C(=O)Nc1nnc(CCSCCc2nnc(NC[C@H](C)c3cccnc3)s2)s1)c1cccnc1,155,136,0,True,1,1,1,539,136,,,False
SMILES:Cc1ccc(S(=O)(=O)[O-])cc1.Cc1ccc[n+](C)c1F.SMILES:Nc1ncc(-c2nc(N3CCOC[C@@H]3CO)nc3c2CCN3C2CC(F)(F)C2)cn1>>SMILES:Nc1ncc(-c2nc(N3CCOC[C@@H]3CF)nc3c2CCN3C2CC(F)(F)C2)cn1,FLUORINATION,426a04a80f70d884,Cc1ccc(S(=O)(=O)[O-])cc1.Cc1ccc[n+](C)c1F.Nc1ncc(-c2nc(N3CCOC[C@@H]3CO)nc3c2CCN3C2CC(F)(F)C2)cn1>>Nc1ncc(-c2nc(N3CCOC[C@@H]3CF)nc3c2CCN3C2CC(F)(F)C2)cn1,152,136,0,True,3,3,1,480,144,,,False
SMILES:CC(=O)OC[C@]1(O)C[C@@H](N2C(=O)c3ccccc3C2=O)[C@@H]2OC(C)(C)O[C@@H]21.SMILES:CN(C)C(F)=[N+](C)C.F[P-](F)(F)(F)(F)F>>SMILES:CC(=O)OC[C@@]1(F)C[C@@H](N2C(=O)c3ccccc3C2=O)[C@@H]2OC(C)(C)O[C@@H]21,FLUORINATION,5574580b672e628b,CC(=O)OC[C@]1(O)C[C@@H](N2C(=O)c3ccccc3C2=O)[C@@H]2OC(C)(C)O[C@@H]21.CN(C)C(F)=[N+](C)C.F[P-](F)(F)(F)(F)F>>CC(=O)OC[C@@]1(F)C[C@@H](N2C(=O)c3ccccc3C2=O)[C@@H]2OC(C)(C)O[C@@H]21,177,134,0,True,4,4,1,445,142,,,False
SMILES:CC(C)(C)OC(=O)N1CCC[C@@H](N(C(=O)c2ccc(Br)cc2)c2ncccc2Cl)C1.SMILES:c1cnc2ccnn2c1>>SMILES:CC(C)(C)OC(=O)N1CCC[C@@H](N(C(=O)c2ccc(-c3cnn4cccnc34)cc2)c2ncccc2Cl)C1,CH ACTIVATION,86158537b8118c5e,CC(C)(C)OC(=O)N1CCC[C@@H](N(C(=O)c2ccc(Br)cc2)c2ncccc2Cl)C1.c1cnc2ccnn2c1>>CC(C)(C)OC(=O)N1CCC[C@@H](N(C(=O)c2ccc(-c3cnn4cccnc34)cc2)c2ncccc2Cl)C1,146,133,0,True,1,1,1,560,140,,,False
SMILES:CN(C)C(F)=[N+](C)C.F[P-](F)(F)(F)(F)F.SMILES:Nc1ncc(-c2nc(N3CCOC[C@@H]3CO)nc3c2CCN3C2CC(F)(F)C2)cn1>>SMILES:Nc1ncc(-c2nc(N3CCOC[C@@H]3CF)nc3c2CCN3C2CC(F)(F)C2)cn1,FLUORINATION,540bf1e16498f79d,CN(C)C(F)=[N+](C)C.F[P-](F)(F)(F)(F)F.Nc1ncc(-c2nc(N3CCOC[C@@H]3CO)nc3c2CCN3C2CC(F)(F)C2)cn1>>Nc1ncc(-c2nc(N3CCOC[C@@H]3CF)nc3c2CCN3C2CC(F)(F)C2)cn1,148,132,0,True,3,3,2,474,138,,,False
SMILES:CC(=O)OC[C@]1(O)C[C@@H](N2C(=O)c3ccccc3C2=O)[C@@H]2OC(C)(C)O[C@@H]21.SMILES:Cc1cc(C)[n+](F)c(C)c1.F[B-](F)(F)F>>SMILES:CC(=O)OC[C@@]1(F)C[C@@H](N2C(=O)c3ccccc3C2=O)[C@@H]2OC(C)(C)O[C@@H]21,FLUORINATION,a00f389a0aec83f2,CC(=O)OC[C@]1(O)C[C@@H](N2C(=O)c3ccccc3C2=O)[C@@H]2OC(C)(C)O[C@@H]21.Cc1cc(C)[n+](F)c(C)c1.F[B-](F)(F)F>>CC(=O)OC[C@@]1(F)C[C@@H](N2C(=O)c3ccccc3C2=O)[C@@H]2OC(C)(C)O[C@@H]21,174,131,0,True,4,8,1,442,139,,,False
SMILES:CC(=O)OC[C@]1(O)C[C@@H](N2C(=O)c3ccccc3C2=O)[C@@H]2OC(C)(C)O[C@@H]21.SMILES:F[n+]1ccccc1.O=S(=O)([O-])C(F)(F)F>>SMILES:CC(=O)OC[C@@]1(F)C[C@@H](N2C(=O)c3ccccc3C2=O)[C@@H]2OC(C)(C)O[C@@H]21,FLUORINATION,a1ab8e2cceb02e13,CC(=O)OC[C@]1(O)C[C@@H](N2C(=O)c3ccccc3C2=O)[C@@H]2OC(C)(C)O[C@@H]21.F[n+]1ccccc1.O=S(=O)([O-])C(F)(F)F>>CC(=O)OC[C@@]1(F)C[C@@H](N2C(=O)c3ccccc3C2=O)[C@@H]2OC(C)(C)O[C@@H]21,174,131,0,True,4,4,1,442,139,,,False
SMILES:Brc1ccccn1.SMILES:Cn1cc(Nc2nc(O[C@H]3C[C@H](N(C)C(=O)OC(C)(C)C)C3)c3cc[nH]c3n2)cn1>>SMILES:Cn1cc(Nc2nc(O[C@H]3C[C@H](N(C)C(=O)OC(C)(C)C)C3)c3c(-c4ccccn4)c[nH]c3n2)cn1,SUZUKI,81609962b22b2dea,Brc1ccccn1.Cn1cc(Nc2nc(O[C@H]3C[C@H](N(C)C(=O)OC(C)(C)C)C3)c3cc[nH]c3n2)cn1>>Cn1cc(Nc2nc(O[C@H]3C[C@H](N(C)C(=O)OC(C)(C)C)C3)c3c(-c4ccccn4)c[nH]c3n2)cn1,152,129,0,True,17,17,2,530,132,,,False
SMILES:CC(=O)OC[C@]1(O)C[C@@H](N2C(=O)c3ccccc3C2=O)[C@@H]2OC(C)(C)O[C@@H]21.SMILES:CCN(CC)C(F)(F)C(F)C(F)(F)F>>SMILES:CC(=O)OC[C@@]1(F)C[C@@H](N2C(=O)c3ccccc3C2=O)[C@@H]2OC(C)(C)O[C@@H]21,FLUORINATION,2b2d282ecf2a8de0,CC(=O)OC[C@]1(O)C[C@@H](N2C(=O)c3ccccc3C2=O)[C@@H]2OC(C)(C)O[C@@H]21.CCN(CC)C(F)(F)C(F)C(F)(F)F>>CC(=O)OC[C@@]1(F)C[C@@H](N2C(=O)c3ccccc3C2=O)[C@@H]2OC(C)(C)O[C@@H]21,166,129,0,True,4,4,2,434,137,,,False
SMILES:CCO[Si](OCC)OCC.SMILES:C[C@H](C(=O)Nc1nnc(CCSCCc2nnc(NC(=O)[C@H](C)c3cccnc3)s2)s1)c1cccnc1>>SMILES:C[C@H](C(=O)Nc1nnc(CCSCCc2nnc(NC[C@H](C)c3cccnc3)s2)s1)c1cccnc1,SILANE REDUCTION,995526f3de739ece,CCO[Si](OCC)OCC.C[C@H](C(=O)Nc1nnc(CCSCCc2nnc(NC(=O)[C@H](C)c3cccnc3)s2)s1)c1cccnc1>>C[C@H](C(=O)Nc1nnc(CCSCCc2nnc(NC[C@H](C)c3cccnc3)s2)s1)c1cccnc1,148,129,0,True,1,1,1,531,129,,,False
SMILES:Cc1cc(C)[n+](F)c(C)c1.F[B-](F)(F)F.SMILES:Nc1ncc(-c2nc(N3CCOC[C@@H]3CO)nc3c2CCN3C2CC(F)(F)C2)cn1>>SMILES:Nc1ncc(-c2nc(N3CCOC[C@@H]3CF)nc3c2CCN3C2CC(F)(F)C2)cn1,FLUORINATION,8e162ce65d3d788a,Cc1cc(C)[n+](F)c(C)c1.F[B-](F)(F)F.Nc1ncc(-c2nc(N3CCOC[C@@H]3CO)nc3c2CCN3C2CC(F)(F)C2)cn1>>Nc1ncc(-c2nc(N3CCOC[C@@H]3CF)nc3c2CCN3C2CC(F)(F)C2)cn1,145,129,0,True,3,6,1,471,135,,,False
SMILES:F[n+]1ccccc1.O=S(=O)([O-])C(F)(F)F.SMILES:Nc1ncc(-c2nc(N3CCOC[C@@H]3CO)nc3c2CCN3C2CC(F)(F)C2)cn1>>SMILES:Nc1ncc(-c2nc(N3CCOC[C@@H]3CF)nc3c2CCN3C2CC(F)(F)C2)cn1,FLUORINATION,866491567842d900,F[n+]1ccccc1.O=S(=O)([O-])C(F)(F)F.Nc1ncc(-c2nc(N3CCOC[C@@H]3CO)nc3c2CCN3C2CC(F)(F)C2)cn1>>Nc1ncc(-c2nc(N3CCOC[C@@H]3CF)nc3c2CCN3C2CC(F)(F)C2)cn1,145,129,0,True,3,3,1,471,135,,,False
SMILES:CC(=O)OC[C@]1(O)C[C@@H](N2C(=O)c3ccccc3C2=O)[C@@H]2OC(C)(C)O[C@@H]21.SMILES:CCCC[N+](CCCC)(CCCC)CCCC.F.[F-]>>SMILES:CC(=O)OC[C@@]1(F)C[C@@H](N2C(=O)c3ccccc3C2=O)[C@@H]2OC(C)(C)O[C@@H]21,FLUORINATION,2c4e4c4b61fc3831,CC(=O)OC[C@]1(O)C[C@@H](N2C(=O)c3ccccc3C2=O)[C@@H]2OC(C)(C)O[C@@H]21.CCCC[N+](CCCC)(CCCC)CCCC.F.[F-]>>CC(=O)OC[C@@]1(F)C[C@@H](N2C(=O)c3ccccc3C2=O)[C@@H]2OC(C)(C)O[C@@H]21,171,128,0,True,4,4,1,440,136,,,False
SMILES:CC(=O)OC[C@]1(O)C[C@@H](N2C(=O)c3ccccc3C2=O)[C@@H]2OC(C)(C)O[C@@H]21.SMILES:FS(F)=[N+]1CCOCC1.F[B-](F)(F)F>>SMILES:CC(=O)OC[C@@]1(F)C[C@@H](N2C(=O)c3ccccc3C2=O)[C@@H]2OC(C)(C)O[C@@H]21,FLUORINATION,baabcafd3ee59adc,CC(=O)OC[C@]1(O)C[C@@H](N2C(=O)c3ccccc3C2=O)[C@@H]2OC(C)(C)O[C@@H]21.FS(F)=[N+]1CCOCC1.F[B-](F)(F)F>>CC(=O)OC[C@@]1(F)C[C@@H](N2C(=O)c3ccccc3C2=O)[C@@H]2OC(C)(C)O[C@@H]21,170,127,0,True,4,4,1,438,135,,,False
SMILES:CCN(CC)C(F)(F)C(F)C(F)(F)F.SMILES:Nc1ncc(-c2nc(N3CCOC[C@@H]3CO)nc3c2CCN3C2CC(F)(F)C2)cn1>>SMILES:Nc1ncc(-c2nc(N3CCOC[C@@H]3CF)nc3c2CCN3C2CC(F)(F)C2)cn1,FLUORINATION,23b7c13b796d1670,CCN(CC)C(F)(F)C(F)C(F)(F)F.Nc1ncc(-c2nc(N3CCOC[C@@H]3CO)nc3c2CCN3C2CC(F)(F)C2)cn1>>Nc1ncc(-c2nc(N3CCOC[C@@H]3CF)nc3c2CCN3C2CC(F)(F)C2)cn1,137,127,0,True,3,3,1,463,133,,,False
SMILES:CC(=O)OC[C@]1(O)C[C@@H](N2C(=O)c3ccccc3C2=O)[C@@H]2OC(C)(C)O[C@@H]21.SMILES:CCCC[N+](CCCC)(CCCC)CCCC.[F-]>>SMILES:CC(=O)OC[C@@]1(F)C[C@@H](N2C(=O)c3ccccc3C2=O)[C@@H]2OC(C)(C)O[C@@H]21,FLUORINATION,aa60785df8bc68f5,CC(=O)OC[C@]1(O)C[C@@H](N2C(=O)c3ccccc3C2=O)[C@@H]2OC(C)(C)O[C@@H]21.CCCC[N+](CCCC)(CCCC)CCCC.[F-]>>CC(=O)OC[C@@]1(F)C[C@@H](N2C(=O)c3ccccc3C2=O)[C@@H]2OC(C)(C)O[C@@H]21,169,126,0,True,4,4,1,397,110,,,False
SMILES:CC(=O)OC[C@]1(O)C[C@@H](N2C(=O)c3ccccc3C2=O)[C@@H]2OC(C)(C)O[C@@H]21.SMILES:CC[N+](CC)=S(F)F.F[B-](F)(F)F>>SMILES:CC(=O)OC[C@@]1(F)C[C@@H](N2C(=O)c3ccccc3C2=O)[C@@H]2OC(C)(C)O[C@@H]21,FLUORINATION,b0a16a6e099edb6d,CC(=O)OC[C@]1(O)C[C@@H](N2C(=O)c3ccccc3C2=O)[C@@H]2OC(C)(C)O[C@@H]21.CC[N+](CC)=S(F)F.F[B-](F)(F)F>>CC(=O)OC[C@@]1(F)C[C@@H](N2C(=O)c3ccccc3C2=O)[C@@H]2OC(C)(C)O[C@@H]21,169,126,0,True,4,4,1,437,134,,,False
SMILES:COc1cc(C)nc(OCc2ccccc2)c1CN1CCc2c(C)cc(C(=O)[C@H]3CCOC3)c(Cl)c2C1=O>>SMILES:COc1cc(C)nc(OCc2ccccc2)c1CN1CCc2c(C)cc(C(O)C3CCOC3)c(Cl)c2C1=O,HYDROGENATION,5cd2076563763896,COc1cc(C)nc(OCc2ccccc2)c1CN1CCc2c(C)cc(C(=O)[C@H]3CCOC3)c(Cl)c2C1=O>>COc1cc(C)nc(OCc2ccccc2)c1CN1CCc2c(C)cc(C(O)C3CCOC3)c(Cl)c2C1=O,131,125,0,True,70,96,1,555,133,,,False
SMILES:FS(F)=[N+]1CCOCC1.F[B-](F)(F)F.SMILES:Nc1ncc(-c2nc(N3CCOC[C@@H]3CO)nc3c2CCN3C2CC(F)(F)C2)cn1>>SMILES:Nc1ncc(-c2nc(N3CCOC[C@@H]3CF)nc3c2CCN3C2CC(F)(F)C2)cn1,FLUORINATION,1f42dd273a7ffc85,FS(F)=[N+]1CCOCC1.F[B-](F)(F)F.Nc1ncc(-c2nc(N3CCOC[C@@H]3CO)nc3c2CCN3C2CC(F)(F)C2)cn1>>Nc1ncc(-c2nc(N3CCOC[C@@H]3CF)nc3c2CCN3C2CC(F)(F)C2)cn1,141,125,0,True,3,3,2,467,131,,,False
SMILES:CC[N+](CC)=S(F)F.F[B-](F)(F)F.SMILES:Nc1ncc(-c2nc(N3CCOC[C@@H]3CO)nc3c2CCN3C2CC(F)(F)C2)cn1>>SMILES:Nc1ncc(-c2nc(N3CCOC[C@@H]3CF)nc3c2CCN3C2CC(F)(F)C2)cn1,FLUORINATION,8eabe16d2debfd41,CC[N+](CC)=S(F)F.F[B-](F)(F)F.Nc1ncc(-c2nc(N3CCOC[C@@H]3CO)nc3c2CCN3C2CC(F)(F)C2)cn1>>Nc1ncc(-c2nc(N3CCOC[C@@H]3CF)nc3c2CCN3C2CC(F)(F)C2)cn1,140,124,0,True,3,3,2,466,130,,,False
SMILES:CC(=O)OC[C@]1(O)C[C@@H](N2C(=O)c3ccccc3C2=O)[C@@H]2OC(C)(C)O[C@@H]21.SMILES:CCN(CC)C(F)(F)C(F)Cl>>SMILES:CC(=O)OC[C@@]1(F)C[C@@H](N2C(=O)c3ccccc3C2=O)[C@@H]2OC(C)(C)O[C@@H]21,FLUORINATION,1c93bed6d665b203,CC(=O)OC[C@]1(O)C[C@@H](N2C(=O)c3ccccc3C2=O)[C@@H]2OC(C)(C)O[C@@H]21.CCN(CC)C(F)(F)C(F)Cl>>CC(=O)OC[C@@]1(F)C[C@@H](N2C(=O)c3ccccc3C2=O)[C@@H]2OC(C)(C)O[C@@H]21,160,122,0,True,4,4,1,428,130,,,False
SMILES:CC(=O)OC[C@]1(O)C[C@@H](N2C(=O)c3ccccc3C2=O)[C@@H]2OC(C)(C)O[C@@H]21.SMILES:COCCN(CCOC)S(F)(F)F>>SMILES:CC(=O)OC[C@@]1(F)C[C@@H](N2C(=O)c3ccccc3C2=O)[C@@H]2OC(C)(C)O[C@@H]21,FLUORINATION,0ae52dc9ddf67fb1,CC(=O)OC[C@]1(O)C[C@@H](N2C(=O)c3ccccc3C2=O)[C@@H]2OC(C)(C)O[C@@H]21.COCCN(CCOC)S(F)(F)F>>CC(=O)OC[C@@]1(F)C[C@@H](N2C(=O)c3ccccc3C2=O)[C@@H]2OC(C)(C)O[C@@H]21,159,122,0,True,4,12,1,427,130,,,False
SMILES:Clc1ncnc2[nH]ccc12.SMILES:O=C(O[C@H](c1ccc(Cl)c(F)c1)[C@H]1OC(O)[C@H](O)[C@@H]1O)c1ccccc1>>SMILES:O=C(O[C@H](c1ccc(Cl)c(F)c1)[C@H]1OC(n2ccc3c(Cl)ncnc32)[C@H](O)[C@@H]1O)c1ccccc1,MITSUNOBU,4711c57c7039f2fe,Clc1ncnc2[nH]ccc12.O=C(O[C@H](c1ccc(Cl)c(F)c1)[C@H]1OC(O)[C@H](O)[C@@H]1O)c1ccccc1>>O=C(O[C@H](c1ccc(Cl)c(F)c1)[C@H]1OC(n2ccc3c(Cl)ncnc32)[C@H](O)[C@@H]1O)c1ccccc1,163,122,0,True,1,17,1,513,126,,,False
SMILES:CCN(CC)C(F)(F)C(F)Cl.SMILES:Nc1ncc(-c2nc(N3CCOC[C@@H]3CO)nc3c2CCN3C2CC(F)(F)C2)cn1>>SMILES:Nc1ncc(-c2nc(N3CCOC[C@@H]3CF)nc3c2CCN3C2CC(F)(F)C2)cn1,FLUORINATION,b3b45292c32b9964,CCN(CC)C(F)(F)C(F)Cl.Nc1ncc(-c2nc(N3CCOC[C@@H]3CO)nc3c2CCN3C2CC(F)(F)C2)cn1>>Nc1ncc(-c2nc(N3CCOC[C@@H]3CF)nc3c2CCN3C2CC(F)(F)C2)cn1,131,120,0,True,3,3,1,457,126,,,False
SMILES:COCCN(CCOC)S(F)(F)F.SMILES:Nc1ncc(-c2nc(N3CCOC[C@@H]3CO)nc3c2CCN3C2CC(F)(F)C2)cn1>>SMILES:Nc1ncc(-c2nc(N3CCOC[C@@H]3CF)nc3c2CCN3C2CC(F)(F)C2)cn1,FLUORINATION,c028937c1c54cef3,COCCN(CCOC)S(F)(F)F.Nc1ncc(-c2nc(N3CCOC[C@@H]3CO)nc3c2CCN3C2CC(F)(F)C2)cn1>>Nc1ncc(-c2nc(N3CCOC[C@@H]3CF)nc3c2CCN3C2CC(F)(F)C2)cn1,130,120,0,True,3,9,2,456,126,,,False
SMILES:CC(=O)OC[C@]1(O)C[C@@H](N2C(=O)c3ccccc3C2=O)[C@@H]2OC(C)(C)O[C@@H]21.SMILES:FS(F)(F)N1CCOCC1>>SMILES:CC(=O)OC[C@@]1(F)C[C@@H](N2C(=O)c3ccccc3C2=O)[C@@H]2OC(C)(C)O[C@@H]21,FLUORINATION,4fce03a5e997f473,CC(=O)OC[C@]1(O)C[C@@H](N2C(=O)c3ccccc3C2=O)[C@@H]2OC(C)(C)O[C@@H]21.FS(F)(F)N1CCOCC1>>CC(=O)OC[C@@]1(F)C[C@@H](N2C(=O)c3ccccc3C2=O)[C@@H]2OC(C)(C)O[C@@H]21,156,119,0,True,4,4,1,424,127,,,False
SMILES:CC(C)(C)OC(=O)N1CCC[C@@H](N(C(=O)c2ccc(Br)c(I)c2)c2ncccc2Cl)C1.SMILES:[Cs+].[F-].SMILES:[F][Ag]>>SMILES:CC(C)(C)OC(=O)N1CCC[C@@H](N(C(=O)c2ccc(Br)c(F)c2)c2ncccc2Cl)C1,FLUORINATION,4bcacd09bba89ede,CC(C)(C)OC(=O)N1CCC[C@@H](N(C(=O)c2ccc(Br)c(I)c2)c2ncccc2Cl)C1.[Cs+].[F-].[F][Ag]>>CC(C)(C)OC(=O)N1CCC[C@@H](N(C(=O)c2ccc(Br)c(F)c2)c2ncccc2Cl)C1,145,119,0,True,72,146,2,473,123,,,False
SMILES:CC(C)(C)OC(=O)N1CCC[C@@H](N(C(=O)c2ccc(Br)c(I)c2)c2ncccc2Cl)C1.SMILES:[F-].[K+].SMILES:[F][Ag]>>SMILES:CC(C)(C)OC(=O)N1CCC[C@@H](N(C(=O)c2ccc(Br)c(F)c2)c2ncccc2Cl)C1,FLUORINATION,4bcacd09bba89ede,CC(C)(C)OC(=O)N1CCC[C@@H](N(C(=O)c2ccc(Br)c(I)c2)c2ncccc2Cl)C1.[F-].[K+].[F][Ag]>>CC(C)(C)OC(=O)N1CCC[C@@H](N(C(=O)c2ccc(Br)c(F)c2)c2ncccc2Cl)C1,144,119,0,True,72,146,2,462,119,,,False
SMILES:CC(=O)OC[C@]1(O)C[C@@H](N2C(=O)c3ccccc3C2=O)[C@@H]2OC(C)(C)O[C@@H]21.SMILES:CCN(CC)CC.F.F.F>>SMILES:CC(=O)OC[C@@]1(F)C[C@@H](N2C(=O)c3ccccc3C2=O)[C@@H]2OC(C)(C)O[C@@H]21,FLUORINATION,093d20903fd4ab60,CC(=O)OC[C@]1(O)C[C@@H](N2C(=O)c3ccccc3C2=O)[C@@H]2OC(C)(C)O[C@@H]21.CCN(CC)CC.F.F.F>>CC(=O)OC[C@@]1(F)C[C@@H](N2C(=O)c3ccccc3C2=O)[C@@H]2OC(C)(C)O[C@@H]21,155,118,0,True,4,4,1,424,126,,,False
SMILES:CC(=O)OC[C@]1(O)C[C@@H](N2C(=O)c3ccccc3C2=O)[C@@H]2OC(C)(C)O[C@@H]21.SMILES:CCN(CC)S(F)(F)F>>SMILES:CC(=O)OC[C@@]1(F)C[C@@H](N2C(=O)c3ccccc3C2=O)[C@@H]2OC(C)(C)O[C@@H]21,FLUORINATION,ba2ab5b9f58c75e7,CC(=O)OC[C@]1(O)C[C@@H](N2C(=O)c3ccccc3C2=O)[C@@H]2OC(C)(C)O[C@@H]21.CCN(CC)S(F)(F)F>>CC(=O)OC[C@@]1(F)C[C@@H](N2C(=O)c3ccccc3C2=O)[C@@H]2OC(C)(C)O[C@@H]21,155,118,0,True,4,4,1,423,126,,,False
SMILES:CC(=O)OC[C@]1(O)C[C@@H](N2C(=O)c3ccccc3C2=O)[C@@H]2OC(C)(C)O[C@@H]21.SMILES:CN1CCN(C)C1(F)F>>SMILES:CC(=O)OC[C@@]1(F)C[C@@H](N2C(=O)c3ccccc3C2=O)[C@@H]2OC(C)(C)O[C@@H]21,FLUORINATION,5306c105d58cc6ea,CC(=O)OC[C@]1(O)C[C@@H](N2C(=O)c3ccccc3C2=O)[C@@H]2OC(C)(C)O[C@@H]21.CN1CCN(C)C1(F)F>>CC(=O)OC[C@@]1(F)C[C@@H](N2C(=O)c3ccccc3C2=O)[C@@H]2OC(C)(C)O[C@@H]21,155,118,0,True,4,4,1,425,128,,,False
SMILES:CC(=O)OC[C@]1(O)C[C@@H](N2C(=O)c3ccccc3C2=O)[C@@H]2OC(C)(C)O[C@@H]21.SMILES:Fc1nc(F)nc(F)n1>>SMILES:CC(=O)OC[C@@]1(F)C[C@@H](N2C(=O)c3ccccc3C2=O)[C@@H]2OC(C)(C)O[C@@H]21,FLUORINATION,6bfaef8298f2c074,CC(=O)OC[C@]1(O)C[C@@H](N2C(=O)c3ccccc3C2=O)[C@@H]2OC(C)(C)O[C@@H]21.Fc1nc(F)nc(F)n1>>CC(=O)OC[C@@]1(F)C[C@@H](N2C(=O)c3ccccc3C2=O)[C@@H]2OC(C)(C)O[C@@H]21,155,118,0,True,4,4,1,423,126,,,False
SMILES:CCOC(=O)c1cc(N)n(-c2ccccc2)n1.SMILES:O=C(O)c1cc(-c2ccccn2)c(Cl)cc1Cl>>SMILES:CCOC(=O)c1cc(NC(=O)c2cc(-c3ccccn3)c(Cl)cc2Cl)n(-c2ccccc2)n1,AMIDE COUPLING,b51860c3f901ebb8,CCOC(=O)c1cc(N)n(-c2ccccc2)n1.O=C(O)c1cc(-c2ccccn2)c(Cl)cc1Cl>>CCOC(=O)c1cc(NC(=O)c2cc(-c3ccccn3)c(Cl)cc2Cl)n(-c2ccccc2)n1,122,118,0,True,94,192,2,469,118,,,False
SMILES:FS(F)(F)N1CCOCC1.SMILES:Nc1ncc(-c2nc(N3CCOC[C@@H]3CO)nc3c2CCN3C2CC(F)(F)C2)cn1>>SMILES:Nc1ncc(-c2nc(N3CCOC[C@@H]3CF)nc3c2CCN3C2CC(F)(F)C2)cn1,FLUORINATION,fef28d138d881ba6,FS(F)(F)N1CCOCC1.Nc1ncc(-c2nc(N3CCOC[C@@H]3CO)nc3c2CCN3C2CC(F)(F)C2)cn1>>Nc1ncc(-c2nc(N3CCOC[C@@H]3CF)nc3c2CCN3C2CC(F)(F)C2)cn1,127,117,0,True,3,3,2,453,123,,,False
SMILES:CC(=O)OC[C@]1(O)C[C@@H](N2C(=O)c3ccccc3C2=O)[C@@H]2OC(C)(C)O[C@@H]21.SMILES:CN(C)S(F)(F)F>>SMILES:CC(=O)OC[C@@]1(F)C[C@@H](N2C(=O)c3ccccc3C2=O)[C@@H]2OC(C)(C)O[C@@H]21,FLUORINATION,20d0a852d32b2357,CC(=O)OC[C@]1(O)C[C@@H](N2C(=O)c3ccccc3C2=O)[C@@H]2OC(C)(C)O[C@@H]21.CN(C)S(F)(F)F>>CC(=O)OC[C@@]1(F)C[C@@H](N2C(=O)c3ccccc3C2=O)[C@@H]2OC(C)(C)O[C@@H]21,153,116,0,True,4,4,1,421,124,,,False
SMILES:CC(C)(C)OC(=O)N1CCC[C@@H](N(C(=O)c2ccc(Br)c(I)c2)c2ncccc2Cl)C1.SMILES:[Cs+].[F-]>>SMILES:CC(C)(C)OC(=O)N1CCC[C@@H](N(C(=O)c2ccc(Br)c(F)c2)c2ncccc2Cl)C1,FLUORINATION,21fe653bc58e8c06,CC(C)(C)OC(=O)N1CCC[C@@H](N(C(=O)c2ccc(Br)c(I)c2)c2ncccc2Cl)C1.[Cs+].[F-]>>CC(C)(C)OC(=O)N1CCC[C@@H](N(C(=O)c2ccc(Br)c(F)c2)c2ncccc2Cl)C1,137,116,0,True,74,75,2,465,120,,,False
SMILES:CC(C)(C)OC(=O)N1CCC[C@@H](N(C(=O)c2ccc(Br)c(I)c2)c2ncccc2Cl)C1.SMILES:[F-].[K+]>>SMILES:CC(C)(C)OC(=O)N1CCC[C@@H](N(C(=O)c2ccc(Br)c(F)c2)c2ncccc2Cl)C1,FLUORINATION,21fe653bc58e8c06,CC(C)(C)OC(=O)N1CCC[C@@H](N(C(=O)c2ccc(Br)c(I)c2)c2ncccc2Cl)C1.[F-].[K+]>>CC(C)(C)OC(=O)N1CCC[C@@H](N(C(=O)c2ccc(Br)c(F)c2)c2ncccc2Cl)C1,136,116,0,True,74,75,1,446,116,,,False
SMILES:CCN(CC)S(F)(F)F.SMILES:Nc1ncc(-c2nc(N3CCOC[C@@H]3CO)nc3c2CCN3C2CC(F)(F)C2)cn1>>SMILES:Nc1ncc(-c2nc(N3CCOC[C@@H]3CF)nc3c2CCN3C2CC(F)(F)C2)cn1,FLUORINATION,e483b4c6c8f59772,CCN(CC)S(F)(F)F.Nc1ncc(-c2nc(N3CCOC[C@@H]3CO)nc3c2CCN3C2CC(F)(F)C2)cn1>>Nc1ncc(-c2nc(N3CCOC[C@@H]3CF)nc3c2CCN3C2CC(F)(F)C2)cn1,126,116,0,True,3,3,2,452,122,,,False
SMILES:CN1CCN(C)C1(F)F.SMILES:Nc1ncc(-c2nc(N3CCOC[C@@H]3CO)nc3c2CCN3C2CC(F)(F)C2)cn1>>SMILES:Nc1ncc(-c2nc(N3CCOC[C@@H]3CF)nc3c2CCN3C2CC(F)(F)C2)cn1,FLUORINATION,6ea1b5243a2d2293,CN1CCN(C)C1(F)F.Nc1ncc(-c2nc(N3CCOC[C@@H]3CO)nc3c2CCN3C2CC(F)(F)C2)cn1>>Nc1ncc(-c2nc(N3CCOC[C@@H]3CF)nc3c2CCN3C2CC(F)(F)C2)cn1,126,116,0,True,3,3,2,454,124,,,False
SMILES:Fc1nc(F)nc(F)n1.SMILES:Nc1ncc(-c2nc(N3CCOC[C@@H]3CO)nc3c2CCN3C2CC(F)(F)C2)cn1>>SMILES:Nc1ncc(-c2nc(N3CCOC[C@@H]3CF)nc3c2CCN3C2CC(F)(F)C2)cn1,FLUORINATION,5bfb51f1aa1049a0,Fc1nc(F)nc(F)n1.Nc1ncc(-c2nc(N3CCOC[C@@H]3CO)nc3c2CCN3C2CC(F)(F)C2)cn1>>Nc1ncc(-c2nc(N3CCOC[C@@H]3CF)nc3c2CCN3C2CC(F)(F)C2)cn1,126,116,0,True,3,3,2,452,122,,,False
SMILES:C[C@@H](Oc1cc(Br)cnc1N)c1cc(F)ccc1C(=O)N(C)Cc1cn(CC2CCC2)nn1.SMILES:O.SMILES:[Cu][I]>>SMILES:C[C@H]1Oc2cc(cnc2N)-c2c(nnn2CC2CCC2)CN(C)C(=O)c2ccc(F)cc21,CH ACTIVATION,51ba32b745bfe4a8,C[C@@H](Oc1cc(Br)cnc1N)c1cc(F)ccc1C(=O)N(C)Cc1cn(CC2CCC2)nn1.O.[Cu][I]>>C[C@H]1Oc2cc(cnc2N)-c2c(nnn2CC2CCC2)CN(C)C(=O)c2ccc(F)cc21,130,115,0,True,1,3,1,480,124,,,False
SMILES:C[C@@H](Oc1cc(I)cnc1N)c1cccnc1C(=O)N(C)Cc1cc(C(C)(C)C)nn1C.SMILES:O.SMILES:[Cu][I]>>SMILES:CC1Oc2cc(cnc2N)-c2c(C(C)(C)C)nn(C)c2CN(C)C(=O)c2ncccc21,CH ACTIVATION,c559f46558988325,C[C@@H](Oc1cc(I)cnc1N)c1cccnc1C(=O)N(C)Cc1cc(C(C)(C)C)nn1C.O.[Cu][I]>>CC1Oc2cc(cnc2N)-c2c(C(C)(C)C)nn(C)c2CN(C)C(=O)c2ncccc21,125,115,0,True,1,3,1,464,124,,,False
SMILES:CC(=O)OC[C@]1(O)C[C@@H](N2C(=O)c3ccccc3C2=O)[C@@H]2OC(C)(C)O[C@@H]21.SMILES:C[N+](C)(C)C.[F-]>>SMILES:CC(=O)OC[C@@]1(F)C[C@@H](N2C(=O)c3ccccc3C2=O)[C@@H]2OC(C)(C)O[C@@H]21,FLUORINATION,769f49f2233ba36a,CC(=O)OC[C@]1(O)C[C@@H](N2C(=O)c3ccccc3C2=O)[C@@H]2OC(C)(C)O[C@@H]21.C[N+](C)(C)C.[F-]>>CC(=O)OC[C@@]1(F)C[C@@H](N2C(=O)c3ccccc3C2=O)[C@@H]2OC(C)(C)O[C@@H]21,157,114,0,True,4,4,1,423,122,,,False
SMILES:CN(C)S(F)(F)F.SMILES:Nc1ncc(-c2nc(N3CCOC[C@@H]3CO)nc3c2CCN3C2CC(F)(F)C2)cn1>>SMILES:Nc1ncc(-c2nc(N3CCOC[C@@H]3CF)nc3c2CCN3C2CC(F)(F)C2)cn1,FLUORINATION,4b35ec581979b600,CN(C)S(F)(F)F.Nc1ncc(-c2nc(N3CCOC[C@@H]3CO)nc3c2CCN3C2CC(F)(F)C2)cn1>>Nc1ncc(-c2nc(N3CCOC[C@@H]3CF)nc3c2CCN3C2CC(F)(F)C2)cn1,124,114,0,True,3,3,1,450,120,,,False
SMILES:CC(=O)OC[C@]1(O)C[C@@H](N2C(=O)c3ccccc3C2=O)[C@@H]2OC(C)(C)O[C@@H]21.SMILES:F.c1ccncc1>>SMILES:CC(=O)OC[C@@]1(F)C[C@@H](N2C(=O)c3ccccc3C2=O)[C@@H]2OC(C)(C)O[C@@H]21,FLUORINATION,6879975d106d6dc9,CC(=O)OC[C@]1(O)C[C@@H](N2C(=O)c3ccccc3C2=O)[C@@H]2OC(C)(C)O[C@@H]21.F.c1ccncc1>>CC(=O)OC[C@@]1(F)C[C@@H](N2C(=O)c3ccccc3C2=O)[C@@H]2OC(C)(C)O[C@@H]21,150,113,0,True,4,4,1,419,121,,,False
SMILES:C[C@@H](Oc1cc(I)cnc1N)c1cccnc1C(=O)N(C)Cc1cc(C(C)(C)C)nn1C.SMILES:[Cu][I]>>SMILES:CC1Oc2cc(cnc2N)-c2c(C(C)(C)C)nn(C)c2CN(C)C(=O)c2ncccc21,CH ACTIVATION,c559f46558988325,C[C@@H](Oc1cc(I)cnc1N)c1cccnc1C(=O)N(C)Cc1cc(C(C)(C)C)nn1C.[Cu][I]>>CC1Oc2cc(cnc2N)-c2c(C(C)(C)C)nn(C)c2CN(C)C(=O)c2ncccc21,123,113,0,True,1,9,1,462,122,,,False
SMILES:CC(=O)OC[C@]1(O)C[C@@H](N2C(=O)c3ccccc3C2=O)[C@@H]2OC(C)(C)O[C@@H]21.SMILES:[F][Ce]([F])([F])[F]>>SMILES:CC(=O)OC[C@@]1(F)C[C@@H](N2C(=O)c3ccccc3C2=O)[C@@H]2OC(C)(C)O[C@@H]21,FLUORINATION,aa60785df8bc68f5,CC(=O)OC[C@]1(O)C[C@@H](N2C(=O)c3ccccc3C2=O)[C@@H]2OC(C)(C)O[C@@H]21.[F][Ce]([F])([F])[F]>>CC(=O)OC[C@@]1(F)C[C@@H](N2C(=O)c3ccccc3C2=O)[C@@H]2OC(C)(C)O[C@@H]21,160,112,0,True,4,4,1,397,110,,,False
SMILES:C[C@@H](Oc1cc(Br)cnc1N)c1cc(F)ccc1C(=O)N(C)Cc1cn(CC2CCC2)nn1.SMILES:O>>SMILES:C[C@H]1Oc2cc(cnc2N)-c2c(nnn2CC2CCC2)CN(C)C(=O)c2ccc(F)cc21,CH ACTIVATION,23b0ce9cdb41c5e5,C[C@@H](Oc1cc(Br)cnc1N)c1cc(F)ccc1C(=O)N(C)Cc1cn(CC2CCC2)nn1.O>>C[C@H]1Oc2cc(cnc2N)-c2c(nnn2CC2CCC2)CN(C)C(=O)c2ccc(F)cc21,122,112,0,True,1,3,1,474,121,,,False
SMILES:C[C@@H](Oc1cc(I)cnc1N)c1cccnc1C(=O)N(C)Cc1cc(C(C)(C)C)nn1C.SMILES:O>>SMILES:CC1Oc2cc(cnc2N)-c2c(C(C)(C)C)nn(C)c2CN(C)C(=O)c2ncccc21,CH ACTIVATION,1162f1ad86c968e9,C[C@@H](Oc1cc(I)cnc1N)c1cccnc1C(=O)N(C)Cc1cc(C(C)(C)C)nn1C.O>>CC1Oc2cc(cnc2N)-c2c(C(C)(C)C)nn(C)c2CN(C)C(=O)c2ncccc21,117,112,0,True,1,3,1,458,121,,,False
SMILES:CC1(C)OB(CB2OC(C)(C)C(C)(C)O2)OC1(C)C.SMILES:O=P(N=Cc1ccccc1)(c1ccccc1)c1ccccc1>>SMILES:O=P(NC(CO)c1ccccc1)(c1ccccc1)c1ccccc1,PD BORYLATION,5fcf3e373e0bb27a,CC1(C)OB(CB2OC(C)(C)C(C)(C)O2)OC1(C)C.O=P(N=Cc1ccccc1)(c1ccccc1)c1ccccc1>>O=P(NC(CO)c1ccccc1)(c1ccccc1)c1ccccc1,111,111,0,True,98,99,2,373,115,,,False
SMILES:C[C@@H](Oc1cc(I)cnc1N)c1cccnc1C(=O)N(C)Cc1cc(C(C)(C)C)nn1C>>SMILES:CC1Oc2cc(cnc2N)-c2c(C(C)(C)C)nn(C)c2CN(C)C(=O)c2ncccc21,CH ACTIVATION,1162f1ad86c968e9,C[C@@H](Oc1cc(I)cnc1N)c1cccnc1C(=O)N(C)Cc1cc(C(C)(C)C)nn1C>>CC1Oc2cc(cnc2N)-c2c(C(C)(C)C)nn(C)c2CN(C)C(=O)c2ncccc21,115,110,0,True,1,9,1,456,119,,,False
SMILES:CC(=O)OC[C@]1(O)C[C@@H](N2C(=O)c3ccccc3C2=O)[C@@H]2OC(C)(C)O[C@@H]21.SMILES:[F][Co]([F])[F]>>SMILES:CC(=O)OC[C@@]1(F)C[C@@H](N2C(=O)c3ccccc3C2=O)[C@@H]2OC(C)(C)O[C@@H]21,FLUORINATION,7039c7d1ff2ce8ae,CC(=O)OC[C@]1(O)C[C@@H](N2C(=O)c3ccccc3C2=O)[C@@H]2OC(C)(C)O[C@@H]21.[F][Co]([F])[F]>>CC(=O)OC[C@@]1(F)C[C@@H](N2C(=O)c3ccccc3C2=O)[C@@H]2OC(C)(C)O[C@@H]21,155,109,0,True,4,4,1,417,117,,,False
SMILES:CC1(C)[C@@H]2C[C@H]([B-]3[C@H]4CCC[C@@H]3CCC4)[C@@H](CCOCc3ccccc3)[C@H]1C2.[Li+].SMILES:CS(=O)(=O)N1CCC(=O)[C@@H](O)C1.SMILES:NCc1ccccc1>>SMILES:CS(=O)(=O)N1CC[C@@H](N)[C@@H](O)C1,AMINATION,7d2bb8f83a6a8841,CC1(C)[C@@H]2C[C@H]([B-]3[C@H]4CCC[C@@H]3CCC4)[C@@H](CCOCc3ccccc3)[C@H]1C2.[Li+].CS(=O)(=O)N1CCC(=O)[C@@H](O)C1.NCc1ccccc1>>CS(=O)(=O)N1CC[C@@H](N)[C@@H](O)C1,158,109,0,True,2,2,2,276,113,,,False
SMILES:CC(=O)OC[C@]1(O)C[C@@H](N2C(=O)c3ccccc3C2=O)[C@@H]2OC(C)(C)O[C@@H]21.SMILES:F.[F-].[K+]>>SMILES:CC(=O)OC[C@@]1(F)C[C@@H](N2C(=O)c3ccccc3C2=O)[C@@H]2OC(C)(C)O[C@@H]21,FLUORINATION,aa60785df8bc68f5,CC(=O)OC[C@]1(O)C[C@@H](N2C(=O)c3ccccc3C2=O)[C@@H]2OC(C)(C)O[C@@H]21.F.[F-].[K+]>>CC(=O)OC[C@@]1(F)C[C@@H](N2C(=O)c3ccccc3C2=O)[C@@H]2OC(C)(C)O[C@@H]21,151,108,0,True,4,4,1,420,116,,,False
SMILES:CO.SMILES:Nc1ncncc1OCC1CCN(c2cc(Cl)nc(OC[C@H]3CCCO3)n2)CC1>>SMILES:Nc1ncncc1OCC1CCN(c2cc(C(=O)NC34CC(C3)C4)nc(OC[C@H]3CCCO3)n2)CC1,CARBONYLATION,0647530097fa03a0,CO.Nc1ncncc1OCC1CCN(c2cc(Cl)nc(OC[C@H]3CCCO3)n2)CC1>>Nc1ncncc1OCC1CCN(c2cc(C(=O)NC34CC(C3)C4)nc(OC[C@H]3CCCO3)n2)CC1,116,107,0,True,5,5,2,451,111,,,False
SMILES:C[C@]1(N2CCc3c(-c4cnc(N)nc4)nc(N4CCOCC4)nc32)CCN(Cc2ccccc2)C1>>SMILES:CC1(N2CCc3c(-c4cnc(N)nc4)nc(N4CCOCC4)nc32)CCNC1,HYDROGENATION,48408b1ff60a103a,C[C@]1(N2CCc3c(-c4cnc(N)nc4)nc(N4CCOCC4)nc32)CCN(Cc2ccccc2)C1>>CC1(N2CCc3c(-c4cnc(N)nc4)nc(N4CCOCC4)nc32)CCNC1,110,107,0,True,96,96,1,420,109,,,False
SMILES:B[C@@H]1C[C@@H]2C[C@H]([C@H]1C)C2(C)C.B[C@@H]1C[C@@H]2C[C@H]([C@H]1C)C2(C)C.CN(C)CCN(C)C.SMILES:CS(=O)(=O)N1CCC(=O)[C@@H](O)C1.SMILES:N>>SMILES:CS(=O)(=O)N1CC[C@@H](N)[C@H](O)C1,AMINATION,91828b8150f8ffa4,B[C@@H]1C[C@@H]2C[C@H]([C@H]1C)C2(C)C.B[C@@H]1C[C@@H]2C[C@H]([C@H]1C)C2(C)C.CN(C)CCN(C)C.CS(=O)(=O)N1CCC(=O)[C@@H](O)C1.N>>CS(=O)(=O)N1CC[C@@H](N)[C@H](O)C1,156,106,0,True,1,4,1,279,114,,,False
SMILES:B[C@H]1C[C@@H]2C[C@H]([C@@H]1C)C2(C)C.B[C@H]1C[C@H]2C[C@H]([C@@H]1C)C2(C)C.CN(C)CCN(C)C.SMILES:CS(=O)(=O)N1CCC(=O)[C@@H](O)C1.SMILES:N>>SMILES:CS(=O)(=O)N1CC[C@@H](N)[C@H](O)C1,AMINATION,91828b8150f8ffa4,B[C@H]1C[C@@H]2C[C@H]([C@@H]1C)C2(C)C.B[C@H]1C[C@H]2C[C@H]([C@@H]1C)C2(C)C.CN(C)CCN(C)C.CS(=O)(=O)N1CCC(=O)[C@@H](O)C1.N>>CS(=O)(=O)N1CC[C@@H](N)[C@H](O)C1,155,106,0,True,1,4,1,283,114,,,False
SMILES:CC(=O)OC[C@]1(O)C[C@@H](N2C(=O)c3ccccc3C2=O)[C@@H]2OC(C)(C)O[C@@H]21.SMILES:F[Xe]F>>SMILES:CC(=O)OC[C@@]1(F)C[C@@H](N2C(=O)c3ccccc3C2=O)[C@@H]2OC(C)(C)O[C@@H]21,FLUORINATION,c943e9e4e30fa172,CC(=O)OC[C@]1(O)C[C@@H](N2C(=O)c3ccccc3C2=O)[C@@H]2OC(C)(C)O[C@@H]21.F[Xe]F>>CC(=O)OC[C@@]1(F)C[C@@H](N2C(=O)c3ccccc3C2=O)[C@@H]2OC(C)(C)O[C@@H]21,146,106,0,True,4,4,1,414,114,,,False
SMILES:CC(=O)OC[C@]1(O)C[C@@H](N2C(=O)c3ccccc3C2=O)[C@@H]2OC(C)(C)O[C@@H]21.SMILES:[Cs+].[F-]>>SMILES:CC(=O)OC[C@@]1(F)C[C@@H](N2C(=O)c3ccccc3C2=O)[C@@H]2OC(C)(C)O[C@@H]21,FLUORINATION,aa60785df8bc68f5,CC(=O)OC[C@]1(O)C[C@@H](N2C(=O)c3ccccc3C2=O)[C@@H]2OC(C)(C)O[C@@H]21.[Cs+].[F-]>>CC(=O)OC[C@@]1(F)C[C@@H](N2C(=O)c3ccccc3C2=O)[C@@H]2OC(C)(C)O[C@@H]21,150,106,0,True,4,4,1,416,114,,,False
SMILES:CC(=O)OC[C@]1(O)C[C@@H](N2C(=O)c3ccccc3C2=O)[C@@H]2OC(C)(C)O[C@@H]21.SMILES:[F][Ag]>>SMILES:CC(=O)OC[C@@]1(F)C[C@@H](N2C(=O)c3ccccc3C2=O)[C@@H]2OC(C)(C)O[C@@H]21,FLUORINATION,773b5a1c93fdf8f7,CC(=O)OC[C@]1(O)C[C@@H](N2C(=O)c3ccccc3C2=O)[C@@H]2OC(C)(C)O[C@@H]21.[F][Ag]>>CC(=O)OC[C@@]1(F)C[C@@H](N2C(=O)c3ccccc3C2=O)[C@@H]2OC(C)(C)O[C@@H]21,147,105,0,True,4,4,1,413,113,,,False
SMILES:COB([C@H]1C[C@@H]2C[C@@H]([C@@H]1C)C2(C)C)[C@H]1C[C@@H]2C[C@@H]([C@@H]1C)C2(C)C.SMILES:CS(=O)(=O)N1CCC(=O)[C@@H](O)C1.SMILES:NCc1ccccc1>>SMILES:CS(=O)(=O)N1CC[C@@H](N)[C@@H](O)C1,AMINATION,2390be40294aeda8,COB([C@H]1C[C@@H]2C[C@@H]([C@@H]1C)C2(C)C)[C@H]1C[C@@H]2C[C@@H]([C@@H]1C)C2(C)C.CS(=O)(=O)N1CCC(=O)[C@@H](O)C1.NCc1ccccc1>>CS(=O)(=O)N1CC[C@@H](N)[C@@H](O)C1,157,104,0,True,2,2,2,280,112,,,False
SMILES:COCC[B-](F)(F)F.[K+].SMILES:Cc1ccc(S(=O)(=O)n2cc(I)c3c(Cl)nc(Cl)nc32)cc1>>SMILES:COCCc1cn(S(=O)(=O)c2ccc(C)cc2)c2nc(Cl)nc(Cl)c12,BUCHWALD,d7142974c159958d,COCC[B-](F)(F)F.[K+].Cc1ccc(S(=O)(=O)n2cc(I)c3c(Cl)nc(Cl)nc32)cc1>>COCCc1cn(S(=O)(=O)c2ccc(C)cc2)c2nc(Cl)nc(Cl)c12,114,104,0,True,5,5,1,374,106,,,False
SMILES:F[Xe]F.SMILES:Nc1ncc(-c2nc(N3CCOC[C@@H]3CO)nc3c2CCN3C2CC(F)(F)C2)cn1>>SMILES:Nc1ncc(-c2nc(N3CCOC[C@@H]3CF)nc3c2CCN3C2CC(F)(F)C2)cn1,FLUORINATION,63f154c34ad3e78c,F[Xe]F.Nc1ncc(-c2nc(N3CCOC[C@@H]3CO)nc3c2CCN3C2CC(F)(F)C2)cn1>>Nc1ncc(-c2nc(N3CCOC[C@@H]3CF)nc3c2CCN3C2CC(F)(F)C2)cn1,117,104,0,True,3,3,1,443,110,,,False
SMILES:CS(=O)(=O)N1CCC(=O)[C@@H](O)C1.SMILES:C[C@@H]1[C@H]2C[C@@H](C[C@H]1B(Cl)[C@@H]1C[C@@H]3C[C@H]([C@H]1C)C3(C)C)C2(C)C.SMILES:NCc1ccccc1>>SMILES:CS(=O)(=O)N1CC[C@@H](N)[C@@H](O)C1,AMINATION,95a03909f58f1d47,CS(=O)(=O)N1CCC(=O)[C@@H](O)C1.C[C@@H]1[C@H]2C[C@@H](C[C@H]1B(Cl)[C@@H]1C[C@@H]3C[C@H]([C@H]1C)C3(C)C)C2(C)C.NCc1ccccc1>>CS(=O)(=O)N1CC[C@@H](N)[C@@H](O)C1,155,103,0,True,2,2,2,275,109,,,False
SMILES:CC(=O)OC[C@]1(O)C[C@@H](N2C(=O)c3ccccc3C2=O)[C@@H]2OC(C)(C)O[C@@H]21>>SMILES:CC(=O)OC[C@@]1(F)C[C@@H](N2C(=O)c3ccccc3C2=O)[C@@H]2OC(C)(C)O[C@@H]21,FLUORINATION,aa60785df8bc68f5,CC(=O)OC[C@]1(O)C[C@@H](N2C(=O)c3ccccc3C2=O)[C@@H]2OC(C)(C)O[C@@H]21>>CC(=O)OC[C@@]1(F)C[C@@H](N2C(=O)c3ccccc3C2=O)[C@@H]2OC(C)(C)O[C@@H]21,139,102,0,True,4,8,1,397,110,,,False
SMILES:CC(C)(C)OC(=O)N1CC[C@](CO)(Nc2nc(N3CCOCC3)nc(Cl)c2F)C1>>SMILES:CC(C)(C)OC(=O)N1CC[C@](CO)(Nc2nc(N3CCOCC3)nc(Cl)c2F)C1,SOLID FORM,4f53cda18c2baa0c,CC(C)(C)OC(=O)N1CC[C@](CO)(Nc2nc(N3CCOCC3)nc(Cl)c2F)C1>>CC(C)(C)OC(=O)N1CC[C@](CO)(Nc2nc(N3CCOCC3)nc(Cl)c2F)C1,110,102,0,True,4,36,1,430,106,,,False
SMILES:CC1(C)[C@@H]2C[C@H]([B-]3[C@H]4CCC[C@@H]3CCC4)[C@@H](CCOCc3ccccc3)[C@H]1C2.[Li+].SMILES:CS(=O)(=O)N1CCC(=O)[C@@H](O)C1.SMILES:N>>SMILES:CS(=O)(=O)N1CC[C@@H](N)[C@@H](O)C1,AMINATION,acc095de07e5581d,CC1(C)[C@@H]2C[C@H]([B-]3[C@H]4CCC[C@@H]3CCC4)[C@@H](CCOCc3ccccc3)[C@H]1C2.[Li+].CS(=O)(=O)N1CCC(=O)[C@@H](O)C1.N>>CS(=O)(=O)N1CC[C@@H](N)[C@@H](O)C1,149,100,0,True,2,2,2,267,104,,,False
SMILES:COc1ncccc1-c1cnc(N)c(O[C@H](C)c2cc(F)cnc2Cl)c1.SMILES:c1c[nH]nn1>>SMILES:COc1ncccc1-c1cnc(N)c(OC(C)c2cc(F)cnc2-n2ccnn2)c1,BUCHWALD,f8a6fe0d6724400f,COc1ncccc1-c1cnc(N)c(O[C@H](C)c2cc(F)cnc2Cl)c1.c1c[nH]nn1>>COc1ncccc1-c1cnc(N)c(OC(C)c2cc(F)cnc2-n2ccnn2)c1,107,99,0,True,3,3,1,420,104,,,False
SMILES:CC1(C)OB(B2OC(C)(C)C(C)(C)O2)OC1(C)C.SMILES:COC(=O)c1cc(Cl)ccc1Cl>>SMILES:COC(=O)c1cc(Cl)cc(B2OC(C)(C)C(C)(C)O2)c1Cl,PD BORYLATION,64378ec82ac16fc7,CC1(C)OB(B2OC(C)(C)C(C)(C)O2)OC1(C)C.COC(=O)c1cc(Cl)ccc1Cl>>COC(=O)c1cc(Cl)cc(B2OC(C)(C)C(C)(C)O2)c1Cl,102,98,0,True,148,150,2,325,104,,,False
SMILES:CC1(C)[C@H]2CC[C@]1(CS(=O)(=O)O)C(=O)C2.SMILES:Cn1cc(-c2cn3nc(C(=O)O)cc3c(O)n2)cn1>>SMILES:Cn1cc(-c2cn3nccc3c(O)n2)cn1,DECARBOXYLATION,8115a6c1565afd45,CC1(C)[C@H]2CC[C@]1(CS(=O)(=O)O)C(=O)C2.Cn1cc(-c2cn3nc(C(=O)O)cc3c(O)n2)cn1>>Cn1cc(-c2cn3nccc3c(O)n2)cn1,104,97,0,True,8,8,1,223,66,,,False
SMILES:CB1OC(c2ccccc2)(c2ccccc2)[C@@H]2CCCN12.SMILES:CS(=O)(=O)N1CCC(=O)[C@@H](O)C1.SMILES:NCc1ccccc1>>SMILES:CS(=O)(=O)N1CC[C@@H](N)[C@@H](O)C1,AMINATION,b9e38b1e4af4da83,CB1OC(c2ccccc2)(c2ccccc2)[C@@H]2CCCN12.CS(=O)(=O)N1CCC(=O)[C@@H](O)C1.NCc1ccccc1>>CS(=O)(=O)N1CC[C@@H](N)[C@@H](O)C1,116,96,0,True,2,4,2,233,98,,,False
SMILES:COB([C@H]1C[C@@H]2C[C@@H]([C@@H]1C)C2(C)C)[C@H]1C[C@@H]2C[C@@H]([C@@H]1C)C2(C)C.SMILES:CS(=O)(=O)N1CCC(=O)[C@@H](O)C1.SMILES:N>>SMILES:CS(=O)(=O)N1CC[C@@H](N)[C@@H](O)C1,AMINATION,36c44d2358caafc2,COB([C@H]1C[C@@H]2C[C@@H]([C@@H]1C)C2(C)C)[C@H]1C[C@@H]2C[C@@H]([C@@H]1C)C2(C)C.CS(=O)(=O)N1CCC(=O)[C@@H](O)C1.N>>CS(=O)(=O)N1CC[C@@H](N)[C@@H](O)C1,148,95,0,True,2,2,1,271,103,,,False
SMILES:COB([C@H]1C[C@@H]2C[C@H]([C@@H]1C)C2(C)C)[C@H]1C[C@@H]2C[C@H]([C@@H]1C)C2(C)C.SMILES:CS(=O)(=O)N1CCC(=O)[C@@H](O)C1.SMILES:N>>SMILES:CS(=O)(=O)N1CC[C@@H](N)[C@H](O)C1,AMINATION,36c44d2358caafc2,COB([C@H]1C[C@@H]2C[C@H]([C@@H]1C)C2(C)C)[C@H]1C[C@@H]2C[C@H]([C@@H]1C)C2(C)C.CS(=O)(=O)N1CCC(=O)[C@@H](O)C1.N>>CS(=O)(=O)N1CC[C@@H](N)[C@H](O)C1,145,95,0,True,1,4,1,272,103,,,False
SMILES:CCCC[N+](CCCC)(CCCC)CCCC.[C-]#N.SMILES:CS(=O)(=O)O[C@@H]1CN(C(=O)OCc2ccccc2)CC[C@@H]1F>>SMILES:N#C[C@H]1CN(C(=O)OCc2ccccc2)CC[C@@H]1F,CYANATION,9de85e3aedb41721,CCCC[N+](CCCC)(CCCC)CCCC.[C-]#N.CS(=O)(=O)O[C@@H]1CN(C(=O)OCc2ccccc2)CC[C@@H]1F>>N#C[C@H]1CN(C(=O)OCc2ccccc2)CC[C@@H]1F,119,94,0,True,12,12,2,311,98,,,False
SMILES:CS(=O)(=O)N1CCC(=O)[C@@H](O)C1.SMILES:C[C@@H]1[C@H]2C[C@@H](C[C@H]1B(Cl)[C@@H]1C[C@@H]3C[C@H]([C@H]1C)C3(C)C)C2(C)C.SMILES:N>>SMILES:CS(=O)(=O)N1CC[C@@H](N)[C@H](O)C1,AMINATION,294d9e40cce9d4c5,CS(=O)(=O)N1CCC(=O)[C@@H](O)C1.C[C@@H]1[C@H]2C[C@@H](C[C@H]1B(Cl)[C@@H]1C[C@@H]3C[C@H]([C@H]1C)C3(C)C)C2(C)C.N>>CS(=O)(=O)N1CC[C@@H](N)[C@H](O)C1,145,94,0,True,1,4,1,267,100,,,False
SMILES:CS(=O)(=O)N1CCC(=O)[C@@H](O)C1.SMILES:C[C@@H]1[C@H]2C[C@@H](C[C@H]1B1[C@H]3CCC[C@@H]1CCC3)C2(C)C.SMILES:NCc1ccccc1>>SMILES:CS(=O)(=O)N1CC[C@@H](N)[C@@H](O)C1,AMINATION,51fa59ddb3b1e588,CS(=O)(=O)N1CCC(=O)[C@@H](O)C1.C[C@@H]1[C@H]2C[C@@H](C[C@H]1B1[C@H]3CCC[C@@H]1CCC3)C2(C)C.NCc1ccccc1>>CS(=O)(=O)N1CC[C@@H](N)[C@@H](O)C1,136,94,0,True,2,2,1,254,98,,,False
SMILES:CC1(C)OB([C@H]2CCC(=O)C2)OC1(C)C.SMILES:O=C(Cc1ccccn1)Nc1ccc(Br)nn1>>SMILES:O=C1CCC(c2ccc(NC(=O)Cc3ccccn3)nn2)C1,SUZUKI,2f5d7f532f5944d9,CC1(C)OB([C@H]2CCC(=O)C2)OC1(C)C.O=C(Cc1ccccn1)Nc1ccc(Br)nn1>>O=C1CCC(c2ccc(NC(=O)Cc3ccccn3)nn2)C1,98,93,0,True,96,96,2,330,95,,,False
SMILES:CC1(C)OB([C@H]2CCC(=O)C2)OC1(C)C.SMILES:O=C(Cc1ccccn1)Nc1ccc(I)nn1>>SMILES:O=C1CCC(c2ccc(NC(=O)Cc3ccccn3)nn2)C1,SUZUKI,86953485ca1b18e6,CC1(C)OB([C@H]2CCC(=O)C2)OC1(C)C.O=C(Cc1ccccn1)Nc1ccc(I)nn1>>O=C1CCC(c2ccc(NC(=O)Cc3ccccn3)nn2)C1,97,93,0,True,96,96,2,329,95,,,False
SMILES:CCn1cc[n+](C)c1.F[B-](F)(F)F.SMILES:CS(=O)(=O)O[C@@H]1CN(C(=O)OCc2ccccc2)CC[C@@H]1F>>SMILES:N#C[C@H]1CN(C(=O)OCc2ccccc2)CC[C@@H]1F,CYANATION,0f33cdc2af106c80,CCn1cc[n+](C)c1.F[B-](F)(F)F.CS(=O)(=O)O[C@@H]1CN(C(=O)OCc2ccccc2)CC[C@@H]1F>>N#C[C@H]1CN(C(=O)OCc2ccccc2)CC[C@@H]1F,116,91,0,True,12,12,2,312,95,,,False
SMILES:CC(O)c1cccnc1.SMILES:O=[N+]([O-])c1ccccc1F.SMILES:c1ccc([Si](c2ccccc2)c2ccccc2)cc1>>SMILES:CC(Oc1ccccc1[N+](=O)[O-])c1cccnc1,ALKYLATION,f6e4dc753d8a6397,CC(O)c1cccnc1.O=[N+]([O-])c1ccccc1F.c1ccc([Si](c2ccccc2)c2ccccc2)cc1>>CC(Oc1ccccc1[N+](=O)[O-])c1cccnc1,103,88,0,True,30,30,2,285,92,,,False
SMILES:CB1OC(c2ccccc2)(c2ccccc2)[C@@H]2CCCN12.SMILES:CS(=O)(=O)N1CCC(=O)[C@@H](O)C1.SMILES:N>>SMILES:CS(=O)(=O)N1CC[C@@H](N)[C@@H](O)C1,AMINATION,91699b4499ba84e3,CB1OC(c2ccccc2)(c2ccccc2)[C@@H]2CCCN12.CS(=O)(=O)N1CCC(=O)[C@@H](O)C1.N>>CS(=O)(=O)N1CC[C@@H](N)[C@@H](O)C1,107,87,0,True,2,4,2,224,89,,,False
SMILES:CB1OC(c2ccccc2)(c2ccccc2)[C@@H]2CCCN12.SMILES:CS(=O)(=O)N1CCC(=O)[C@@H](O)C1.SMILES:N>>SMILES:CS(=O)(=O)N1CC[C@@H](N)[C@H](O)C1,AMINATION,91699b4499ba84e3,CB1OC(c2ccccc2)(c2ccccc2)[C@@H]2CCCN12.CS(=O)(=O)N1CCC(=O)[C@@H](O)C1.N>>CS(=O)(=O)N1CC[C@@H](N)[C@H](O)C1,106,87,0,True,1,4,1,225,89,,,False
SMILES:CB1OC(c2ccccc2)(c2ccccc2)[C@H]2CCCN12.SMILES:CS(=O)(=O)N1CCC(=O)[C@@H](O)C1.SMILES:N>>SMILES:CS(=O)(=O)N1CC[C@@H](N)[C@H](O)C1,AMINATION,91699b4499ba84e3,CB1OC(c2ccccc2)(c2ccccc2)[C@H]2CCCN12.CS(=O)(=O)N1CCC(=O)[C@@H](O)C1.N>>CS(=O)(=O)N1CC[C@@H](N)[C@H](O)C1,105,87,0,True,1,4,1,224,89,,,False
SMILES:CS(=O)(=O)N1CCC(=O)[C@@H](O)C1.SMILES:C[C@@H]1[C@@H]([B-]2[C@H]3CCC[C@@H]2CCC3)C[C@H]2C[C@@H]1C2(C)C.[Li+].SMILES:N>>SMILES:CS(=O)(=O)N1CC[C@@H](N)[C@H](O)C1,AMINATION,0e30ee84ab72415b,CS(=O)(=O)N1CCC(=O)[C@@H](O)C1.C[C@@H]1[C@@H]([B-]2[C@H]3CCC[C@@H]2CCC3)C[C@H]2C[C@@H]1C2(C)C.[Li+].N>>CS(=O)(=O)N1CC[C@@H](N)[C@H](O)C1,136,87,0,True,1,4,1,256,91,,,False
SMILES:CS(=O)(=O)N1CCC(=O)[C@@H](O)C1.SMILES:C[C@@H]1[C@H]2C[C@@H](C[C@H]1[B-]1[C@H]3CCC[C@@H]1CCC3)C2(C)C.[Li+].SMILES:N>>SMILES:CS(=O)(=O)N1CC[C@@H](N)[C@H](O)C1,AMINATION,0e30ee84ab72415b,CS(=O)(=O)N1CCC(=O)[C@@H](O)C1.C[C@@H]1[C@H]2C[C@@H](C[C@H]1[B-]1[C@H]3CCC[C@@H]1CCC3)C2(C)C.[Li+].N>>CS(=O)(=O)N1CC[C@@H](N)[C@H](O)C1,135,87,0,True,1,4,1,256,91,,,False
SMILES:Cc1sc2nc(NCc3ccccc3)cnc2c1I.SMILES:Clc1ncnc2[nH]ccc12>>SMILES:Cc1sc2nc(NCc3ccccc3)cnc2c1-n1ccc2c(Cl)ncnc21,ULLMANN,9555adb0f5ea3995,Cc1sc2nc(NCc3ccccc3)cnc2c1I.Clc1ncnc2[nH]ccc12>>Cc1sc2nc(NCc3ccccc3)cnc2c1-n1ccc2c(Cl)ncnc21,92,87,0,True,216,216,2,389,96,,,False
SMILES:Brc1cnc(NCc2cncnc2)nc1.SMILES:Cn1ncc2ccc(B(O)O)cc21>>SMILES:Cn1ncc2ccc(C(=O)c3cnc(NCc4cncnc4)nc3)cc21,CARBONYLATION,4ac6cd8c8e2d7a94,Brc1cnc(NCc2cncnc2)nc1.Cn1ncc2ccc(B(O)O)cc21>>Cn1ncc2ccc(C(=O)c3cnc(NCc4cncnc4)nc3)cc21,87,86,0,True,13,14,2,352,90,,,False
SMILES:CC(C)C(C)[B-](C(C)C(C)C)C(C)C(C)C.[K+].SMILES:CS(=O)(=O)N1CCC(=O)[C@@H](O)C1.SMILES:N>>SMILES:CS(=O)(=O)N1CC[C@@H](N)[C@H](O)C1,AMINATION,f3ec35ba78d75d2d,CC(C)C(C)[B-](C(C)C(C)C)C(C)C(C)C.[K+].CS(=O)(=O)N1CCC(=O)[C@@H](O)C1.N>>CS(=O)(=O)N1CC[C@@H](N)[C@H](O)C1,106,86,0,True,1,4,1,224,86,,,False
SMILES:CC(O)c1cccnc1.SMILES:C[Si](C)(C)[Si]([Si](C)(C)C)[Si](C)(C)C.SMILES:O=[N+]([O-])c1ccccc1F>>SMILES:CC(Oc1ccccc1[N+](=O)[O-])c1cccnc1,ALKYLATION,9c5e1eae02acc09d,CC(O)c1cccnc1.C[Si](C)(C)[Si]([Si](C)(C)C)[Si](C)(C)C.O=[N+]([O-])c1ccccc1F>>CC(Oc1ccccc1[N+](=O)[O-])c1cccnc1,110,86,0,True,32,32,2,292,90,,,False
SMILES:CC(C)(C)c1ccc(Br)cn1.SMILES:[Br][Zn][CH2]Cc1ccccc1.SMILES:[C-]#[N+]C(C)(C)C>>SMILES:CC(C)(C)c1ccc(C(=O)C(=O)CCc2ccccc2)cc1,CARBONYLATION,fb92b2430440d2dc,CC(C)(C)c1ccc(Br)cn1.[Br][Zn][CH2]Cc1ccccc1.[C-]#[N+]C(C)(C)C>>CC(C)(C)c1ccc(C(=O)C(=O)CCc2ccccc2)cc1,101,84,0,True,1,1,1,318,84,,,False
SMILES:CO.SMILES:Cc1ccc(S(=O)(=O)OC2=CC(=O)CC2)cc1.SMILES:O=CN1C(=O)c2ccccc2S1(=O)=O>>SMILES:COC(=O)C1=CC(=O)CC1,CARBONYLATION,faada19059a4139d,CO.Cc1ccc(S(=O)(=O)OC2=CC(=O)CC2)cc1.O=CN1C(=O)c2ccccc2S1(=O)=O>>COC(=O)C1=CC(=O)CC1,84,84,0,True,72,72,2,181,86,,,False
SMILES:Cn1cc(-c2cn3nc(C(=O)O)cc3c(O)n2)cn1.SMILES:O=S(=O)(O)c1ccccc1>>SMILES:Cn1cc(-c2cn3nccc3c(O)n2)cn1,DECARBOXYLATION,8115a6c1565afd45,Cn1cc(-c2cn3nc(C(=O)O)cc3c(O)n2)cn1.O=S(=O)(O)c1ccccc1>>Cn1cc(-c2cn3nccc3c(O)n2)cn1,83,83,0,True,8,8,1,223,66,,,False
SMILES:CC(C)(C)OC(=O)N1CCCC1[B-](F)(F)F.[K+].SMILES:Clc1ncc(Cl)c(Cl)n1>>SMILES:CC(C)(C)OC(=O)N1CCCC1c1nc(Cl)ncc1Cl,SUZUKI,1bd6771109794bd5,CC(C)(C)OC(=O)N1CCCC1[B-](F)(F)F.[K+].Clc1ncc(Cl)c(Cl)n1>>CC(C)(C)OC(=O)N1CCCC1c1nc(Cl)ncc1Cl,93,82,0,True,85,85,2,309,88,,,False
SMILES:COc1cc(C(=O)OCS(=O)(=O)Cc2cccnc2)cc(OC)c1OC.SMILES:Cn1cc(Br)cn1>>SMILES:c1cncc(Cc2cnc3ccccc3n2)c1,PD COUPLING,8656bad073a84e5c,COc1cc(C(=O)OCS(=O)(=O)Cc2cccnc2)cc(OC)c1OC.Cn1cc(Br)cn1>>c1cncc(Cc2cnc3ccccc3n2)c1,83,82,0,True,48,48,2,259,86,,,False
SMILES:Brc1cnc2ccccc2n1.SMILES:COc1cc(C(=O)OCS(=O)(=O)Cc2cccnc2)cc(OC)c1OC>>SMILES:Cn1cc(Cc2cccnc2)cn1,PD COUPLING,ba8dac172169ad0c,Brc1cnc2ccccc2n1.COc1cc(C(=O)OCS(=O)(=O)Cc2cccnc2)cc(OC)c1OC>>Cn1cc(Cc2cccnc2)cn1,81,80,0,True,48,48,2,215,84,,,False
SMILES:CC(C)(O)C#N.SMILES:CS(=O)(=O)O[C@@H]1CN(C(=O)OCc2ccccc2)CC[C@@H]1F>>SMILES:N#C[C@H]1CN(C(=O)OCc2ccccc2)CC[C@@H]1F,CYANATION,932936d988dcf1e5,CC(C)(O)C#N.CS(=O)(=O)O[C@@H]1CN(C(=O)OCc2ccccc2)CC[C@@H]1F>>N#C[C@H]1CN(C(=O)OCc2ccccc2)CC[C@@H]1F,99,80,0,True,12,12,2,293,84,,,False
SMILES:CCCC[N+](CCCC)(CCCC)CCCC.[BH2-]C#N.SMILES:CS(=O)(=O)N1CCC(=O)[C@@H](O)C1.SMILES:N>>SMILES:CS(=O)(=O)N1CC[C@@H](N)[C@H](O)C1,AMINATION,b964528b4244ab1c,CCCC[N+](CCCC)(CCCC)CCCC.[BH2-]C#N.CS(=O)(=O)N1CCC(=O)[C@@H](O)C1.N>>CS(=O)(=O)N1CC[C@@H](N)[C@H](O)C1,102,80,0,True,1,4,1,217,80,,,False
SMILES:CS(=O)(=O)O[C@@H]1CN(C(=O)OCc2ccccc2)CC[C@@H]1F.SMILES:C[Si](C)(C)C#N>>SMILES:N#C[C@H]1CN(C(=O)OCc2ccccc2)CC[C@@H]1F,CYANATION,92a5879c981c6f82,CS(=O)(=O)O[C@@H]1CN(C(=O)OCc2ccccc2)CC[C@@H]1F.C[Si](C)(C)C#N>>N#C[C@H]1CN(C(=O)OCc2ccccc2)CC[C@@H]1F,102,80,0,True,12,12,2,296,84,,,False
SMILES:Cc1nnc2n1-c1ccccc1NC(=O)C2.SMILES:Clc1ccc(I)cc1>>SMILES:Cc1nnc2n1-c1ccccc1N(c1ccc(Cl)cc1)C(=O)C2,BUCHWALD,ecfb163133d31fcf,Cc1nnc2n1-c1ccccc1NC(=O)C2.Clc1ccc(I)cc1>>Cc1nnc2n1-c1ccccc1N(c1ccc(Cl)cc1)C(=O)C2,82,80,0,True,1,1,1,325,86,,,False
SMILES:Cn1cc(-c2cn3nc(C(=O)O)cc3c(O)n2)cn1.SMILES:O=C(O)C(F)(F)F>>SMILES:Cn1cc(-c2cn3nccc3c(O)n2)cn1,DECARBOXYLATION,8115a6c1565afd45,Cn1cc(-c2cn3nc(C(=O)O)cc3c(O)n2)cn1.O=C(O)C(F)(F)F>>Cn1cc(-c2cn3nccc3c(O)n2)cn1,79,79,0,True,8,8,1,223,66,,,False
SMILES:CNC(=O)c1n[nH]c2cc(Br)ccc12.SMILES:OCc1ccc(B(O)O)cc1>>SMILES:CNC(=O)c1n[nH]c2cc(-c3ccc(CO)cc3)ccc12,SUZUKI,f6cfc473c21052a8,CNC(=O)c1n[nH]c2cc(Br)ccc12.OCc1ccc(B(O)O)cc1>>CNC(=O)c1n[nH]c2cc(-c3ccc(CO)cc3)ccc12,85,78,0,True,5,5,1,302,81,,,False
SMILES:CCC(C)[B-](C(C)CC)C(C)CC.[Na+].SMILES:CS(=O)(=O)N1CCC(=O)[C@@H](O)C1.SMILES:N>>SMILES:CS(=O)(=O)N1CC[C@@H](N)[C@H](O)C1,AMINATION,44575b168faa521c,CCC(C)[B-](C(C)CC)C(C)CC.[Na+].CS(=O)(=O)N1CCC(=O)[C@@H](O)C1.N>>CS(=O)(=O)N1CC[C@@H](N)[C@H](O)C1,98,77,0,True,1,4,1,216,77,,,False
SMILES:CCCC[N+](CCCC)(CCCC)CCCC.[BH3-].SMILES:CS(=O)(=O)N1CCC(=O)[C@@H](O)C1.SMILES:N>>SMILES:CS(=O)(=O)N1CC[C@@H](N)[C@H](O)C1,AMINATION,d361e3f8c7a6cdde,CCCC[N+](CCCC)(CCCC)CCCC.[BH3-].CS(=O)(=O)N1CCC(=O)[C@@H](O)C1.N>>CS(=O)(=O)N1CC[C@@H](N)[C@H](O)C1,99,77,0,True,1,4,1,216,77,,,False
SMILES:B1Oc2ccccc2O1.SMILES:CS(=O)(=O)N1CCC(=O)[C@@H](O)C1.SMILES:NCc1ccccc1>>SMILES:CS(=O)(=O)N1CC[C@@H](N)[C@@H](O)C1,AMINATION,d873f5085efaef0b,B1Oc2ccccc2O1.CS(=O)(=O)N1CCC(=O)[C@@H](O)C1.NCc1ccccc1>>CS(=O)(=O)N1CC[C@@H](N)[C@@H](O)C1,91,76,0,True,1,1,1,208,78,,,False
SMILES:B1Oc2ccccc2O1.SMILES:CS(=O)(=O)N1CCC(=O)[C@@H](O)C1.SMILES:NCc1ccccc1>>SMILES:CS(=O)(=O)N1CC[C@@H](N)[C@H](O)C1,AMINATION,d873f5085efaef0b,B1Oc2ccccc2O1.CS(=O)(=O)N1CCC(=O)[C@@H](O)C1.NCc1ccccc1>>CS(=O)(=O)N1CC[C@@H](N)[C@H](O)C1,90,76,0,True,1,1,1,209,78,,,False
SMILES:CC(C)(C)OC(=O)N1CC=CC1=O.SMILES:COc1ncccc1Br>>SMILES:COc1ncccc1C1=CC(=O)N(C(=O)OC(C)(C)C)C1,HECK,d7cc49a0f91fb58d,CC(C)(C)OC(=O)N1CC=CC1=O.COc1ncccc1Br>>COc1ncccc1C1=CC(=O)N(C(=O)OC(C)(C)C)C1,77,76,0,True,186,186,2,304,82,,,False
SMILES:CC(C)(C)OC(=O)N1CCC[C@@H](O)C1.SMILES:CCOc1ccccc1Br>>SMILES:CCOc1ccccc1O[C@@H]1CCCN(C(=O)OC(C)(C)C)C1,BUCHWALD,2ee02ab1503b7cf0,CC(C)(C)OC(=O)N1CCC[C@@H](O)C1.CCOc1ccccc1Br>>CCOc1ccccc1O[C@@H]1CCCN(C(=O)OC(C)(C)C)C1,87,76,0,True,5,5,1,342,80,,,False
SMILES:CI.SMILES:COC(=O)[C@H]1C[C@@H](O)CN(C(=O)OCc2ccccc2)C1>>SMILES:COC(=O)[C@H]1C[C@@H](OC)CN(C(=O)OCc2ccccc2)C1,ALKYLATION,fa3db7be53364f87,CI.COC(=O)[C@H]1C[C@@H](O)CN(C(=O)OCc2ccccc2)C1>>COC(=O)[C@H]1C[C@@H](OC)CN(C(=O)OCc2ccccc2)C1,94,76,0,True,144,144,2,323,76,,,False
SMILES:COCC[O][Al-][O]CCOC.[Na+].SMILES:CS(=O)(=O)N1CCC(=O)[C@@H](O)C1.SMILES:NCc1ccccc1>>SMILES:CS(=O)(=O)N1CC[C@@H](N)[C@@H](O)C1,AMINATION,cb627cdb9d0bf85b,COCC[O][Al-][O]CCOC.[Na+].CS(=O)(=O)N1CCC(=O)[C@@H](O)C1.NCc1ccccc1>>CS(=O)(=O)N1CC[C@@H](N)[C@@H](O)C1,103,76,0,True,2,2,1,216,76,,,False
SMILES:CS(=O)(=O)O.SMILES:Cn1cc(-c2cn3nc(C(=O)O)cc3c(O)n2)cn1>>SMILES:Cn1cc(-c2cn3nccc3c(O)n2)cn1,DECARBOXYLATION,8115a6c1565afd45,CS(=O)(=O)O.Cn1cc(-c2cn3nc(C(=O)O)cc3c(O)n2)cn1>>Cn1cc(-c2cn3nccc3c(O)n2)cn1,76,76,0,True,8,8,1,223,66,,,False
SMILES:CS(=O)(=O)O[C@@H]1CN(C(=O)OCc2ccccc2)CC[C@@H]1F.SMILES:N#[C][Zn][C]#N>>SMILES:N#C[C@H]1CN(C(=O)OCc2ccccc2)CC[C@@H]1F,CYANATION,51242379a84c23cc,CS(=O)(=O)O[C@@H]1CN(C(=O)OCc2ccccc2)CC[C@@H]1F.N#[C][Zn][C]#N>>N#C[C@H]1CN(C(=O)OCc2ccccc2)CC[C@@H]1F,102,76,0,True,12,12,2,292,80,,,False
SMILES:Cn1cc(-c2cn3nc(C(=O)O)cc3c(O)n2)cn1.SMILES:O=S(=O)(O)O>>SMILES:Cn1cc(-c2cn3nccc3c(O)n2)cn1,DECARBOXYLATION,8115a6c1565afd45,Cn1cc(-c2cn3nc(C(=O)O)cc3c(O)n2)cn1.O=S(=O)(O)O>>Cn1cc(-c2cn3nccc3c(O)n2)cn1,76,76,0,True,8,8,1,223,66,,,False
SMILES:Cn1cc(-c2cn3nc(C(=O)O)cc3c(O)n2)cn1.SMILES:O=P(O)(O)O>>SMILES:Cn1cc(-c2cn3nccc3c(O)n2)cn1,DECARBOXYLATION,8115a6c1565afd45,Cn1cc(-c2cn3nc(C(=O)O)cc3c(O)n2)cn1.O=P(O)(O)O>>Cn1cc(-c2cn3nccc3c(O)n2)cn1,75,75,0,True,8,8,1,223,66,,,False
SMILES:CC(C)(C)OC(=O)N1CC=CC1=O.SMILES:COc1ncccc1Br>>SMILES:COc1ncccc1C1C=CC(=O)N1C(=O)OC(C)(C)C,HECK,5bd1539554b38f0b,CC(C)(C)OC(=O)N1CC=CC1=O.COc1ncccc1Br>>COc1ncccc1C1C=CC(=O)N1C(=O)OC(C)(C)C,75,74,0,True,6,6,2,304,82,,,False
SMILES:CO[B-](OC)OC.[Na+].SMILES:CS(=O)(=O)N1CCC(=O)[C@@H](O)C1.SMILES:NCc1ccccc1>>SMILES:CS(=O)(=O)N1CC[C@@H](N)[C@@H](O)C1,AMINATION,5a43acf19bbed5e9,CO[B-](OC)OC.[Na+].CS(=O)(=O)N1CCC(=O)[C@@H](O)C1.NCc1ccccc1>>CS(=O)(=O)N1CC[C@@H](N)[C@@H](O)C1,96,74,0,True,2,2,1,212,74,,,False
SMILES:CS(=O)(=O)O[C@@H]1CN(C(=O)OCc2ccccc2)CC[C@@H]1F.SMILES:N#[C][Cu]>>SMILES:N#C[C@H]1CN(C(=O)OCc2ccccc2)CC[C@@H]1F,CYANATION,b9be168fcb19a494,CS(=O)(=O)O[C@@H]1CN(C(=O)OCc2ccccc2)CC[C@@H]1F.N#[C][Cu]>>N#C[C@H]1CN(C(=O)OCc2ccccc2)CC[C@@H]1F,97,73,0,True,12,12,2,289,77,,,False
SMILES:CS(=O)(=O)O[C@@H]1CN(C(=O)OCc2ccccc2)CC[C@@H]1F.SMILES:N#[C][K]>>SMILES:N#C[C@H]1CN(C(=O)OCc2ccccc2)CC[C@@H]1F,CYANATION,b9be168fcb19a494,CS(=O)(=O)O[C@@H]1CN(C(=O)OCc2ccccc2)CC[C@@H]1F.N#[C][K]>>N#C[C@H]1CN(C(=O)OCc2ccccc2)CC[C@@H]1F,96,73,0,True,12,12,2,288,77,,,False
SMILES:CC(=O)O.SMILES:Cn1cc(-c2cn3nc(C(=O)O)cc3c(O)n2)cn1>>SMILES:Cn1cc(-c2cn3nccc3c(O)n2)cn1,DECARBOXYLATION,8115a6c1565afd45,CC(=O)O.Cn1cc(-c2cn3nc(C(=O)O)cc3c(O)n2)cn1>>Cn1cc(-c2cn3nccc3c(O)n2)cn1,72,72,0,True,8,8,1,223,66,,,False
SMILES:CC(C)(C)OC(=O)N1CCCC1C(=O)O.SMILES:Cn1ccc(Br)n1>>SMILES:Cn1ccc(C2CCCN2C(=O)OC(C)(C)C)n1,PHOTOCHEMISTRY,59f90cb791d1c239,CC(C)(C)OC(=O)N1CCCC1C(=O)O.Cn1ccc(Br)n1>>Cn1ccc(C2CCCN2C(=O)OC(C)(C)C)n1,73,72,0,True,24,24,2,273,76,,,False
SMILES:CC(C)(C)OC(=O)NC1(C(=O)O)CC1.SMILES:N#Cc1cncnc1>>SMILES:CC(C)(C)OC(=O)NC1(c2cncnc2)CC1,PHOTOCHEMISTRY,00c390973bdb93d2,CC(C)(C)OC(=O)NC1(C(=O)O)CC1.N#Cc1cncnc1>>CC(C)(C)OC(=O)NC1(c2cncnc2)CC1,72,72,0,True,48,96,2,252,72,,,False
SMILES:CCOC(=O)c1cnc(Br)n1COCC[Si](C)(C)C.SMILES:N#[C][Zn][C]#N>>SMILES:CCOC(=O)c1cnc(C#N)n1COCC[Si](C)(C)C,CYANATION,13b06c5a3c537b34,CCOC(=O)c1cnc(Br)n1COCC[Si](C)(C)C.N#[C][Zn][C]#N>>CCOC(=O)c1cnc(C#N)n1COCC[Si](C)(C)C,86,72,0,True,1,1,1,298,76,,,False
SMILES:Cn1cc(-c2cn3nc(C(=O)O)cc3c(O)n2)cn1.SMILES:O=[N+]([O-])O>>SMILES:Cn1cc(-c2cn3nccc3c(O)n2)cn1,DECARBOXYLATION,8115a6c1565afd45,Cn1cc(-c2cn3nc(C(=O)O)cc3c(O)n2)cn1.O=[N+]([O-])O>>Cn1cc(-c2cn3nccc3c(O)n2)cn1,78,72,0,True,8,8,1,223,66,,,False
SMILES:B.CCN(CC)c1ccccc1.SMILES:CS(=O)(=O)N1CCC(=O)[C@@H](O)C1.SMILES:N>>SMILES:CS(=O)(=O)N1CC[C@@H](N)[C@H](O)C1,AMINATION,b21c81b9a0f98cde,B.CCN(CC)c1ccccc1.CS(=O)(=O)N1CCC(=O)[C@@H](O)C1.N>>CS(=O)(=O)N1CC[C@@H](N)[C@H](O)C1,85,71,0,True,1,4,1,202,71,,,False
SMILES:CS(=O)(=O)N1CCC(=O)[C@@H](O)C1.SMILES:NCc1ccccc1.SMILES:[BH2-]N(C)C.[Li+]>>SMILES:CS(=O)(=O)N1CC[C@@H](N)[C@@H](O)C1,AMINATION,a7d7e46e5e9b3395,CS(=O)(=O)N1CCC(=O)[C@@H](O)C1.NCc1ccccc1.[BH2-]N(C)C.[Li+]>>CS(=O)(=O)N1CC[C@@H](N)[C@@H](O)C1,95,71,0,True,1,1,1,210,71,,,False
SMILES:CS(=O)(=O)N1CCC(=O)[C@@H](O)C1.SMILES:NCc1ccccc1.SMILES:[BH2-]N(C)C.[Li+]>>SMILES:CS(=O)(=O)N1CC[C@@H](N)[C@H](O)C1,AMINATION,a7d7e46e5e9b3395,CS(=O)(=O)N1CCC(=O)[C@@H](O)C1.NCc1ccccc1.[BH2-]N(C)C.[Li+]>>CS(=O)(=O)N1CC[C@@H](N)[C@H](O)C1,94,71,0,True,1,1,1,211,71,,,False
SMILES:C[C@H]1C[C@H]2CSC(N)=N[C@@]2(c2ccc(F)cc2F)CO1>>SMILES:C[C@H]1C[C@H]2CSC(N)=N[C@@]2(c2cc(O)c(F)cc2F)CO1,BIOMIMETIC OXIDATION,728f3662926e1549,C[C@H]1C[C@H]2CSC(N)=N[C@@]2(c2ccc(F)cc2F)CO1>>C[C@H]1C[C@H]2CSC(N)=N[C@@]2(c2cc(O)c(F)cc2F)CO1,95,71,0,True,36,108,1,300,79,,,False
SMILES:CCOC(=O)OC(C)Cl.SMILES:Cn1ncc(I)c1-c1nn[nH]n1>>SMILES:CCOC(=O)OC(C)n1nnnc1-c1c(I)cnn1C,ALKYLATION,cc8030dba1160103,CCOC(=O)OC(C)Cl.Cn1ncc(I)c1-c1nn[nH]n1>>CCOC(=O)OC(C)n1nnnc1-c1c(I)cnn1C,72,68,0,True,144,144,2,274,70,,,False
SMILES:CS(=O)(=O)O[C@@H]1CN(C(=O)OCc2ccccc2)CC[C@@H]1F>>SMILES:N#C[C@H]1CN(C(=O)OCc2ccccc2)CC[C@@H]1F,CYANATION,7dcd2f395f749e8f,CS(=O)(=O)O[C@@H]1CN(C(=O)OCc2ccccc2)CC[C@@H]1F>>N#C[C@H]1CN(C(=O)OCc2ccccc2)CC[C@@H]1F,87,68,0,True,12,12,2,334,108,,,False
SMILES:Brc1ccc2ncccc2c1.SMILES:CCOC(=O)c1c[nH]nc1O>>SMILES:CCOC(=O)c1cn(-c2ccc3ncccc3c2)nc1O,BUCHWALD,a5f1031885939bcf,Brc1ccc2ncccc2c1.CCOC(=O)c1c[nH]nc1O>>CCOC(=O)c1cn(-c2ccc3ncccc3c2)nc1O,71,67,0,True,192,192,2,292,74,,,False
SMILES:C#C.SMILES:CC(C)(C)C(=O)ONS(=O)(=O)c1ccc(Br)cc1>>SMILES:CC1=NS(=O)(=O)c2ccc(Br)cc21,RH COUPLING,466ac4a91a1fb00e,C#C.CC(C)(C)C(=O)ONS(=O)(=O)c1ccc(Br)cc1>>CC1=NS(=O)(=O)c2ccc(Br)cc21,69,67,0,True,64,64,2,195,69,,,False
SMILES:Br.SMILES:Cn1cc(-c2cn3nc(C(=O)O)cc3c(O)n2)cn1>>SMILES:Cn1cc(-c2cn3nccc3c(O)n2)cn1,DECARBOXYLATION,8115a6c1565afd45,Br.Cn1cc(-c2cn3nc(C(=O)O)cc3c(O)n2)cn1>>Cn1cc(-c2cn3nccc3c(O)n2)cn1,67,66,0,True,8,8,1,223,66,,,False
SMILES:C=C.SMILES:CC(C)(C)C(=O)ONS(=O)(=O)c1ccc(Br)cc1>>SMILES:CC1NS(=O)(=O)c2ccc(Br)cc21,RH COUPLING,645b75447ad4e19b,C=C.CC(C)(C)C(=O)ONS(=O)(=O)c1ccc(Br)cc1>>CC1NS(=O)(=O)c2ccc(Br)cc21,68,66,0,True,96,96,2,196,68,,,False
SMILES:CS(=O)(=O)N1CCC(=O)[C@@H](O)C1.SMILES:NCc1ccccc1.SMILES:[BH3-].[Li+]>>SMILES:CS(=O)(=O)N1CC[C@@H](N)[C@@H](O)C1,AMINATION,dd16101aaa368c15,CS(=O)(=O)N1CCC(=O)[C@@H](O)C1.NCc1ccccc1.[BH3-].[Li+]>>CS(=O)(=O)N1CC[C@@H](N)[C@@H](O)C1,90,66,0,True,1,1,1,205,66,,,False
SMILES:CS(=O)(=O)N1CCC(=O)[C@@H](O)C1.SMILES:NCc1ccccc1.SMILES:[BH3-].[Li+]>>SMILES:CS(=O)(=O)N1CC[C@@H](N)[C@H](O)C1,AMINATION,dd16101aaa368c15,CS(=O)(=O)N1CCC(=O)[C@@H](O)C1.NCc1ccccc1.[BH3-].[Li+]>>CS(=O)(=O)N1CC[C@@H](N)[C@H](O)C1,89,66,0,True,1,1,1,206,66,,,False
SMILES:CS(=O)(=O)N1CCC(=O)[C@@H](O)C1.SMILES:NCc1ccccc1.SMILES:[BH3-].[Na+]>>SMILES:CS(=O)(=O)N1CC[C@@H](N)[C@@H](O)C1,AMINATION,dd16101aaa368c15,CS(=O)(=O)N1CCC(=O)[C@@H](O)C1.NCc1ccccc1.[BH3-].[Na+]>>CS(=O)(=O)N1CC[C@@H](N)[C@@H](O)C1,90,66,0,True,1,1,1,205,66,,,False
SMILES:CS(=O)(=O)N1CCC(=O)[C@@H](O)C1.SMILES:NCc1ccccc1.SMILES:[BH3-].[Na+]>>SMILES:CS(=O)(=O)N1CC[C@@H](N)[C@H](O)C1,AMINATION,dd16101aaa368c15,CS(=O)(=O)N1CCC(=O)[C@@H](O)C1.NCc1ccccc1.[BH3-].[Na+]>>CS(=O)(=O)N1CC[C@@H](N)[C@H](O)C1,89,66,0,True,1,1,1,206,66,,,False
SMILES:Cl.SMILES:Cn1cc(-c2cn3nc(C(=O)O)cc3c(O)n2)cn1>>SMILES:Cn1cc(-c2cn3nccc3c(O)n2)cn1,DECARBOXYLATION,8115a6c1565afd45,Cl.Cn1cc(-c2cn3nc(C(=O)O)cc3c(O)n2)cn1>>Cn1cc(-c2cn3nccc3c(O)n2)cn1,67,66,0,True,8,8,1,223,66,,,False
SMILES:CC[B-](CC)CC.[K+].SMILES:CS(=O)(=O)N1CCC(=O)[C@@H](O)C1.SMILES:N>>SMILES:CS(=O)(=O)N1CC[C@@H](N)[C@H](O)C1,AMINATION,c9a30712ae1362e6,CC[B-](CC)CC.[K+].CS(=O)(=O)N1CCC(=O)[C@@H](O)C1.N>>CS(=O)(=O)N1CC[C@@H](N)[C@H](O)C1,85,65,0,True,1,4,1,203,65,,,False
SMILES:CC[B-](CC)CC.[Li+].SMILES:CS(=O)(=O)N1CCC(=O)[C@@H](O)C1.SMILES:N>>SMILES:CS(=O)(=O)N1CC[C@@H](N)[C@H](O)C1,AMINATION,c9a30712ae1362e6,CC[B-](CC)CC.[Li+].CS(=O)(=O)N1CCC(=O)[C@@H](O)C1.N>>CS(=O)(=O)N1CC[C@@H](N)[C@H](O)C1,86,65,0,True,1,4,1,204,65,,,False
SMILES:CS(=O)(=O)N1CCC(=O)[C@@H](O)C1.SMILES:C[N+](C)(C)C.[BH3-].SMILES:N>>SMILES:CS(=O)(=O)N1CC[C@@H](N)[C@H](O)C1,AMINATION,0753e59f4fee4919,CS(=O)(=O)N1CCC(=O)[C@@H](O)C1.C[N+](C)(C)C.[BH3-].N>>CS(=O)(=O)N1CC[C@@H](N)[C@H](O)C1,87,65,0,True,1,4,1,204,65,,,False
SMILES:CS(=O)(=O)N1CCC(=O)[C@@H](O)C1.SMILES:N.SMILES:[BH2-]N1CCOCC1.[Li+]>>SMILES:CS(=O)(=O)N1CC[C@@H](N)[C@@H](O)C1,AMINATION,a038ae9c45ff9407,CS(=O)(=O)N1CCC(=O)[C@@H](O)C1.N.[BH2-]N1CCOCC1.[Li+]>>CS(=O)(=O)N1CC[C@@H](N)[C@@H](O)C1,89,65,0,True,1,1,1,204,65,,,False
SMILES:CS(=O)(=O)N1CCC(=O)[C@@H](O)C1.SMILES:N.SMILES:[BH2-]N1CCOCC1.[Li+]>>SMILES:CS(=O)(=O)N1CC[C@@H](N)[C@H](O)C1,AMINATION,a038ae9c45ff9407,CS(=O)(=O)N1CCC(=O)[C@@H](O)C1.N.[BH2-]N1CCOCC1.[Li+]>>CS(=O)(=O)N1CC[C@@H](N)[C@H](O)C1,88,65,0,True,1,1,1,205,65,,,False
SMILES:CCCC[N+](CCCC)(CCCC)CCCC.[C-]#N.SMILES:Cc1cc(Br)c(F)cc1C=O>>SMILES:Cc1cc(Br)c(F)cc1C=O,CYANATION,46d7e5d1c6ec8a5d,CCCC[N+](CCCC)(CCCC)CCCC.[C-]#N.Cc1cc(Br)c(F)cc1C=O>>Cc1cc(Br)c(F)cc1C=O,72,64,0,True,48,48,2,178,68,,,False
SMILES:CS(=O)(=O)N1CCC(=O)[C@@H](O)C1.SMILES:N.SMILES:[BH2-]N1CCCC1.[Li+]>>SMILES:CS(=O)(=O)N1CC[C@@H](N)[C@H](O)C1,AMINATION,1bbdb6f58223804a,CS(=O)(=O)N1CCC(=O)[C@@H](O)C1.N.[BH2-]N1CCCC1.[Li+]>>CS(=O)(=O)N1CC[C@@H](N)[C@H](O)C1,87,64,0,True,1,4,1,204,64,,,False
SMILES:F[B-](F)(F)Cc1ccccc1.SMILES:O=Cc1ccc2ccccc2c1>>SMILES:OC(Cc1ccccc1)c1ccc2ccccc2c1,PD COUPLING,ed915e21f99e5133,F[B-](F)(F)Cc1ccccc1.O=Cc1ccc2ccccc2c1>>OC(Cc1ccccc1)c1ccc2ccccc2c1,67,64,0,True,5,5,1,274,68,,,False
SMILES:B.C1CCOC1.SMILES:CS(=O)(=O)N1CCC(=O)[C@@H](O)C1.SMILES:N>>SMILES:CS(=O)(=O)N1CC[C@@H](N)[C@H](O)C1,AMINATION,86a0a64ddfdac5b3,B.C1CCOC1.CS(=O)(=O)N1CCC(=O)[C@@H](O)C1.N>>CS(=O)(=O)N1CC[C@@H](N)[C@H](O)C1,77,63,0,True,1,4,1,194,63,,,False
SMILES:CS(=O)(=O)N1CCC(=O)[C@@H](O)C1.SMILES:N.SMILES:[BH2-]N(C)C.[Li+]>>SMILES:CS(=O)(=O)N1CC[C@@H](N)[C@@H](O)C1,AMINATION,1e1fa58e8e434e23,CS(=O)(=O)N1CCC(=O)[C@@H](O)C1.N.[BH2-]N(C)C.[Li+]>>CS(=O)(=O)N1CC[C@@H](N)[C@@H](O)C1,86,62,0,True,1,1,1,201,62,,,False
SMILES:CS(=O)(=O)N1CCC(=O)[C@@H](O)C1.SMILES:NCc1ccccc1>>SMILES:CS(=O)(=O)N1CC[C@@H](N)[C@@H](O)C1,AMINATION,95a03909f58f1d47,CS(=O)(=O)N1CCC(=O)[C@@H](O)C1.NCc1ccccc1>>CS(=O)(=O)N1CC[C@@H](N)[C@@H](O)C1,77,62,0,True,2,4,1,277,109,,,False
SMILES:CC1(C)[C@H]2CC[C@]1(CS(=O)(=O)O)C(=O)C2.SMILES:C[C@]1(N)CCNC1=O>>SMILES:C[C@]1(N)CCNC1=O,SOLID FORM,a11530f5b5ff1672,CC1(C)[C@H]2CC[C@]1(CS(=O)(=O)O)C(=O)C2.C[C@]1(N)CCNC1=O>>C[C@]1(N)CCNC1=O,74,61,0,True,1,1,1,157,65,,,False
SMILES:C#C.SMILES:CC(=O)ONS(=O)(=O)c1ccc(Br)cc1>>SMILES:CC1=NS(=O)(=O)c2ccc(Br)cc21,RH COUPLING,823ca007f8191467,C#C.CC(=O)ONS(=O)(=O)c1ccc(Br)cc1>>CC1=NS(=O)(=O)c2ccc(Br)cc21,62,60,0,True,32,32,2,188,62,,,False
SMILES:CS(=O)(=O)N1CCC(=O)[C@@H](O)C1.SMILES:N.SMILES:[BH2-]C#N.[Na+]>>SMILES:CS(=O)(=O)N1CC[C@@H](N)[C@H](O)C1,AMINATION,953c492bd23ee8ab,CS(=O)(=O)N1CCC(=O)[C@@H](O)C1.N.[BH2-]C#N.[Na+]>>CS(=O)(=O)N1CC[C@@H](N)[C@H](O)C1,83,60,0,True,1,4,1,198,60,,,False
SMILES:B.CSC.SMILES:CS(=O)(=O)N1CCC(=O)[C@@H](O)C1.SMILES:N>>SMILES:CS(=O)(=O)N1CC[C@@H](N)[C@H](O)C1,AMINATION,aceb4aae7e72594c,B.CSC.CS(=O)(=O)N1CCC(=O)[C@@H](O)C1.N>>CS(=O)(=O)N1CC[C@@H](N)[C@H](O)C1,73,59,0,True,1,4,1,190,59,,,False
SMILES:Brc1cccnc1.SMILES:c1ccc(C2SCCCS2)cc1>>SMILES:c1ccc(C2(c3ccccn3)SCCCS2)cc1,HECK,8bdac615b5b9ccb7,Brc1cccnc1.c1ccc(C2SCCCS2)cc1>>c1ccc(C2(c3ccccn3)SCCCS2)cc1,59,58,0,True,1,1,1,252,58,,,False
SMILES:COC(=O)c1ccc(OC)nn1.SMILES:O=C1CCC(=O)N1Br>>SMILES:COC(=O)c1cc(Br)c(OC)nn1,HALOGENATION,ca1f7a423a870e9e,COC(=O)c1ccc(OC)nn1.O=C1CCC(=O)N1Br>>COC(=O)c1cc(Br)c(OC)nn1,60,58,0,True,3,3,1,183,58,,,False
SMILES:COC(=O)c1ccc(OC)nn1.SMILES:O=C1CCC(=O)N1Cl>>SMILES:COC(=O)c1cc(Cl)c(OC)nn1,HALOGENATION,07ea597a100908b1,COC(=O)c1ccc(OC)nn1.O=C1CCC(=O)N1Cl>>COC(=O)c1cc(Cl)c(OC)nn1,60,58,0,True,1,1,1,183,58,,,False
SMILES:Cc1cccc2c(C#N)c(=O)n(Cc3ccccc3)n12>>SMILES:Cc1cccc2c(CN)c(=O)[nH]n12,HYDROGENATION,7c6408c6488c0506,Cc1cccc2c(C#N)c(=O)n(Cc3ccccc3)n12>>Cc1cccc2c(CN)c(=O)[nH]n12,61,58,0,True,10,10,1,195,68,,,False
SMILES:CS(=O)(=O)N1CCC(=O)[C@@H](O)C1.SMILES:N.SMILES:[BH3-].[Li+]>>SMILES:CS(=O)(=O)N1CC[C@@H](N)[C@H](O)C1,AMINATION,3b47d63e4d78f44b,CS(=O)(=O)N1CCC(=O)[C@@H](O)C1.N.[BH3-].[Li+]>>CS(=O)(=O)N1CC[C@@H](N)[C@H](O)C1,80,57,0,True,1,4,1,197,57,,,False
SMILES:CS(=O)(=O)N1CCC(=O)[C@@H](O)C1.SMILES:N.SMILES:[BH3-].[Na+]>>SMILES:CS(=O)(=O)N1CC[C@@H](N)[C@H](O)C1,AMINATION,3b47d63e4d78f44b,CS(=O)(=O)N1CCC(=O)[C@@H](O)C1.N.[BH3-].[Na+]>>CS(=O)(=O)N1CC[C@@H](N)[C@H](O)C1,80,57,0,True,1,4,1,197,57,,,False
SMILES:C#C.SMILES:CC(C)(C)C(=O)ONC(=O)c1cc(Cl)ccn1>>SMILES:O=c1[nH]ccc2c(Cl)ccnc12,RH COUPLING,8edbb5ec446fc81d,C#C.CC(C)(C)C(=O)ONC(=O)c1cc(Cl)ccn1>>O=c1[nH]ccc2c(Cl)ccnc12,61,56,0,True,96,96,2,172,57,,,False
SMILES:C#C.SMILES:CONS(=O)(=O)c1ccc(Br)cc1>>SMILES:CC1=NS(=O)(=O)c2ccc(Br)cc21,RH COUPLING,cedace784a16cf61,C#C.CONS(=O)(=O)c1ccc(Br)cc1>>CC1=NS(=O)(=O)c2ccc(Br)cc21,57,55,0,True,64,96,2,183,57,,,False
SMILES:CS(=O)(=O)N1CCC(=O)[C@@H](O)C1.SMILES:N>>SMILES:CS(=O)(=O)N1CC[C@@H](N)[C@@H](O)C1,AMINATION,391386fb73f25363,CS(=O)(=O)N1CCC(=O)[C@@H](O)C1.N>>CS(=O)(=O)N1CC[C@@H](N)[C@@H](O)C1,68,53,0,True,2,4,1,268,100,,,False
SMILES:N#Cc1ccc(Nc2ncnc(Cl)c2I)cc1>>SMILES:N#Cc1ccc2[nH]c3ncnc(Cl)c3c2c1,HECK,75b6a88de3bc6d43,N#Cc1ccc(Nc2ncnc(Cl)c2I)cc1>>N#Cc1ccc2[nH]c3ncnc(Cl)c3c2c1,58,53,0,True,192,192,1,214,59,,,False
SMILES:CS(=O)(=O)N1CC[C@H]2O[C@@H]2C1.SMILES:[NH4+].[OH-]>>SMILES:CS(=O)(=O)N1CC[C@@H](N)[C@H](O)C1,EPOXIDE RING OPENING,5081305d2542c6cd,CS(=O)(=O)N1CC[C@H]2O[C@@H]2C1.[NH4+].[OH-]>>CS(=O)(=O)N1CC[C@@H](N)[C@H](O)C1,78,51,0,True,214,214,2,191,53,,,False
SMILES:CS(=O)(=O)N1CC[C@H]2O[C@@H]2C1.SMILES:[NH4+].[OH-]>>SMILES:CS(=O)(=O)N1CC[C@H](O)[C@@H](N)C1,EPOXIDE RING OPENING,6461a3572485451e,CS(=O)(=O)N1CC[C@H]2O[C@@H]2C1.[NH4+].[OH-]>>CS(=O)(=O)N1CC[C@H](O)[C@@H](N)C1,78,51,0,True,122,122,2,191,53,,,False
SMILES:C=C.SMILES:CC(C)(C)C(=O)ONC(=O)c1cnccn1>>SMILES:O=C1NCCc2nccnc21,CH ACTIVATION,acd9f731440aa064,C=C.CC(C)(C)C(=O)ONC(=O)c1cnccn1>>O=C1NCCc2nccnc21,50,50,0,True,360,384,2,159,52,,,False
SMILES:CC(C#N)C(=O)[O][K].SMILES:Fc1c(Cl)cccc1Br>>SMILES:C[C@@H](C#N)c1cccc(Cl)c1F,PD COUPLING,d063b8631cf070e8,CC(C#N)C(=O)[O][K].Fc1c(Cl)cccc1Br>>C[C@@H](C#N)c1cccc(Cl)c1F,61,49,0,True,408,432,2,171,51,,,False
SMILES:C[C@]1(N)CCNC1=O.SMILES:O=C(O)[C@@H](O)[C@H](O)C(=O)O>>SMILES:C[C@]1(N)CCNC1=O,SOLID FORM,bc68b6a033d66c2e,C[C@]1(N)CCNC1=O.O=C(O)[C@@H](O)[C@H](O)C(=O)O>>C[C@]1(N)CCNC1=O,64,49,0,True,1,1,1,146,53,,,False
SMILES:C[C@]1(N)CCNC1=O.SMILES:O=C(O)[C@H](O)[C@@H](O)C(=O)O>>SMILES:C[C@]1(N)CCNC1=O,SOLID FORM,bc68b6a033d66c2e,C[C@]1(N)CCNC1=O.O=C(O)[C@H](O)[C@@H](O)C(=O)O>>C[C@]1(N)CCNC1=O,64,49,0,True,1,1,1,146,53,,,False
SMILES:c1ccc(CN(Cc2ccccc2)C23CC(C2)C3)cc1>>SMILES:NC12CC(C1)C2,HYDROGENATION,734e219094fb1716,c1ccc(CN(Cc2ccccc2)C23CC(C2)C3)cc1>>NC12CC(C1)C2,48,48,0,True,1,22,1,112,48,,,False
SMILES:C[C@]1(N)CCNC1=O.SMILES:O=S(=O)(O)c1ccccc1>>SMILES:C[C@]1(N)CCNC1=O,SOLID FORM,84efaac7c823d524,C[C@]1(N)CCNC1=O.O=S(=O)(O)c1ccccc1>>C[C@]1(N)CCNC1=O,53,47,0,True,1,1,1,135,51,,,False
SMILES:BrBr.SMILES:COC(=O)c1ccc(OC)nn1>>SMILES:COC(=O)c1cc(Br)c(OC)nn1,HALOGENATION,e36aeec1cd3cddc4,BrBr.COC(=O)c1ccc(OC)nn1>>COC(=O)c1cc(Br)c(OC)nn1,49,46,0,True,3,3,1,172,46,,,False
SMILES:C[C@]1(N)CCNC1=O.SMILES:O=C(O)/C=C/C(=O)O>>SMILES:C[C@]1(N)CCNC1=O,SOLID FORM,ecc9ec8aac49570c,C[C@]1(N)CCNC1=O.O=C(O)/C=C/C(=O)O>>C[C@]1(N)CCNC1=O,52,46,0,True,1,1,1,134,50,,,False
SMILES:C[C@]1(N)CCNC1=O.SMILES:O=C(O)/C=C\C(=O)O>>SMILES:C[C@]1(N)CCNC1=O,SOLID FORM,ecc9ec8aac49570c,C[C@]1(N)CCNC1=O.O=C(O)/C=C\C(=O)O>>C[C@]1(N)CCNC1=O,52,46,0,True,1,1,1,134,50,,,False
SMILES:Cc1cc(Br)c(F)cc1C=O.SMILES:N#[C][Zn][C]#N>>SMILES:Cc1cc(Br)c(F)cc1C=O,CYANATION,c0adbeea6d773a86,Cc1cc(Br)c(F)cc1C=O.N#[C][Zn][C]#N>>Cc1cc(Br)c(F)cc1C=O,55,46,0,True,48,48,2,157,50,,,False
SMILES:Cc1nc(Cl)ccc1Br.SMILES:O=C1CCC(=O)N1Br>>SMILES:Clc1ccc(Br)c(CBr)n1,HALOGENATION,9c101d813060909f,Cc1nc(Cl)ccc1Br.O=C1CCC(=O)N1Br>>Clc1ccc(Br)c(CBr)n1,52,46,0,True,64,240,2,144,48,,,False
SMILES:Cc1nc2c(C(=O)O)cccc2[nH]1>>SMILES:Cc1nc2c([nH]1)CCCC2C(=O)O,HYDROGENATION,568ec9279c387be3,Cc1nc2c(C(=O)O)cccc2[nH]1>>Cc1nc2c([nH]1)CCCC2C(=O)O,52,46,0,True,144,192,1,176,46,,,False
SMILES:CO.SMILES:Cc1ccc(S(=O)(=O)O/C=C\F)cc1>>SMILES:COC(=O)/C=C/F,CARBONYLATION,a9aae64be097378d,CO.Cc1ccc(S(=O)(=O)O/C=C\F)cc1>>COC(=O)/C=C/F,45,45,0,True,5,5,1,105,42,,,False
SMILES:C#C.SMILES:CONC(=O)c1cc(Cl)ccn1>>SMILES:O=c1[nH]ccc2c(Cl)ccnc12,RH COUPLING,1878e6d59d283f1e,C#C.CONC(=O)c1cc(Cl)ccn1>>O=c1[nH]ccc2c(Cl)ccnc12,49,44,0,True,64,192,2,160,45,,,False
SMILES:Cc1nc(Cl)ccc1Br.SMILES:O=C1CCC(=O)N1Cl>>SMILES:ClCc1nc(Cl)ccc1Br,HALOGENATION,4382f9aa27882e69,Cc1nc(Cl)ccc1Br.O=C1CCC(=O)N1Cl>>ClCc1nc(Cl)ccc1Br,50,44,0,True,32,96,2,144,48,,,False
SMILES:C[C@]1(N)CCNC1=O.SMILES:O=C(O)CCC(=O)O>>SMILES:C[C@]1(N)CCNC1=O,SOLID FORM,ec23a56802482d50,C[C@]1(N)CCNC1=O.O=C(O)CCC(=O)O>>C[C@]1(N)CCNC1=O,49,43,0,True,1,1,1,131,47,,,False
SMILES:Cc1cc(Br)c(F)cc1C=O.SMILES:N#[C][Cu]>>SMILES:Cc1cc(Br)c(F)cc1C=O,CYANATION,a4c0ea01e2da8f8c,Cc1cc(Br)c(F)cc1C=O.N#[C][Cu]>>Cc1cc(Br)c(F)cc1C=O,50,43,0,True,48,48,2,154,47,,,False
SMILES:Cc1cc(Br)c(F)cc1C=O.SMILES:N#[C][K]>>SMILES:Cc1cc(Br)c(F)cc1C=O,CYANATION,a4c0ea01e2da8f8c,Cc1cc(Br)c(F)cc1C=O.N#[C][K]>>Cc1cc(Br)c(F)cc1C=O,49,43,0,True,48,48,2,153,47,,,False
SMILES:CC1=C(c2ccccc2)CC1=O>>SMILES:CC1CNC(=O)c2ccccc21,HYDROGENATION,72b2d37716db446f,CC1=C(c2ccccc2)CC1=O>>CC1CNC(=O)c2ccccc21,41,41,0,True,220,223,1,154,45,,,False
SMILES:CS(=O)(=O)O.SMILES:C[C@]1(N)CCNC1=O>>SMILES:C[C@]1(N)CCNC1=O,SOLID FORM,e64f1df97f387282,CS(=O)(=O)O.C[C@]1(N)CCNC1=O>>C[C@]1(N)CCNC1=O,46,40,0,True,1,1,1,128,44,,,False
SMILES:C[C@]1(N)CCNC1=O.SMILES:O=S(=O)(O)O>>SMILES:C[C@]1(N)CCNC1=O,SOLID FORM,2ae640b844aa19ab,C[C@]1(N)CCNC1=O.O=S(=O)(O)O>>C[C@]1(N)CCNC1=O,46,40,0,True,1,1,1,128,44,,,False
SMILES:C[C@]1(N)CCNC1=O.SMILES:O=P(O)(O)O>>SMILES:C[C@]1(N)CCNC1=O,SOLID FORM,3fa932bf8271ab77,C[C@]1(N)CCNC1=O.O=P(O)(O)O>>C[C@]1(N)CCNC1=O,45,39,0,True,1,1,1,127,43,,,False
SMILES:BrBr.SMILES:Cc1nc(Cl)ccc1Br>>SMILES:Clc1ccc(Br)c(CBr)n1,HALOGENATION,8a7ca5c3ad220ae4,BrBr.Cc1nc(Cl)ccc1Br>>Clc1ccc(Br)c(CBr)n1,41,34,0,True,32,144,2,133,36,,,False
SMILES:O=Cc1cnccc1Cl>>SMILES:COC(=O)c1ccncc1C=O,CARBONYLATION,124b16b8e7f965e1,O=Cc1cnccc1Cl>>COC(=O)c1ccncc1C=O,33,32,0,True,12,12,1,109,36,,,False
SMILES:Br.SMILES:C[C@]1(N)CCNC1=O>>SMILES:C[C@]1(N)CCNC1=O,SOLID FORM,4f53cda18c2baa0c,Br.C[C@]1(N)CCNC1=O>>C[C@]1(N)CCNC1=O,37,30,0,True,1,1,1,119,34,,,False
SMILES:C[C@]1(N)CCNC1=O.SMILES:Cl>>SMILES:C[C@]1(N)CCNC1=O,SOLID FORM,4f53cda18c2baa0c,C[C@]1(N)CCNC1=O.Cl>>C[C@]1(N)CCNC1=O,37,30,0,True,1,1,1,119,34,,,False
