transformation_signature,reaction_center_signature,reaction_type,canonical_reaction,raw_token_count,encoded_token_count,unknown_token_count,unknown_tokens,transformation_split,reaction_center_split
SMILES:B.C1CCOC1.SMILES:CS(=O)(=O)N1CCC(=O)[C@@H](O)C1.SMILES:N>>SMILES:CS(=O)(=O)N1CC[C@@H](N)[C@@H](O)C1,86a0a64ddfdac5b3,AMINATION,B.C1CCOC1.CS(=O)(=O)N1CCC(=O)[C@@H](O)C1.N>>CS(=O)(=O)N1CC[C@@H](N)[C@@H](O)C1,62,64,0,[],test,train
SMILES:B.C1CCOC1.SMILES:CS(=O)(=O)N1CCC(=O)[C@@H](O)C1.SMILES:NCc1ccccc1>>SMILES:CS(=O)(=O)N1CC[C@@H](N)[C@@H](O)C1,0e94389b5ab99b59,AMINATION,B.C1CCOC1.CS(=O)(=O)N1CCC(=O)[C@@H](O)C1.NCc1ccccc1>>CS(=O)(=O)N1CC[C@@H](N)[C@@H](O)C1,71,73,0,[],train,train
SMILES:B.CCN(CC)c1ccccc1.SMILES:CS(=O)(=O)N1CCC(=O)[C@@H](O)C1.SMILES:N>>SMILES:CS(=O)(=O)N1CC[C@@H](N)[C@@H](O)C1,b21c81b9a0f98cde,AMINATION,B.CCN(CC)c1ccccc1.CS(=O)(=O)N1CCC(=O)[C@@H](O)C1.N>>CS(=O)(=O)N1CC[C@@H](N)[C@@H](O)C1,70,72,0,[],valid,train
SMILES:B.CCN(CC)c1ccccc1.SMILES:CS(=O)(=O)N1CCC(=O)[C@@H](O)C1.SMILES:NCc1ccccc1>>SMILES:CS(=O)(=O)N1CC[C@@H](N)[C@@H](O)C1,6a0944138883ecd6,AMINATION,B.CCN(CC)c1ccccc1.CS(=O)(=O)N1CCC(=O)[C@@H](O)C1.NCc1ccccc1>>CS(=O)(=O)N1CC[C@@H](N)[C@@H](O)C1,79,81,0,[],train,train
SMILES:B.CSC.SMILES:CS(=O)(=O)N1CCC(=O)[C@@H](O)C1.SMILES:N>>SMILES:CS(=O)(=O)N1CC[C@@H](N)[C@@H](O)C1,aceb4aae7e72594c,AMINATION,B.CSC.CS(=O)(=O)N1CCC(=O)[C@@H](O)C1.N>>CS(=O)(=O)N1CC[C@@H](N)[C@@H](O)C1,58,60,0,[],train,train
SMILES:B.CSC.SMILES:CS(=O)(=O)N1CCC(=O)[C@@H](O)C1.SMILES:NCc1ccccc1>>SMILES:CS(=O)(=O)N1CC[C@@H](N)[C@@H](O)C1,b823ff77a975c1f6,AMINATION,B.CSC.CS(=O)(=O)N1CCC(=O)[C@@H](O)C1.NCc1ccccc1>>CS(=O)(=O)N1CC[C@@H](N)[C@@H](O)C1,67,69,0,[],valid,test
SMILES:B1Oc2ccccc2O1.SMILES:CS(=O)(=O)N1CCC(=O)[C@@H](O)C1.SMILES:N>>SMILES:CS(=O)(=O)N1CC[C@@H](N)[C@@H](O)C1,8690bdda08ee5e7e,AMINATION,B1Oc2ccccc2O1.CS(=O)(=O)N1CCC(=O)[C@@H](O)C1.N>>CS(=O)(=O)N1CC[C@@H](N)[C@@H](O)C1,66,68,0,[],train,train
SMILES:B1[C@H]2CCC[C@@H]1CCC2.SMILES:C=CCCc1nnc(NC(=O)Cc2ccccn2)s1.SMILES:O=C(Cc1ccccc1)Nc1ccc(Br)nn1>>SMILES:O=C(Cc1ccccc1)Nc1ccc(CCCCc2nnc(NC(=O)Cc3ccccn3)s2)nn1,525093c3caae5504,SUZUKI,B1[C@H]2CCC[C@@H]1CCC2.C=CCCc1nnc(NC(=O)Cc2ccccn2)s1.O=C(Cc1ccccc1)Nc1ccc(Br)nn1>>O=C(Cc1ccccc1)Nc1ccc(CCCCc2nnc(NC(=O)Cc3ccccn3)s2)nn1,124,126,0,[],train,train
SMILES:B[C@@H]1C[C@@H]2C[C@H]([C@H]1C)C2(C)C.B[C@@H]1C[C@@H]2C[C@H]([C@H]1C)C2(C)C.CN(C)CCN(C)C.SMILES:CS(=O)(=O)N1CCC(=O)[C@@H](O)C1.SMILES:N>>SMILES:CS(=O)(=O)N1CC[C@@H](N)[C@@H](O)C1,91828b8150f8ffa4,AMINATION,B[C@@H]1C[C@@H]2C[C@H]([C@H]1C)C2(C)C.B[C@@H]1C[C@@H]2C[C@H]([C@H]1C)C2(C)C.CN(C)CCN(C)C.CS(=O)(=O)N1CCC(=O)[C@@H](O)C1.N>>CS(=O)(=O)N1CC[C@@H](N)[C@@H](O)C1,105,107,0,[],train,train
SMILES:B[C@@H]1C[C@@H]2C[C@H]([C@H]1C)C2(C)C.B[C@@H]1C[C@@H]2C[C@H]([C@H]1C)C2(C)C.CN(C)CCN(C)C.SMILES:CS(=O)(=O)N1CCC(=O)[C@@H](O)C1.SMILES:NCc1ccccc1>>SMILES:CS(=O)(=O)N1CC[C@@H](N)[C@@H](O)C1,bcaefa61af4ec3db,AMINATION,B[C@@H]1C[C@@H]2C[C@H]([C@H]1C)C2(C)C.B[C@@H]1C[C@@H]2C[C@H]([C@H]1C)C2(C)C.CN(C)CCN(C)C.CS(=O)(=O)N1CCC(=O)[C@@H](O)C1.NCc1ccccc1>>CS(=O)(=O)N1CC[C@@H](N)[C@@H](O)C1,114,116,0,[],train,train
SMILES:B[C@H]1C[C@@H]2C[C@H]([C@@H]1C)C2(C)C.B[C@H]1C[C@H]2C[C@H]([C@@H]1C)C2(C)C.CN(C)CCN(C)C.SMILES:CS(=O)(=O)N1CCC(=O)[C@@H](O)C1.SMILES:N>>SMILES:CS(=O)(=O)N1CC[C@@H](N)[C@@H](O)C1,91828b8150f8ffa4,AMINATION,B[C@H]1C[C@@H]2C[C@H]([C@@H]1C)C2(C)C.B[C@H]1C[C@H]2C[C@H]([C@@H]1C)C2(C)C.CN(C)CCN(C)C.CS(=O)(=O)N1CCC(=O)[C@@H](O)C1.N>>CS(=O)(=O)N1CC[C@@H](N)[C@@H](O)C1,105,107,0,[],train,train
SMILES:B[C@H]1C[C@@H]2C[C@H]([C@@H]1C)C2(C)C.B[C@H]1C[C@H]2C[C@H]([C@@H]1C)C2(C)C.CN(C)CCN(C)C.SMILES:CS(=O)(=O)N1CCC(=O)[C@@H](O)C1.SMILES:NCc1ccccc1>>SMILES:CS(=O)(=O)N1CC[C@@H](N)[C@@H](O)C1,bcaefa61af4ec3db,AMINATION,B[C@H]1C[C@@H]2C[C@H]([C@@H]1C)C2(C)C.B[C@H]1C[C@H]2C[C@H]([C@@H]1C)C2(C)C.CN(C)CCN(C)C.CS(=O)(=O)N1CCC(=O)[C@@H](O)C1.NCc1ccccc1>>CS(=O)(=O)N1CC[C@@H](N)[C@@H](O)C1,114,116,0,[],train,train
SMILES:Br.BrCc1ccccn1.SMILES:Nc1nnc(C[C@H]2CC[C@@H](c3nnc(N)s3)C2)s1>>SMILES:O=C(Cc1ccccn1)Nc1nnc(C[C@H]2CC[C@@H](c3nnc(NC(=O)Cc4ccccn4)s3)C2)s1,55d4b30c3af9b39b,CARBONYLATION,Br.BrCc1ccccn1.Nc1nnc(C[C@H]2CC[C@@H](c3nnc(N)s3)C2)s1>>O=C(Cc1ccccn1)Nc1nnc(C[C@H]2CC[C@@H](c3nnc(NC(=O)Cc4ccccn4)s3)C2)s1,102,104,0,[],train,train
SMILES:Br.SMILES:CC(C)(N)C(=O)N1CC[C@](C)(N2CCc3c(-c4cnc(N)nc4)nc(N4CCOCC4)nc32)C1>>SMILES:CC(C)(N)C(=O)N1CC[C@](C)(N2CCc3c(-c4cnc(N)nc4)nc(N4CCOCC4)nc32)C1,4f53cda18c2baa0c,CHIRAL SALT RESOLUTION,Br.CC(C)(N)C(=O)N1CC[C@](C)(N2CCc3c(-c4cnc(N)nc4)nc(N4CCOCC4)nc32)C1>>CC(C)(N)C(=O)N1CC[C@](C)(N2CCc3c(-c4cnc(N)nc4)nc(N4CCOCC4)nc32)C1,127,129,0,[],test,train
SMILES:BrC1CCCCC1.SMILES:Cc1ccnc2ccccc12.SMILES:O=C(O)C(F)(F)F>>SMILES:Cc1cc(C2CCCCC2)nc2ccccc12,76fa00523ea29e78,PHOTOCHEMISTRY,BrC1CCCCC1.Cc1ccnc2ccccc12.O=C(O)C(F)(F)F>>Cc1cc(C2CCCCC2)nc2ccccc12,66,68,0,[],train,train
SMILES:BrCc1ccc(-c2cscn2)cc1.SMILES:CCOC(=O)c1cc(B2OC(C)(C)C(C)(C)O2)c(C)cn1>>SMILES:Cc1cnc(C(=O)O)cc1Cc1ccc(-c2cscn2)cc1,4fe73cc35d19e30f,SUZUKI,BrCc1ccc(-c2cscn2)cc1.CCOC(=O)c1cc(B2OC(C)(C)C(C)(C)O2)c(C)cn1>>Cc1cnc(C(=O)O)cc1Cc1ccc(-c2cscn2)cc1,98,100,0,[],test,train
SMILES:BrCc1ccccc1.SMILES:[Zn]>>SMILES:[Br][Zn][CH2]c1ccccc1,2b6a5072248a4bdf,NEGISHI,BrCc1ccccc1.[Zn]>>[Br][Zn][CH2]c1ccccc1,24,26,0,[],train,train
SMILES:Brc1ccc(N2CCOCC2)nc1.SMILES:CC(C)(C)OC(=O)N1CC[C@@H](N)C1>>SMILES:CC(C)(C)OC(=O)N1CC[C@@H](Nc2ccc(N3CCOCC3)nc2)C1,2051bdb8cf7ab31f,BUCHWALD,Brc1ccc(N2CCOCC2)nc1.CC(C)(C)OC(=O)N1CC[C@@H](N)C1>>CC(C)(C)OC(=O)N1CC[C@@H](Nc2ccc(N3CCOCC3)nc2)C1,87,89,0,[],train,train
SMILES:Brc1ccc2ncccc2c1.SMILES:CC(=O)Nc1ccc(N(S(=O)(=O)F)S(=O)(=O)F)cc1>>SMILES:O=S(=O)(O)c1ccc2ncccc2c1,2826b3be5ab93d0e,SUZUKI,Brc1ccc2ncccc2c1.CC(=O)Nc1ccc(N(S(=O)(=O)F)S(=O)(=O)F)cc1>>O=S(=O)(O)c1ccc2ncccc2c1,81,83,0,[],train,train
SMILES:Brc1ccc2ncccc2c1.SMILES:CC(C)(C)OC(=O)NNC(=O)OC(C)(C)C>>SMILES:CC(C)(C)OC(=O)NN(C(=O)OC(C)(C)C)c1ccc2ncccc2c1,b46ba2650a31178f,BUCHWALD,Brc1ccc2ncccc2c1.CC(C)(C)OC(=O)NNC(=O)OC(C)(C)C>>CC(C)(C)OC(=O)NN(C(=O)OC(C)(C)C)c1ccc2ncccc2c1,93,95,0,[],test,valid
SMILES:Brc1ccc2ncccc2c1.SMILES:COc1ccc([S@](=O)O)cn1>>SMILES:COc1ccc(-c2ccc3ncccc3c2)cn1,58ce8c684fdd1ba4,PD COUPLING,Brc1ccc2ncccc2c1.COc1ccc([S@](=O)O)cn1>>COc1ccc(-c2ccc3ncccc3c2)cn1,62,64,0,[],train,train
SMILES:Brc1ccc2ncccc2c1.SMILES:Cn1nc(N)cc1B1OC(C)(C)C(C)(C)O1>>SMILES:Cn1ccc(Nc2ccc3ncccc3c2)n1,1ae530d565581f59,SUZUKI,Brc1ccc2ncccc2c1.Cn1nc(N)cc1B1OC(C)(C)C(C)(C)O1>>Cn1ccc(Nc2ccc3ncccc3c2)n1,72,74,0,[],train,train
SMILES:Brc1ccc2ncccc2c1.SMILES:Cn1nc(N)cc1B1OC(C)(C)C(C)(C)O1>>SMILES:Cn1nc(N)cc1-c1ccc2ncccc2c1,4e1461709abf0d25,SUZUKI,Brc1ccc2ncccc2c1.Cn1nc(N)cc1B1OC(C)(C)C(C)(C)O1>>Cn1nc(N)cc1-c1ccc2ncccc2c1,73,75,0,[],train,train
SMILES:Brc1ccc2ncccc2c1.SMILES:O=C1NCc2c(OCCCCN3CCNCC3)cccc21>>SMILES:O=C1NCc2c(OCCCCN3CCN(c4ccc5ncccc5c4)CC3)cccc21,4867e7083ad32a2e,BUCHWALD,Brc1ccc2ncccc2c1.O=C1NCc2c(OCCCCN3CCNCC3)cccc21>>O=C1NCc2c(OCCCCN3CCN(c4ccc5ncccc5c4)CC3)cccc21,93,95,0,[],valid,train
SMILES:Brc1ccc2ncccc2c1.SMILES:O=S([O-])C1CC1.[Na+]>>SMILES:c1cnc2ccc(C3CC3)cc2c1,03a6514f84489c73,NI COUPLING,Brc1ccc2ncccc2c1.O=S([O-])C1CC1.[Na+]>>c1cnc2ccc(C3CC3)cc2c1,51,53,0,[],train,test
SMILES:Brc1ccc2ncccc2c1.SMILES:O=S([O-])c1ccccn1.[Na+]>>SMILES:c1ccc(-c2ccc3ncccc3c2)nc1,4bd8250f86ff7286,NI COUPLING,Brc1ccc2ncccc2c1.O=S([O-])c1ccccn1.[Na+]>>c1ccc(-c2ccc3ncccc3c2)nc1,58,60,0,[],train,valid
SMILES:Brc1ccccc1.SMILES:CS(=O)(=O)N1CCN(c2ccccc2)CC1>>SMILES:O=S(=O)(Cc1ccccc1)N1CCN(c2ccccc2)CC1,792af404b289f8c9,PD COUPLING,Brc1ccccc1.CS(=O)(=O)N1CCN(c2ccccc2)CC1>>O=S(=O)(Cc1ccccc1)N1CCN(c2ccccc2)CC1,75,77,0,[],train,train
SMILES:Brc1ccccn1.SMILES:Cn1cc(Nc2nc(O[C@H]3C[C@H](N(C)C(=O)OC(C)(C)C)C3)c3ccn(COCC[Si](C)(C)C)c3n2)cn1>>SMILES:Cn1cc(N(c2ccccn2)c2nc(O[C@H]3C[C@H](N(C)C(=O)OC(C)(C)C)C3)c3ccn(COCC[Si](C)(C)C)c3n2)cn1,748b0c622d360710,BUCHWALD,Brc1ccccn1.Cn1cc(Nc2nc(O[C@H]3C[C@H](N(C)C(=O)OC(C)(C)C)C3)c3ccn(COCC[Si](C)(C)C)c3n2)cn1>>Cn1cc(N(c2ccccn2)c2nc(O[C@H]3C[C@H](N(C)C(=O)OC(C)(C)C)C3)c3ccn(COCC[Si](C)(C)C)c3n2)cn1,155,157,0,[],valid,train
SMILES:Brc1ccccn1.SMILES:Cn1cc(Nc2nc(O[C@H]3C[C@H](N(C)C(=O)OC(C)(C)C)C3)c3ccn(COCC[Si](C)(C)C)c3n2)cn1>>SMILES:Cn1cc(Nc2nc(O[C@H]3C[C@H](N(C)C(=O)OC(C)(C)C)C3)c3c(-c4ccccn4)cn(COCC[Si](C)(C)C)c3n2)cn1,ee67b8d8151334ca,CH ACTIVATION,Brc1ccccn1.Cn1cc(Nc2nc(O[C@H]3C[C@H](N(C)C(=O)OC(C)(C)C)C3)c3ccn(COCC[Si](C)(C)C)c3n2)cn1>>Cn1cc(Nc2nc(O[C@H]3C[C@H](N(C)C(=O)OC(C)(C)C)C3)c3c(-c4ccccn4)cn(COCC[Si](C)(C)C)c3n2)cn1,156,158,0,[],train,train
SMILES:Brc1cccnc1.SMILES:Cn1ccnc1N.SMILES:Ic1cccnc1>>SMILES:Cn1ccnc1Nc1cccnc1,f5b459972d95546f,BUCHWALD,Brc1cccnc1.Cn1ccnc1N.Ic1cccnc1>>Cn1ccnc1Nc1cccnc1,47,49,0,[],train,valid
SMILES:Brc1cncnc1.SMILES:C#CC(=O)OC>>SMILES:COC(=O)C#Cc1cncnc1,5d772dd692ec043c,SONOGASHIRA,Brc1cncnc1.C#CC(=O)OC>>COC(=O)C#Cc1cncnc1,39,41,0,[],train,train
SMILES:Brc1cncnc1.SMILES:CC(C)(C)OC(=O)NNC(=O)OC(C)(C)C>>SMILES:CC(C)(C)OC(=O)NN(C(=O)OC(C)(C)C)c1cncnc1,2618f90ae1816eaa,BUCHWALD,Brc1cncnc1.CC(C)(C)OC(=O)NNC(=O)OC(C)(C)C>>CC(C)(C)OC(=O)NN(C(=O)OC(C)(C)C)c1cncnc1,81,83,0,[],train,test
SMILES:Brc1cnn2cccnc12.SMILES:Cc1cccnc1N(C(=O)c1ccc(B2OC(C)(C)C(C)(C)O2)cc1)[C@@H]1CCCN(C(=O)OC(C)(C)C)C1>>SMILES:Cc1cccnc1N(C(=O)c1ccc(-c2cnn3cccnc23)cc1)[C@@H]1CCCN(C(=O)OC(C)(C)C)C1,d60c8cf0e6adda0b,SUZUKI,Brc1cnn2cccnc12.Cc1cccnc1N(C(=O)c1ccc(B2OC(C)(C)C(C)(C)O2)cc1)[C@@H]1CCCN(C(=O)OC(C)(C)C)C1>>Cc1cccnc1N(C(=O)c1ccc(-c2cnn3cccnc23)cc1)[C@@H]1CCCN(C(=O)OC(C)(C)C)C1,151,153,0,[],train,train
SMILES:Brc1cnsc1.SMILES:CC(C)(C)OC(N)=O>>SMILES:CC(C)(C)OC(=O)Nc1cnsc1,9897d4b0c3cce9b2,BUCHWALD,Brc1cnsc1.CC(C)(C)OC(N)=O>>CC(C)(C)OC(=O)Nc1cnsc1,47,49,0,[],train,train
SMILES:Brc1nnnn1Cc1ccccc1.SMILES:Cn1nccc1B1OC(C)(C)C(C)(C)O1>>SMILES:Cn1nccc1-c1nnnn1Cc1ccccc1,722848c84a679e3a,SUZUKI,Brc1nnnn1Cc1ccccc1.Cn1nccc1B1OC(C)(C)C(C)(C)O1>>Cn1nccc1-c1nnnn1Cc1ccccc1,71,73,0,[],test,train
SMILES:C#CC(=O)OCC.SMILES:CN(CC(=O)O)C(=O)OCc1ccccc1>>SMILES:CCOC(=O)CC1CN(C(=O)OCc2ccccc2)C1,92b948d24b5cc986,PHOTOCHEMISTRY,C#CC(=O)OCC.CN(CC(=O)O)C(=O)OCc1ccccc1>>CCOC(=O)CC1CN(C(=O)OCc2ccccc2)C1,71,73,0,[],train,train
SMILES:C#C[Si](CC)(CC)CC.SMILES:Nc1ncc(Cl)nc1Br>>SMILES:CC[Si](C#Cc1nc(Cl)cnc1N)(CC)CC,838dec83cee81c2c,SONOGASHIRA,C#C[Si](CC)(CC)CC.Nc1ncc(Cl)nc1Br>>CC[Si](C#Cc1nc(Cl)cnc1N)(CC)CC,55,57,0,[],train,train
SMILES:C1CC2OC2CO1.SMILES:NCc1ccccc1>>SMILES:O[C@H]1COCC[C@@H]1NCc1ccccc1,813a9b70bf4d1256,LEWIS ACID,C1CC2OC2CO1.NCc1ccccc1>>O[C@H]1COCC[C@@H]1NCc1ccccc1,42,44,0,[],train,test
SMILES:C1CNCCN1.SMILES:C[C@H](Cn1ccc2c1nc(N)n1nc(-c3ccco3)nc21)OS(C)(=O)=O>>SMILES:C[C@H](Cn1ccc2c1nc(N)n1nc(-c3ccco3)nc21)N1CCNCC1,4d33913377482010,ALKYLATION,C1CNCCN1.C[C@H](Cn1ccc2c1nc(N)n1nc(-c3ccco3)nc21)OS(C)(=O)=O>>C[C@H](Cn1ccc2c1nc(N)n1nc(-c3ccco3)nc21)N1CCNCC1,101,103,0,[],train,valid
SMILES:C1COCCN1.SMILES:Cc1ncc(Cl)nc1Cl>>SMILES:Cc1ncc(N2CCOCC2)nc1Cl,36b43ea15da323ba,BUCHWALD,C1COCCN1.Cc1ncc(Cl)nc1Cl>>Cc1ncc(N2CCOCC2)nc1Cl,43,45,0,[],valid,train
SMILES:C=C(C(=O)O)C(F)(F)F>>SMILES:C[C@H](C(=O)O)C(F)(F)F,749c79e1b46f2a56,HYDROGENATION,C=C(C(=O)O)C(F)(F)F>>C[C@H](C(=O)O)C(F)(F)F,38,40,0,[],train,train
SMILES:C=C(C)C.SMILES:Clc1nc(Cl)c2nc[nH]c2n1>>SMILES:CC(C)(C)n1cnc2c(Cl)nc(Cl)nc21,e1798abadf4d2579,ISOBUTYLENE PROTECTION,C=C(C)C.Clc1nc(Cl)c2nc[nH]c2n1>>CC(C)(C)n1cnc2c(Cl)nc(Cl)nc21,53,55,0,[],train,train
SMILES:C=C(CN1CCOCC1)[B-](F)(F)F.SMILES:Cc1cc(C)c(CN2CCc3c(Cl)cc(Br)c(Cl)c3C2=O)c(OCc2ccccc2)n1>>SMILES:C=C(CN1CCOCC1)c1cc(Cl)c2c(c1Cl)C(=O)N(Cc1c(C)cc(C)nc1OCc1ccccc1)CC2,ed3e601809c6c72d,SUZUKI,C=C(CN1CCOCC1)[B-](F)(F)F.Cc1cc(C)c(CN2CCc3c(Cl)cc(Br)c(Cl)c3C2=O)c(OCc2ccccc2)n1>>C=C(CN1CCOCC1)c1cc(Cl)c2c(c1Cl)C(=O)N(Cc1c(C)cc(C)nc1OCc1ccccc1)CC2,141,143,0,[],train,test
SMILES:C=C(c1ccccc1)c1cc(Cl)nnc1N>>SMILES:CC(c1ccccc1)c1cc(Cl)nnc1N,b2b390d014288a69,HYDROGENATION,C=C(c1ccccc1)c1cc(Cl)nnc1N>>CC(c1ccccc1)c1cc(Cl)nnc1N,50,52,0,[],valid,test
SMILES:C=C.SMILES:CC(=O)ONC(=O)c1cc(C)ccc1Cl>>SMILES:Cc1ccc(Cl)c2c1CCNC2=O,000a89c85ba76477,CH ACTIVATION,C=C.CC(=O)ONC(=O)c1cc(C)ccc1Cl>>Cc1ccc(Cl)c2c1CCNC2=O,50,52,0,[],train,train
SMILES:C=C.SMILES:CC(=O)ONC(=O)c1cccc(Br)c1Cl>>SMILES:O=C1NCCc2ccc(Br)c(Cl)c21,b25f9102844966a6,CH ACTIVATION,C=C.CC(=O)ONC(=O)c1cccc(Br)c1Cl>>O=C1NCCc2ccc(Br)c(Cl)c21,52,54,0,[],train,train
SMILES:C=C.SMILES:CC(C)(C)C(=O)ONC(=O)c1cc(Cl)cc(Br)c1Cl>>SMILES:O=C1NCCc2c(Cl)cc(Br)c(Cl)c21,0749afb0d66698fc,RH COUPLING,C=C.CC(C)(C)C(=O)ONC(=O)c1cc(Cl)cc(Br)c1Cl>>O=C1NCCc2c(Cl)cc(Br)c(Cl)c21,65,67,0,[],test,train
SMILES:C=C.SMILES:CONC(=O)c1cc(Cl)ccc1Cl>>SMILES:O=C1NCCc2c(Cl)ccc(Cl)c21,f7b249ad572db051,CH ACTIVATION,C=C.CONC(=O)c1cc(Cl)ccc1Cl>>O=C1NCCc2c(Cl)ccc(Cl)c21,47,49,0,[],train,train
SMILES:C=C.SMILES:COc1cnccc1C(=O)NOC(=O)C(C)(C)C>>SMILES:COc1cncc2c1C(=O)NCC2,e554a938a1494e0b,CH ACTIVATION,C=C.COc1cnccc1C(=O)NOC(=O)C(C)(C)C>>COc1cncc2c1C(=O)NCC2,55,57,0,[],train,train
SMILES:C=C.SMILES:Cc1ccc(Cl)c(C(=O)NOC(=O)C(C)(C)C)c1>>SMILES:Cc1ccc(Cl)c2c1CCNC2=O,56a4e87d2082f2d3,CH ACTIVATION,C=C.Cc1ccc(Cl)c(C(=O)NOC(=O)C(C)(C)C)c1>>Cc1ccc(Cl)c2c1CCNC2=O,59,61,0,[],train,train
SMILES:C=C1CNC(=O)c2ccccc21>>SMILES:CC1CNC(=O)c2ccccc21,f5c09b8e82869dc7,HYDROGENATION,C=C1CNC(=O)c2ccccc21>>CC1CNC(=O)c2ccccc21,40,42,0,[],train,train
SMILES:C=C1[C@@](C)(c2nc(NC(=O)c3ccc(OC(F)F)cn3)cs2)N=C(NC(=O)OC(C)(C)C)N(C)S1(=O)=O>>SMILES:C[C@@H]1[C@@](C)(c2nc(NC(=O)c3ccc(OC(F)F)cn3)cs2)N=C(NC(=O)OC(C)(C)C)N(C)S1(=O)=O,486ce631291d4b2e,HYDROGENATION,C=C1[C@@](C)(c2nc(NC(=O)c3ccc(OC(F)F)cn3)cs2)N=C(NC(=O)OC(C)(C)C)N(C)S1(=O)=O>>C[C@@H]1[C@@](C)(c2nc(NC(=O)c3ccc(OC(F)F)cn3)cs2)N=C(NC(=O)OC(C)(C)C)N(C)S1(=O)=O,146,148,0,[],valid,test
SMILES:C=C1[C@@](C)(c2nc(NC(=O)c3ccc(OC(F)F)cn3)cs2)N=C(NC(=O)OC(C)(C)C)N(C)S1(=O)=O>>SMILES:C[C@H]1[C@@](C)(c2nc(NC(=O)c3ccc(OC(F)F)cn3)cs2)N=C(NC(=O)OC(C)(C)C)N(C)S1(=O)=O,486ce631291d4b2e,HYDROGENATION,C=C1[C@@](C)(c2nc(NC(=O)c3ccc(OC(F)F)cn3)cs2)N=C(NC(=O)OC(C)(C)C)N(C)S1(=O)=O>>C[C@H]1[C@@](C)(c2nc(NC(=O)c3ccc(OC(F)F)cn3)cs2)N=C(NC(=O)OC(C)(C)C)N(C)S1(=O)=O,146,148,0,[],valid,test
SMILES:C=CC(=O)Cl.SMILES:CN[C@H]1C[C@H](Oc2nc(Nc3cnn(C)c3)nc3[nH]cc(-c4ncccc4F)c23)C1>>SMILES:C=CC(=O)N(C)[C@H]1C[C@H](Oc2nc(Nc3cnn(C)c3)nc3[nH]cc(-c4ncccc4F)c23)C1,1055d47eb2a645e1,AMIDE COUPLING,C=CC(=O)Cl.CN[C@H]1C[C@H](Oc2nc(Nc3cnn(C)c3)nc3[nH]cc(-c4ncccc4F)c23)C1>>C=CC(=O)N(C)[C@H]1C[C@H](Oc2nc(Nc3cnn(C)c3)nc3[nH]cc(-c4ncccc4F)c23)C1,119,121,0,[],train,valid
SMILES:C=CC(=O)Cl>>SMILES:C=CC(=O)N(C)[C@H]1C[C@H](Oc2nc(Nc3cnn(C)c3)nc3[nH]cc(-c4ncccc4F)c23)C1,1b92fa74e68a874c,AMIDE COUPLING,C=CC(=O)Cl>>C=CC(=O)N(C)[C@H]1C[C@H](Oc2nc(Nc3cnn(C)c3)nc3[nH]cc(-c4ncccc4F)c23)C1,69,71,0,[],train,train
SMILES:C=CC(=O)O.SMILES:CN[C@H]1C[C@H](Oc2nc(Nc3cnn(C)c3)nc3[nH]cc(-c4ncccc4F)c23)C1>>SMILES:C=CC(=O)N(C)[C@H]1C[C@H](Oc2nc(Nc3cnn(C)c3)nc3[nH]cc(-c4ncccc4F)c23)C1,03d5860ac9130de4,AMIDE COUPLING,C=CC(=O)O.CN[C@H]1C[C@H](Oc2nc(Nc3cnn(C)c3)nc3[nH]cc(-c4ncccc4F)c23)C1>>C=CC(=O)N(C)[C@H]1C[C@H](Oc2nc(Nc3cnn(C)c3)nc3[nH]cc(-c4ncccc4F)c23)C1,119,121,0,[],train,train
SMILES:C=CC(=O)O>>SMILES:C=CC(=O)N(C)[C@H]1C[C@H](Oc2nc(Nc3cnn(C)c3)nc3[nH]cc(-c4ncccc4F)c23)C1,3e314dfe0416e03e,AMIDE COUPLING,C=CC(=O)O>>C=CC(=O)N(C)[C@H]1C[C@H](Oc2nc(Nc3cnn(C)c3)nc3[nH]cc(-c4ncccc4F)c23)C1,69,71,0,[],train,train
SMILES:C=CC(=O)OC.SMILES:O=Cc1c(F)cc(Br)cc1F>>SMILES:COC(=O)/C=C/c1cc(F)c(C=O)c(F)c1,b877777460f830ce,HECK,C=CC(=O)OC.O=Cc1c(F)cc(Br)cc1F>>COC(=O)/C=C/c1cc(F)c(C=O)c(F)c1,61,63,0,[],train,train
SMILES:C=CC.SMILES:CC(C)(C)C(=O)ONC(=O)c1cc(F)ccc1OCc1ccccc1>>SMILES:CC1CNC(=O)c2c(OCc3ccccc3)ccc(F)c21,b4a5fbdeb267f5be,RH COUPLING,C=CC.CC(C)(C)C(=O)ONC(=O)c1cc(F)ccc1OCc1ccccc1>>CC1CNC(=O)c2c(OCc3ccccc3)ccc(F)c21,81,83,0,[],train,test
SMILES:C=CCO.SMILES:Cc1cc(Br)nn1C>>SMILES:C=CCOc1cc(C)n(C)n1,b6884ab6e87c9d0e,ULLMANN,C=CCO.Cc1cc(Br)nn1C>>C=CCOc1cc(C)n(C)n1,37,39,0,[],train,train
SMILES:C=[C](OCC)[Sn]([CH2]CCC)([CH2]CCC)[CH2]CCC.SMILES:COc1cc(Cl)ncc1C#N>>SMILES:C=C(OCC)c1cc(OC)c(C#N)cn1,e2c2bf467d2b2165,HECK,C=[C](OCC)[Sn]([CH2]CCC)([CH2]CCC)[CH2]CCC.COc1cc(Cl)ncc1C#N>>C=C(OCC)c1cc(OC)c(C#N)cn1,68,70,0,[],train,train
SMILES:CB1OB(C)OB(C)O1.SMILES:O=C1OCc2c1ccc(Br)c2I>>SMILES:Cc1c(Br)ccc2c1COC2=O,63462c02abea92f2,SUZUKI,CB1OB(C)OB(C)O1.O=C1OCc2c1ccc(Br)c2I>>Cc1c(Br)ccc2c1COC2=O,55,57,0,[],train,train
SMILES:CB1OC(c2ccccc2)(c2ccccc2)[C@H]2CCCN12.SMILES:CS(=O)(=O)N1CCC(=O)[C@@H](O)C1.SMILES:N>>SMILES:CS(=O)(=O)N1CC[C@@H](N)[C@@H](O)C1,91699b4499ba84e3,AMINATION,CB1OC(c2ccccc2)(c2ccccc2)[C@H]2CCCN12.CS(=O)(=O)N1CCC(=O)[C@@H](O)C1.N>>CS(=O)(=O)N1CC[C@@H](N)[C@@H](O)C1,86,88,0,[],train,valid
SMILES:CB1OC(c2ccccc2)(c2ccccc2)[C@H]2CCCN12.SMILES:CS(=O)(=O)N1CCC(=O)[C@@H](O)C1.SMILES:NCc1ccccc1>>SMILES:CS(=O)(=O)N1CC[C@@H](N)[C@@H](O)C1,b9e38b1e4af4da83,AMINATION,CB1OC(c2ccccc2)(c2ccccc2)[C@H]2CCCN12.CS(=O)(=O)N1CCC(=O)[C@@H](O)C1.NCc1ccccc1>>CS(=O)(=O)N1CC[C@@H](N)[C@@H](O)C1,95,97,0,[],train,train
SMILES:CC#Cc1ccc2c(c1Cl)C(=O)N(Cc1c(C)cc(C)nc1OCc1ccccc1)CC2.SMILES:[N-]=[N+]=NCc1ccccc1>>SMILES:Cc1cc(C)c(CN2CCc3ccc(-c4nnn(Cc5ccccc5)c4C)c(Cl)c3C2=O)c(OCc2ccccc2)n1,2043ce0ab0ffdb1d,CLICK,CC#Cc1ccc2c(c1Cl)C(=O)N(Cc1c(C)cc(C)nc1OCc1ccccc1)CC2.[N-]=[N+]=NCc1ccccc1>>Cc1cc(C)c(CN2CCc3ccc(-c4nnn(Cc5ccccc5)c4C)c(Cl)c3C2=O)c(OCc2ccccc2)n1,136,138,0,[],train,train
SMILES:CC(=O)NC1=C(C)C(=O)CCC1>>SMILES:CC(=O)N[C@H]1CCCC(=O)[C@H]1C,ef861d4cfdcd93b1,HYDROGENATION,CC(=O)NC1=C(C)C(=O)CCC1>>CC(=O)N[C@H]1CCCC(=O)[C@H]1C,44,46,0,[],train,train
SMILES:CC(=O)O.SMILES:CCO.SMILES:c1ccc2cnccc2c1>>SMILES:CCc1nccc2ccccc12,c8f8f693405ef152,PHOTOCHEMISTRY,CC(=O)O.CCO.c1ccc2cnccc2c1>>CCc1nccc2ccccc12,43,45,0,[],train,train
SMILES:CC(=O)O[B-](OC(C)=O)OC(C)=O.[Na+].SMILES:CS(=O)(=O)N1CCC(=O)[C@@H](O)C1.SMILES:N>>SMILES:CS(=O)(=O)N1CC[C@@H](N)[C@@H](O)C1,7ef840fb396ec454,AMINATION,CC(=O)O[B-](OC(C)=O)OC(C)=O.[Na+].CS(=O)(=O)N1CCC(=O)[C@@H](O)C1.N>>CS(=O)(=O)N1CC[C@@H](N)[C@@H](O)C1,79,81,0,[],train,train
SMILES:CC(=O)O[B-](OC(C)=O)OC(C)=O.[Na+].SMILES:CS(=O)(=O)N1CCC(=O)[C@@H](O)C1.SMILES:N>>SMILES:CS(=O)(=O)N1CC[C@@H](N)[C@H](O)C1,7ef840fb396ec454,AMINATION,CC(=O)O[B-](OC(C)=O)OC(C)=O.[Na+].CS(=O)(=O)N1CCC(=O)[C@@H](O)C1.N>>CS(=O)(=O)N1CC[C@@H](N)[C@H](O)C1,79,81,0,[],train,train
SMILES:CC(=O)O[B-](OC(C)=O)OC(C)=O.[Na+].SMILES:CS(=O)(=O)N1CCC(=O)[C@@H](O)C1.SMILES:NCc1ccccc1>>SMILES:CS(=O)(=O)N1CC[C@@H](N)[C@@H](O)C1,09bf11f238dad1c2,AMINATION,CC(=O)O[B-](OC(C)=O)OC(C)=O.[Na+].CS(=O)(=O)N1CCC(=O)[C@@H](O)C1.NCc1ccccc1>>CS(=O)(=O)N1CC[C@@H](N)[C@@H](O)C1,88,90,0,[],train,valid
SMILES:CC(=O)O[C@@H]1O[C@H](COC(=O)c2ccccc2)[C@@H](OC(=O)c2ccccc2)[C@H]1OC(=O)c1ccccc1.SMILES:COC(=O)c1cscc1NC=O>>SMILES:COC(=O)c1csc([C@@H]2O[C@H](COC(=O)c3ccccc3)[C@@H](OC(=O)c3ccccc3)[C@H]2OC(=O)c2ccccc2)c1NC=O,cf9f809c254d19f3,LEWIS ACID,CC(=O)O[C@@H]1O[C@H](COC(=O)c2ccccc2)[C@@H](OC(=O)c2ccccc2)[C@H]1OC(=O)c1ccccc1.COC(=O)c1cscc1NC=O>>COC(=O)c1csc([C@@H]2O[C@H](COC(=O)c3ccccc3)[C@@H](OC(=O)c3ccccc3)[C@H]2OC(=O)c2ccccc2)c1NC=O,155,157,0,[],train,train
SMILES:CC(=O)c1c(I)ccc(F)c1Cl>>SMILES:C[C@@H](O)c1c(I)ccc(F)c1Cl,1f34fb3b80ace933,HYDROGENATION,CC(=O)c1c(I)ccc(F)c1Cl>>C[C@@H](O)c1c(I)ccc(F)c1Cl,42,44,0,[],valid,train
SMILES:CC(=O)c1c(I)ccc(F)c1Cl>>SMILES:C[C@H](O)c1c(I)ccc(F)c1Cl,1f34fb3b80ace933,HYDROGENATION,CC(=O)c1c(I)ccc(F)c1Cl>>C[C@H](O)c1c(I)ccc(F)c1Cl,42,44,0,[],train,train
SMILES:CC(C(=O)O)c1cccnc1.SMILES:Nc1nnc(CCSCCc2nnc(N)s2)s1>>SMILES:C[C@H](C(=O)Nc1nnc(CCSCCc2nnc(NC(=O)[C@@H](C)c3cccnc3)s2)s1)c1cccnc1,66b3f08e3ca35b28,AMIDE COUPLING,CC(C(=O)O)c1cccnc1.Nc1nnc(CCSCCc2nnc(N)s2)s1>>C[C@H](C(=O)Nc1nnc(CCSCCc2nnc(NC(=O)[C@@H](C)c3cccnc3)s2)s1)c1cccnc1,104,106,0,[],test,train
SMILES:CC(C)(C)C(=O)O.SMILES:CCO.SMILES:c1ccc2cnccc2c1>>SMILES:CCc1nccc2ccccc12,107ab382da25b8b2,PHOTOCHEMISTRY,CC(C)(C)C(=O)O.CCO.c1ccc2cnccc2c1>>CCc1nccc2ccccc12,50,52,0,[],train,train
SMILES:CC(C)(C)OC(=O)CO.SMILES:Cc1cc(Br)n(C)n1>>SMILES:Cc1cc(OCC(=O)OC(C)(C)C)n(C)n1,1bf1e047577a9ce3,BUCHWALD,CC(C)(C)OC(=O)CO.Cc1cc(Br)n(C)n1>>Cc1cc(OCC(=O)OC(C)(C)C)n(C)n1,61,63,0,[],train,train
SMILES:CC(C)(C)OC(=O)N1CC([B-](F)(F)F)C1.SMILES:Cc1cc(C)c(CN2CCc3c(Cl)cc(Br)c(Cl)c3C2=O)c(OCc2ccccc2)n1>>SMILES:Cc1cc(C)c(CN2CCc3c(Cl)cc(C4CN(C(=O)OC(C)(C)C)C4)c(Cl)c3C2=O)c(OCc2ccccc2)n1,b3e91dc2fe4cc3ba,SUZUKI,CC(C)(C)OC(=O)N1CC([B-](F)(F)F)C1.Cc1cc(C)c(CN2CCc3c(Cl)cc(Br)c(Cl)c3C2=O)c(OCc2ccccc2)n1>>Cc1cc(C)c(CN2CCc3c(Cl)cc(C4CN(C(=O)OC(C)(C)C)C4)c(Cl)c3C2=O)c(OCc2ccccc2)n1,157,159,0,[],train,train
SMILES:CC(C)(C)OC(=O)N1CC=C(B2OC(C)(C)C(C)(C)O2)CC1.SMILES:Clc1ncc(Br)c(Cl)n1>>SMILES:CC(C)(C)OC(=O)N1CC=C(c2nc(Cl)ncc2Br)CC1,86753da763d705a8,SUZUKI,CC(C)(C)OC(=O)N1CC=C(B2OC(C)(C)C(C)(C)O2)CC1.Clc1ncc(Br)c(Cl)n1>>CC(C)(C)OC(=O)N1CC=C(c2nc(Cl)ncc2Br)CC1,98,100,0,[],train,train
SMILES:CC(C)(C)OC(=O)N1CCC(=O)CC1.SMILES:COc1ccnc2[nH]ccc12>>SMILES:COc1ccnc2[nH]cc(C3=CCN(C(=O)OC(C)(C)C)CC3)c12,6038d664cdb9a1ba,ALKYLATION,CC(C)(C)OC(=O)N1CCC(=O)CC1.COc1ccnc2[nH]ccc12>>COc1ccnc2[nH]cc(C3=CCN(C(=O)OC(C)(C)C)CC3)c12,85,87,0,[],train,train
SMILES:CC(C)(C)OC(=O)N1CCC(CO)CC1.SMILES:Nc1ncncc1Br>>SMILES:CC(C)(C)OC(=O)N1CCC(COc2cncnc2N)CC1,eef81d26b782e455,BUCHWALD,CC(C)(C)OC(=O)N1CCC(CO)CC1.Nc1ncncc1Br>>CC(C)(C)OC(=O)N1CCC(COc2cncnc2N)CC1,73,75,0,[],train,valid
SMILES:CC(C)(C)OC(=O)N1CCC(CO)CC1.SMILES:Nc1ncncc1I>>SMILES:CC(C)(C)OC(=O)N1CCC(COc2cncnc2N)CC1,33c7d0dcf435d9ee,BUCHWALD,CC(C)(C)OC(=O)N1CCC(CO)CC1.Nc1ncncc1I>>CC(C)(C)OC(=O)N1CCC(COc2cncnc2N)CC1,73,75,0,[],train,train
SMILES:CC(C)(C)OC(=O)N1CCC(COc2cc(B3OC(C)(C)C(C)(C)O3)cnc2N)CC1.SMILES:Cn1cnc(I)c1>>SMILES:Cn1cnc(-c2cnc(N)c(OCC3CCN(C(=O)OC(C)(C)C)CC3)c2)c1,71c385351c5dd450,SUZUKI,CC(C)(C)OC(=O)N1CCC(COc2cc(B3OC(C)(C)C(C)(C)O3)cnc2N)CC1.Cn1cnc(I)c1>>Cn1cnc(-c2cnc(N)c(OCC3CCN(C(=O)OC(C)(C)C)CC3)c2)c1,119,121,0,[],train,train
SMILES:CC(C)(C)OC(=O)N1CCC(COc2cc(Br)cnc2N)CC1.SMILES:CC1(C)OB(B2OC(C)(C)C(C)(C)O2)OC1(C)C>>SMILES:CC(C)(C)OC(=O)N1CCC(COc2cc(B3OC(C)(C)C(C)(C)O3)cnc2N)CC1,ffb42a29c4ae3eb1,SUZUKI,CC(C)(C)OC(=O)N1CCC(COc2cc(Br)cnc2N)CC1.CC1(C)OB(B2OC(C)(C)C(C)(C)O2)OC1(C)C>>CC(C)(C)OC(=O)N1CCC(COc2cc(B3OC(C)(C)C(C)(C)O3)cnc2N)CC1,132,134,0,[],test,valid
SMILES:CC(C)(C)OC(=O)N1CCC(COc2cc(Br)cnc2N)CC1.SMILES:Cn1ccnc1>>SMILES:Cn1ccnc1-c1cnc(N)c(OCC2CCN(C(=O)OC(C)(C)C)CC2)c1,64afff1f12511372,CH ACTIVATION,CC(C)(C)OC(=O)N1CCC(COc2cc(Br)cnc2N)CC1.Cn1ccnc1>>Cn1ccnc1-c1cnc(N)c(OCC2CCN(C(=O)OC(C)(C)C)CC2)c1,96,98,0,[],valid,train
SMILES:CC(C)(C)OC(=O)N1CCC(N)(CO)C1.SMILES:Clc1cc(Cl)nc(N2CCOCC2)n1>>SMILES:CC(C)(C)OC(=O)N1CCC(N)(COc2cc(Cl)nc(N3CCOCC3)n2)C1,f44168c9b722bb70,ALKYLATION,CC(C)(C)OC(=O)N1CCC(N)(CO)C1.Clc1cc(Cl)nc(N2CCOCC2)n1>>CC(C)(C)OC(=O)N1CCC(N)(COc2cc(Cl)nc(N3CCOCC3)n2)C1,101,103,0,[],train,train
SMILES:CC(C)(C)OC(=O)N1CCCC1C(=O)O.SMILES:Cc1cc(Br)ccn1>>SMILES:Cc1cc(C2CCCN2C(=O)OC(C)(C)C)ccn1,ad4305a1e062868e,PHOTOCHEMISTRY,CC(C)(C)OC(=O)N1CCCC1C(=O)O.Cc1cc(Br)ccn1>>Cc1cc(C2CCCN2C(=O)OC(C)(C)C)ccn1,73,75,0,[],train,train
SMILES:CC(C)(C)OC(=O)N1CCCC1[B-](F)(F)F.[K+].SMILES:Cc1cc(Br)ccn1>>SMILES:Cc1cc(C2CCCN2C(=O)OC(C)(C)C)ccn1,c0fabb232f13944b,PHOTOCHEMISTRY,CC(C)(C)OC(=O)N1CCCC1[B-](F)(F)F.[K+].Cc1cc(Br)ccn1>>Cc1cc(C2CCCN2C(=O)OC(C)(C)C)ccn1,77,79,0,[],valid,train
SMILES:CC(C)(C)OC(=O)N1CCCC1[B-](F)(F)F.[K+].SMILES:Clc1nn([C@H]2CCCCO2)c2ncccc12>>SMILES:CC(C)(C)OC(=O)N1CCCC1c1nn(C2CCCCO2)c2ncccc12,4369d934eff57e12,SUZUKI,CC(C)(C)OC(=O)N1CCCC1[B-](F)(F)F.[K+].Clc1nn([C@H]2CCCCO2)c2ncccc12>>CC(C)(C)OC(=O)N1CCCC1c1nn(C2CCCCO2)c2ncccc12,101,103,0,[],train,train
SMILES:CC(C)(C)OC(=O)N1CCCC1[B-](F)(F)F.[K+].SMILES:Cn1ccc(Br)n1>>SMILES:Cn1ccc(C2CCCN2C(=O)OC(C)(C)C)n1,af7b480e5a757ba0,PHOTOCHEMISTRY,CC(C)(C)OC(=O)N1CCCC1[B-](F)(F)F.[K+].Cn1ccc(Br)n1>>Cn1ccc(C2CCCN2C(=O)OC(C)(C)C)n1,75,77,0,[],valid,valid
SMILES:CC(C)(C)OC(=O)N1CCCC1[B-](F)(F)F.[K+].SMILES:Cn1ccc(I)n1>>SMILES:Cn1ccc(C2CCCN2C(=O)OC(C)(C)C)n1,819332e2d4b2dfdd,PHOTOCHEMISTRY,CC(C)(C)OC(=O)N1CCCC1[B-](F)(F)F.[K+].Cn1ccc(I)n1>>Cn1ccc(C2CCCN2C(=O)OC(C)(C)C)n1,75,77,0,[],train,train
SMILES:CC(C)(C)OC(=O)N1CCCNCC1.SMILES:CCc1ccn2ccnc2c1Br>>SMILES:CCc1ccn2ccnc2c1N1CCCN(C(=O)OC(C)(C)C)CC1,590d3488c595f45c,BUCHWALD,CC(C)(C)OC(=O)N1CCCNCC1.CCc1ccn2ccnc2c1Br>>CCc1ccn2ccnc2c1N1CCCN(C(=O)OC(C)(C)C)CC1,81,83,0,[],test,train
SMILES:CC(C)(C)OC(=O)N1CCC[C@@H](N(C(=O)c2ccc(Br)cc2)c2ncccc2Cl)C1.SMILES:O.SMILES:c1cnc2ccnn2c1>>SMILES:CC(C)(C)OC(=O)N1CCC[C@@H](N(C(=O)c2ccc(-c3cnn4cccnc34)cc2)c2ncccc2Cl)C1,86158537b8118c5e,CH ACTIVATION,CC(C)(C)OC(=O)N1CCC[C@@H](N(C(=O)c2ccc(Br)cc2)c2ncccc2Cl)C1.O.c1cnc2ccnn2c1>>CC(C)(C)OC(=O)N1CCC[C@@H](N(C(=O)c2ccc(-c3cnn4cccnc34)cc2)c2ncccc2Cl)C1,134,136,0,[],test,train
SMILES:CC(C)(C)OC(=O)N1CCC[C@@H](N)C1.SMILES:Clc1cccnc1Br.SMILES:NNC(=O)c1sccc1N>>SMILES:CC(C)(C)OC(=O)N1CCC[C@@H](Nc2ncccc2Cl)C1,cec5e2a5b3178899,BUCHWALD,CC(C)(C)OC(=O)N1CCC[C@@H](N)C1.Clc1cccnc1Br.NNC(=O)c1sccc1N>>CC(C)(C)OC(=O)N1CCC[C@@H](Nc2ncccc2Cl)C1,87,89,0,[],test,train
SMILES:CC(C)(C)OC(=O)N1CCC[C@@H](O)C1.SMILES:CCOc1ccccc1I>>SMILES:CCOc1ccccc1O[C@@H]1CCCN(C(=O)OC(C)(C)C)C1,c90b2b5d563ba07a,BUCHWALD,CC(C)(C)OC(=O)N1CCC[C@@H](O)C1.CCOc1ccccc1I>>CCOc1ccccc1O[C@@H]1CCCN(C(=O)OC(C)(C)C)C1,75,77,0,[],train,train
SMILES:CC(C)(C)OC(=O)N1CCN(C[B-](F)(F)F)CC1.[K+].SMILES:Cc1cc(C)c(CN2CCc3c(Cl)cc(Br)c(Cl)c3C2=O)c(OCc2ccccc2)n1>>SMILES:Cc1cc(C)c(CN2CCc3c(Cl)cc(CN4CCN(C(=O)OC(C)(C)C)CC4)c(Cl)c3C2=O)c(OCc2ccccc2)n1,cc186b5ebdbf7fe8,SUZUKI,CC(C)(C)OC(=O)N1CCN(C[B-](F)(F)F)CC1.[K+].Cc1cc(C)c(CN2CCc3c(Cl)cc(Br)c(Cl)c3C2=O)c(OCc2ccccc2)n1>>Cc1cc(C)c(CN2CCc3c(Cl)cc(CN4CCN(C(=O)OC(C)(C)C)CC4)c(Cl)c3C2=O)c(OCc2ccccc2)n1,165,167,0,[],test,train
SMILES:CC(C)(C)OC(=O)N1CCN(c2ncnc3c2CCC=C3)CC1.SMILES:Cc1ccc2c(cnn2[C@@H]2CCCCO2)c1B(O)O>>SMILES:Cc1ccc2c(cnn2C2CCCCO2)c1C1CCc2c(ncnc2N2CCN(C(=O)OC(C)(C)C)CC2)C1,f8d1a324afa7ac08,RH COUPLING,CC(C)(C)OC(=O)N1CCN(c2ncnc3c2CCC=C3)CC1.Cc1ccc2c(cnn2[C@@H]2CCCCO2)c1B(O)O>>Cc1ccc2c(cnn2C2CCCCO2)c1C1CCc2c(ncnc2N2CCN(C(=O)OC(C)(C)C)CC2)C1,134,136,0,[],valid,train
SMILES:CC(C)(C)OC(=O)N1CCNCC1.SMILES:C[C@H](Cn1ccc2c1nc(N)n1nc(-c3ccco3)nc21)OS(C)(=O)=O>>SMILES:C[C@H](Cn1ccc2c1nc(N)n1nc(-c3ccco3)nc21)N1CCN(C(=O)OC(C)(C)C)CC1,a2623007cfe2fec0,ALKYLATION,CC(C)(C)OC(=O)N1CCNCC1.C[C@H](Cn1ccc2c1nc(N)n1nc(-c3ccco3)nc21)OS(C)(=O)=O>>C[C@H](Cn1ccc2c1nc(N)n1nc(-c3ccco3)nc21)N1CCN(C(=O)OC(C)(C)C)CC1,131,133,0,[],valid,train
SMILES:CC(C)(C)OC(=O)N1CC[C@@H](CO)C1.SMILES:Cn1cc(Nc2nc(Cl)c3c(Cl)c[nH]c3n2)cn1>>SMILES:Cn1cc(Nc2nc(OCC3CCN(C(=O)OC(C)(C)C)C3)c3c(Cl)c[nH]c3n2)cn1,b208f7e04c4bf7d6,BUCHWALD,CC(C)(C)OC(=O)N1CC[C@@H](CO)C1.Cn1cc(Nc2nc(Cl)c3c(Cl)c[nH]c3n2)cn1>>Cn1cc(Nc2nc(OCC3CCN(C(=O)OC(C)(C)C)C3)c3c(Cl)c[nH]c3n2)cn1,111,113,0,[],train,valid
SMILES:CC(C)(C)OC(=O)N1CC[C@@H](N)C1.SMILES:N#Cc1cccc2nc(Br)ccc12>>SMILES:CC(C)(C)OC(=O)N1CC[C@@H](Nc2ccc(N3CCOCC3)nc2)C1,fc63e35985f4c1b2,BUCHWALD,CC(C)(C)OC(=O)N1CC[C@@H](N)C1.N#Cc1cccc2nc(Br)ccc12>>CC(C)(C)OC(=O)N1CC[C@@H](Nc2ccc(N3CCOCC3)nc2)C1,88,90,0,[],train,train
SMILES:CC(C)(C)OC(=O)N1CC[C@@](C)(N)C1.SMILES:Nc1ncc(-c2nc(N3CCOCC3)nc(Cl)c2CCI)cn1>>SMILES:CC(C)(C)OC(=O)N1CC[C@](C)(N2CCc3c(-c4cnc(N)nc4)nc(N4CCOCC4)nc32)C1,69993dc0b87b7236,ALKYLATION,CC(C)(C)OC(=O)N1CC[C@@](C)(N)C1.Nc1ncc(-c2nc(N3CCOCC3)nc(Cl)c2CCI)cn1>>CC(C)(C)OC(=O)N1CC[C@](C)(N2CCc3c(-c4cnc(N)nc4)nc(N4CCOCC4)nc32)C1,128,130,0,[],train,train
SMILES:CC(C)(C)OC(=O)N1CC[C@H]2O[C@H]2C1.SMILES:NCc1ccccc1>>SMILES:CC(C)(C)OC(=O)N1CC[C@@H](NCc2ccccc2)[C@H](O)C1,bbcd60df2bbd9154,ALKYLATION,CC(C)(C)OC(=O)N1CC[C@H]2O[C@H]2C1.NCc1ccccc1>>CC(C)(C)OC(=O)N1CC[C@@H](NCc2ccccc2)[C@H](O)C1,74,76,0,[],train,train
SMILES:CC(C)(C)OC(=O)N1CC[C@](N)(CO)C1.SMILES:Fc1c(Cl)nc(N2CCOCC2)nc1Cl>>SMILES:CC(C)(C)OC(=O)N1CCC(CO)(Nc2nc(N3CCOCC3)nc(Cl)c2F)C1,7252d70cdc1597a0,ALKYLATION,CC(C)(C)OC(=O)N1CC[C@](N)(CO)C1.Fc1c(Cl)nc(N2CCOCC2)nc1Cl>>CC(C)(C)OC(=O)N1CCC(CO)(Nc2nc(N3CCOCC3)nc(Cl)c2F)C1,103,105,0,[],train,train
SMILES:CC(C)(C)OC(=O)N1CC[C@]2(COC(=O)N2)C1.SMILES:Clc1cc(Cl)nc(N2CCOCC2)n1>>SMILES:CC(C)(C)OC(=O)N1CCC(CO)(Nc2cc(Cl)nc(N3CCOCC3)n2)C1,fb658e2e302a8e14,ALKYLATION,CC(C)(C)OC(=O)N1CC[C@]2(COC(=O)N2)C1.Clc1cc(Cl)nc(N2CCOCC2)n1>>CC(C)(C)OC(=O)N1CCC(CO)(Nc2cc(Cl)nc(N3CCOCC3)n2)C1,106,108,0,[],train,test
SMILES:CC(C)(C)OC(=O)N1CCc2cc(Br)cc(OCc3ccccc3)c2C1.SMILES:CC[Si](CC)CC.SMILES:C[Si](C(=O)O)(c1ccccc1)c1ccccc1>>SMILES:CC(C)(C)OC(=O)N1CCc2cc(C=O)cc(OCc3ccccc3)c2C1,f84546977a15c019,CARBONYLATION,CC(C)(C)OC(=O)N1CCc2cc(Br)cc(OCc3ccccc3)c2C1.CC[Si](CC)CC.C[Si](C(=O)O)(c1ccccc1)c1ccccc1>>CC(C)(C)OC(=O)N1CCc2cc(C=O)cc(OCc3ccccc3)c2C1,128,130,0,[],test,train
SMILES:CC(C)(C)OC(=O)N1CCc2cc(Br)cc(OCc3ccccc3)c2C1.SMILES:CC[Si](CC)CC.SMILES:O=CN1C(=O)c2ccccc2S1(=O)=O>>SMILES:CC(C)(C)OC(=O)N1CCc2cc(C=O)cc(OCc3ccccc3)c2C1,199e97b3fb494c5c,CARBONYLATION,CC(C)(C)OC(=O)N1CCc2cc(Br)cc(OCc3ccccc3)c2C1.CC[Si](CC)CC.O=CN1C(=O)c2ccccc2S1(=O)=O>>CC(C)(C)OC(=O)N1CCc2cc(C=O)cc(OCc3ccccc3)c2C1,126,128,0,[],train,train
SMILES:CC(C)(C)OC(=O)N1CCc2cc(Br)cc(OCc3ccccc3)c2C1.SMILES:CC[Si](CC)CC.SMILES:O=COc1c(Cl)cc(Cl)cc1Cl>>SMILES:CC(C)(C)OC(=O)N1CCc2cc(C=O)cc(OCc3ccccc3)c2C1,8a1cea692717cc51,CARBONYLATION,CC(C)(C)OC(=O)N1CCc2cc(Br)cc(OCc3ccccc3)c2C1.CC[Si](CC)CC.O=COc1c(Cl)cc(Cl)cc1Cl>>CC(C)(C)OC(=O)N1CCc2cc(C=O)cc(OCc3ccccc3)c2C1,119,121,0,[],train,train
SMILES:CC(C)(C)OC(=O)N1CCc2cc(Br)cc(OCc3ccccc3)c2C1.SMILES:CC[Si](CC)CC.SMILES:[C-]#[O+]>>SMILES:CC(C)(C)OC(=O)N1CCc2cc(C=O)cc(OCc3ccccc3)c2C1,2d36fce29cc27c2f,CARBONYLATION,CC(C)(C)OC(=O)N1CCc2cc(Br)cc(OCc3ccccc3)c2C1.CC[Si](CC)CC.[C-]#[O+]>>CC(C)(C)OC(=O)N1CCc2cc(C=O)cc(OCc3ccccc3)c2C1,103,105,0,[],train,train
SMILES:CC(C)(C)OC(=O)N1CCc2cc(Br)cc(OCc3ccccc3)c2C1.SMILES:C[Si](C)(C)C(F)F>>SMILES:CC(C)(C)OC(=O)N1CCc2cc(C(F)F)cc(OCc3ccccc3)c2C1,751843fe81f9a7f2,DIFLUOROMETHYLATION,CC(C)(C)OC(=O)N1CCc2cc(Br)cc(OCc3ccccc3)c2C1.C[Si](C)(C)C(F)F>>CC(C)(C)OC(=O)N1CCc2cc(C(F)F)cc(OCc3ccccc3)c2C1,105,107,0,[],test,train
SMILES:CC(C)(C)OC(=O)N1CCc2cc(Br)cc(OCc3ccccc3)c2C1.SMILES:[C-]#[O+]>>SMILES:CC(C)(C)OC(=O)N1CCc2cc(C=O)cc(OCc3ccccc3)c2C1,cb466ba346dc5387,CARBONYLATION,CC(C)(C)OC(=O)N1CCc2cc(Br)cc(OCc3ccccc3)c2C1.[C-]#[O+]>>CC(C)(C)OC(=O)N1CCc2cc(C=O)cc(OCc3ccccc3)c2C1,93,95,0,[],train,train
SMILES:CC(C)(C)OC(=O)N1C[C@@H]2O[C@H]2[C@@H](F)C1.SMILES:[F][Ce]([F])([F])[F]>>SMILES:CC(C)(C)OC(=O)N1C[C@@H](F)[C@H](O)[C@@H](F)C1,ec7a4b8a50ece60b,FLUORINATION,CC(C)(C)OC(=O)N1C[C@@H]2O[C@H]2[C@@H](F)C1.[F][Ce]([F])([F])[F]>>CC(C)(C)OC(=O)N1C[C@@H](F)[C@H](O)[C@@H](F)C1,70,72,0,[],train,train
SMILES:CC(C)(C)OC(=O)N1C[C@H](COc2nc(Cl)nc3[nH]ccc23)[C@@H](C(F)(F)F)C1.SMILES:Nc1cnoc1>>SMILES:CC(C)(C)OC(=O)N1C[C@H](COc2nc(Cl)nc3[nH]ccc23)[C@@H](C(F)(F)F)C1,bca03c807e0c2e1b,BUCHWALD,CC(C)(C)OC(=O)N1C[C@H](COc2nc(Cl)nc3[nH]ccc23)[C@@H](C(F)(F)F)C1.Nc1cnoc1>>CC(C)(C)OC(=O)N1C[C@H](COc2nc(Cl)nc3[nH]ccc23)[C@@H](C(F)(F)F)C1,112,114,0,[],train,test
SMILES:CC(C)(C)OC(=O)N1C[C@H]2CNC[C@H]2C1.SMILES:Cn1cc(Nc2nc(Cl)nc3[nH]cnc23)cn1>>SMILES:Cn1cc(Nc2nc(N3C[C@H]4CN(C(=O)OC(C)(C)C)C[C@H]4C3)nc3[nH]cnc23)cn1,d0a4c5803679c357,BUCHWALD,CC(C)(C)OC(=O)N1C[C@H]2CNC[C@H]2C1.Cn1cc(Nc2nc(Cl)nc3[nH]cnc23)cn1>>Cn1cc(Nc2nc(N3C[C@H]4CN(C(=O)OC(C)(C)C)C[C@H]4C3)nc3[nH]cnc23)cn1,109,111,0,[],train,train
SMILES:CC(C)(C)OC(=O)N1Cc2c(Br)nn(C(=O)OC(C)(C)C)c2C1(C)C.SMILES:Cn1cc(N)cn1>>SMILES:Cn1cc(Nc2nn(C(=O)OC(C)(C)C)c3c2CN(C(=O)OC(C)(C)C)C3(C)C)cn1,062aa259cb603ebb,BUCHWALD,CC(C)(C)OC(=O)N1Cc2c(Br)nn(C(=O)OC(C)(C)C)c2C1(C)C.Cn1cc(N)cn1>>Cn1cc(Nc2nn(C(=O)OC(C)(C)C)c3c2CN(C(=O)OC(C)(C)C)C3(C)C)cn1,121,123,0,[],valid,test
SMILES:CC(C)(C)OC(=O)N1Cc2c(Br)nn(C(=O)OC(C)(C)C)c2C1(C)C>>SMILES:Cn1cc(Nc2nn(C(=O)OC(C)(C)C)c3c2CN(C(=O)OC(C)(C)C)C3(C)C)cn1,924dc747ef105335,BUCHWALD,CC(C)(C)OC(=O)N1Cc2c(Br)nn(C(=O)OC(C)(C)C)c2C1(C)C>>Cn1cc(Nc2nn(C(=O)OC(C)(C)C)c3c2CN(C(=O)OC(C)(C)C)C3(C)C)cn1,109,111,0,[],train,test
SMILES:CC(C)(C)OC(=O)NCCCn1c(I)cc(=O)[nH]c1=S>>SMILES:COc1ccc(F)cc1-c1cc(=O)[nH]c(=S)n1CCCNC(=O)OC(C)(C)C,87ca64a4bac65544,SUZUKI,CC(C)(C)OC(=O)NCCCn1c(I)cc(=O)[nH]c1=S>>COc1ccc(F)cc1-c1cc(=O)[nH]c(=S)n1CCCNC(=O)OC(C)(C)C,84,86,0,[],test,train
SMILES:CC(C)(C)OC(=O)NCC[B-](F)(F)F.[K+].SMILES:COc1ccc(Br)nc1>>SMILES:COc1ccc(CCNC(=O)OC(C)(C)C)nc1,b0113d9a0a40a10d,SUZUKI,CC(C)(C)OC(=O)NCC[B-](F)(F)F.[K+].COc1ccc(Br)nc1>>COc1ccc(CCNC(=O)OC(C)(C)C)nc1,71,73,0,[],train,test
SMILES:CC(C)(C)OC(=O)NNC(=O)OC(C)(C)C.SMILES:Cc1ccnc(Br)c1>>SMILES:Cc1ccnc(N(NC(=O)OC(C)(C)C)C(=O)OC(C)(C)C)c1,af3b1f5de74aea7e,BUCHWALD,CC(C)(C)OC(=O)NNC(=O)OC(C)(C)C.Cc1ccnc(Br)c1>>Cc1ccnc(N(NC(=O)OC(C)(C)C)C(=O)OC(C)(C)C)c1,87,89,0,[],valid,train
SMILES:CC(C)(C)OC(=O)NNC(=O)OC(C)(C)C.SMILES:Fc1cccnc1I>>SMILES:CC(C)(C)OC(=O)NN(C(=O)OC(C)(C)C)c1ncccc1F,a3e39c0ccb3a46cd,BUCHWALD,CC(C)(C)OC(=O)NNC(=O)OC(C)(C)C.Fc1cccnc1I>>CC(C)(C)OC(=O)NN(C(=O)OC(C)(C)C)c1ncccc1F,83,85,0,[],train,test
SMILES:CC(C)(C)OC(=O)n1cc(B2OC(C)(C)C(C)(C)O2)c2ccc(F)cc21.SMILES:COC(=O)[C@@H]1NS(=O)(=O)c2ccc(Br)cc21>>SMILES:COC(=O)C1NS(=O)(=O)c2ccc(-c3cn(C(=O)OC(C)(C)C)c4cc(F)ccc34)cc21,96667ab2ce5bf88b,SUZUKI,CC(C)(C)OC(=O)n1cc(B2OC(C)(C)C(C)(C)O2)c2ccc(F)cc21.COC(=O)[C@@H]1NS(=O)(=O)c2ccc(Br)cc21>>COC(=O)C1NS(=O)(=O)c2ccc(-c3cn(C(=O)OC(C)(C)C)c4cc(F)ccc34)cc21,147,149,0,[],test,valid
SMILES:CC(C)(C)OC(=O)n1ccc2c(F)ccc(OCc3ccccc3)c2c1=O>>SMILES:CC(C)(C)OC(=O)N1CCc2c(F)ccc(O)c2C1,62a270f896e5c44b,HYDROGENATION,CC(C)(C)OC(=O)n1ccc2c(F)ccc(OCc3ccccc3)c2c1=O>>CC(C)(C)OC(=O)N1CCc2c(F)ccc(O)c2C1,80,82,0,[],train,test
SMILES:CC(C)(C)OCCBr.SMILES:Cc1n[nH]cc1[N+](=O)[O-]>>SMILES:Cc1nn(CCOC(C)(C)C)cc1[N+](=O)[O-],8e8eec33d82fd1b7,ALKYLATION,CC(C)(C)OCCBr.Cc1n[nH]cc1[N+](=O)[O-]>>Cc1nn(CCOC(C)(C)C)cc1[N+](=O)[O-],55,57,0,[],train,train
SMILES:CC(C)(C)OCCO.SMILES:Cc1n[nH]cc1[N+](=O)[O-]>>SMILES:Cc1nn(CCOC(C)(C)C)cc1[N+](=O)[O-],2cb4c9860540f47f,ALKYLATION,CC(C)(C)OCCO.Cc1n[nH]cc1[N+](=O)[O-]>>Cc1nn(CCOC(C)(C)C)cc1[N+](=O)[O-],55,57,0,[],train,valid
SMILES:CC(C)(C)[O][Al-]([O]C(C)(C)C)[O]C(C)(C)C.[Li+].SMILES:CS(=O)(=O)N1CCC(=O)[C@@H](O)C1.SMILES:N>>SMILES:CS(=O)(=O)N1CC[C@@H](N)[C@@H](O)C1,f2f2017a1d9091cb,AMINATION,CC(C)(C)[O][Al-]([O]C(C)(C)C)[O]C(C)(C)C.[Li+].CS(=O)(=O)N1CCC(=O)[C@@H](O)C1.N>>CS(=O)(=O)N1CC[C@@H](N)[C@@H](O)C1,85,87,0,[],train,train
SMILES:CC(C)(C)[O][Al-]([O]C(C)(C)C)[O]C(C)(C)C.[Li+].SMILES:CS(=O)(=O)N1CCC(=O)[C@@H](O)C1.SMILES:NCc1ccccc1>>SMILES:CS(=O)(=O)N1CC[C@@H](N)[C@@H](O)C1,43906f1b0989451a,AMINATION,CC(C)(C)[O][Al-]([O]C(C)(C)C)[O]C(C)(C)C.[Li+].CS(=O)(=O)N1CCC(=O)[C@@H](O)C1.NCc1ccccc1>>CS(=O)(=O)N1CC[C@@H](N)[C@@H](O)C1,94,96,0,[],train,train
SMILES:CC(C)(C)c1ccc(Br)cc1.SMILES:[Br][Zn][CH2]Cc1ccccc1.SMILES:[C-]#[N+]C(C)(C)C>>SMILES:CC(C)(C)c1ccc(C(=O)C(=O)CCc2ccccc2)cc1,380c052c301236a6,CARBONYLATION,CC(C)(C)c1ccc(Br)cc1.[Br][Zn][CH2]Cc1ccccc1.[C-]#[N+]C(C)(C)C>>CC(C)(C)c1ccc(C(=O)C(=O)CCc2ccccc2)cc1,83,85,0,[],train,train
SMILES:CC(C)(C)c1ccc(Br)cn1.SMILES:[Br][Zn][CH2]Cc1ccccc1.SMILES:[C-]#[N+]C(C)(C)C>>SMILES:CC(C)(C)c1ccc(C(=O)C(=O)CCc2ccccc2)cn1,3548e62918e60f28,CARBONYLATION,CC(C)(C)c1ccc(Br)cn1.[Br][Zn][CH2]Cc1ccccc1.[C-]#[N+]C(C)(C)C>>CC(C)(C)c1ccc(C(=O)C(=O)CCc2ccccc2)cn1,83,85,0,[],valid,train
SMILES:CC(C)(C)c1ccc(Br)cn1.SMILES:[Br][Zn][CH2]Cc1ccccc1.SMILES:[C-]#[N+]C(C)(C)C>>SMILES:CC(C)(C)c1ccc(C(=O)CCc2ccccc2)cn1,30d62804704349e8,CARBONYLATION,CC(C)(C)c1ccc(Br)cn1.[Br][Zn][CH2]Cc1ccccc1.[C-]#[N+]C(C)(C)C>>CC(C)(C)c1ccc(C(=O)CCc2ccccc2)cn1,78,80,0,[],valid,valid
SMILES:CC(C)(N)C(=O)N1CC[C@](C)(N2CCc3c(-c4cnc(N)nc4)nc(N4CCOCC4)nc32)C1.SMILES:CS(=O)(=O)O>>SMILES:CC(C)(N)C(=O)N1CC[C@](C)(N2CCc3c(-c4cnc(N)nc4)nc(N4CCOCC4)nc32)C1,e64f1df97f387282,CHIRAL SALT RESOLUTION,CC(C)(N)C(=O)N1CC[C@](C)(N2CCc3c(-c4cnc(N)nc4)nc(N4CCOCC4)nc32)C1.CS(=O)(=O)O>>CC(C)(N)C(=O)N1CC[C@](C)(N2CCc3c(-c4cnc(N)nc4)nc(N4CCOCC4)nc32)C1,137,139,0,[],train,train
SMILES:CC(C)(N)C(=O)N1CC[C@](C)(N2CCc3c(-c4cnc(N)nc4)nc(N4CCOCC4)nc32)C1.SMILES:Cl>>SMILES:CC(C)(N)C(=O)N1CC[C@](C)(N2CCc3c(-c4cnc(N)nc4)nc(N4CCOCC4)nc32)C1,4f53cda18c2baa0c,CHIRAL SALT RESOLUTION,CC(C)(N)C(=O)N1CC[C@](C)(N2CCc3c(-c4cnc(N)nc4)nc(N4CCOCC4)nc32)C1.Cl>>CC(C)(N)C(=O)N1CC[C@](C)(N2CCc3c(-c4cnc(N)nc4)nc(N4CCOCC4)nc32)C1,127,129,0,[],train,train
SMILES:CC(C)(N)C(=O)N1CC[C@](C)(N2CCc3c(-c4cnc(N)nc4)nc(N4CCOCC4)nc32)C1.SMILES:O=P(O)(O)O>>SMILES:CC(C)(N)C(=O)N1CC[C@](C)(N2CCc3c(-c4cnc(N)nc4)nc(N4CCOCC4)nc32)C1,3fa932bf8271ab77,CHIRAL SALT RESOLUTION,CC(C)(N)C(=O)N1CC[C@](C)(N2CCc3c(-c4cnc(N)nc4)nc(N4CCOCC4)nc32)C1.O=P(O)(O)O>>CC(C)(N)C(=O)N1CC[C@](C)(N2CCc3c(-c4cnc(N)nc4)nc(N4CCOCC4)nc32)C1,136,138,0,[],train,train
SMILES:CC(C)(N)C(=O)N1CC[C@](C)(N2CCc3c(-c4cnc(N)nc4)nc(N4CCOCC4)nc32)C1.SMILES:O=S(=O)(O)O>>SMILES:CC(C)(N)C(=O)N1CC[C@](C)(N2CCc3c(-c4cnc(N)nc4)nc(N4CCOCC4)nc32)C1,2ae640b844aa19ab,CHIRAL SALT RESOLUTION,CC(C)(N)C(=O)N1CC[C@](C)(N2CCc3c(-c4cnc(N)nc4)nc(N4CCOCC4)nc32)C1.O=S(=O)(O)O>>CC(C)(N)C(=O)N1CC[C@](C)(N2CCc3c(-c4cnc(N)nc4)nc(N4CCOCC4)nc32)C1,137,139,0,[],test,test
SMILES:CC(C)(N)C(=O)N1CC[C@](C)(N2CCc3c(-c4cnc(N)nc4)nc(N4CCOCC4)nc32)C1.SMILES:O=S(=O)(O)c1ccccc1>>SMILES:CC(C)(N)C(=O)N1CC[C@](C)(N2CCc3c(-c4cnc(N)nc4)nc(N4CCOCC4)nc32)C1,84efaac7c823d524,CHIRAL SALT RESOLUTION,CC(C)(N)C(=O)N1CC[C@](C)(N2CCc3c(-c4cnc(N)nc4)nc(N4CCOCC4)nc32)C1.O=S(=O)(O)c1ccccc1>>CC(C)(N)C(=O)N1CC[C@](C)(N2CCc3c(-c4cnc(N)nc4)nc(N4CCOCC4)nc32)C1,144,146,0,[],test,train
SMILES:CC(C)(OO)c1ccccc1.SMILES:CC[C@H]1CN2CC[C@H]1C[C@H]2[C@H](O)c1ccnc2ccc(OC)cc12>>SMILES:CC[C@H]1CN2CC[C@H]1C[C@H]2[C@H](O)c1cc(O)nc2ccc(OC)cc12,d3bee725a430efff,BIOMIMETIC OXIDATION,CC(C)(OO)c1ccccc1.CC[C@H]1CN2CC[C@H]1C[C@H]2[C@H](O)c1ccnc2ccc(OC)cc12>>CC[C@H]1CN2CC[C@H]1C[C@H]2[C@H](O)c1cc(O)nc2ccc(OC)cc12,94,96,0,[],train,train
SMILES:CC(C)(OO)c1ccccc1.SMILES:O=C([C@@H]1CCCN(c2ccc3nc(C4(n5cc(Cl)cn5)CC4)[nH]c3n2)C1)N1CCCC1>>SMILES:O=C([C@@H]1CCCN(c2cc(O)c3nc(C4(n5cc(Cl)cn5)CC4)[nH]c3n2)C1)N1CCCC1,5c9ccd95bb821c7d,BIOMIMETIC OXIDATION,CC(C)(OO)c1ccccc1.O=C([C@@H]1CCCN(c2ccc3nc(C4(n5cc(Cl)cn5)CC4)[nH]c3n2)C1)N1CCCC1>>O=C([C@@H]1CCCN(c2cc(O)c3nc(C4(n5cc(Cl)cn5)CC4)[nH]c3n2)C1)N1CCCC1,130,132,0,[],train,train
SMILES:CC(C)C(C)[B-](C(C)C(C)C)C(C)C(C)C.[K+].SMILES:CS(=O)(=O)N1CCC(=O)[C@@H](O)C1.SMILES:N>>SMILES:CS(=O)(=O)N1CC[C@@H](N)[C@@H](O)C1,f3ec35ba78d75d2d,AMINATION,CC(C)C(C)[B-](C(C)C(C)C)C(C)C(C)C.[K+].CS(=O)(=O)N1CCC(=O)[C@@H](O)C1.N>>CS(=O)(=O)N1CC[C@@H](N)[C@@H](O)C1,85,87,0,[],train,train
SMILES:CC(C)C(C)[B-](C(C)C(C)C)C(C)C(C)C.[K+].SMILES:CS(=O)(=O)N1CCC(=O)[C@@H](O)C1.SMILES:NCc1ccccc1>>SMILES:CS(=O)(=O)N1CC[C@@H](N)[C@@H](O)C1,ec459ef1874fe133,AMINATION,CC(C)C(C)[B-](C(C)C(C)C)C(C)C(C)C.[K+].CS(=O)(=O)N1CCC(=O)[C@@H](O)C1.NCc1ccccc1>>CS(=O)(=O)N1CC[C@@H](N)[C@@H](O)C1,94,96,0,[],train,train
SMILES:CC(C)[CH2][Al][CH2]C(C)C.SMILES:CS(=O)(=O)N1CCC(=O)[C@@H](O)C1.SMILES:N>>SMILES:CS(=O)(=O)N1CC[C@@H](N)[C@@H](O)C1,1c55a04f4052a4b9,AMINATION,CC(C)[CH2][Al][CH2]C(C)C.CS(=O)(=O)N1CCC(=O)[C@@H](O)C1.N>>CS(=O)(=O)N1CC[C@@H](N)[C@@H](O)C1,66,68,0,[],train,train
SMILES:CC(C)[CH2][Al][CH2]C(C)C.SMILES:CS(=O)(=O)N1CCC(=O)[C@@H](O)C1.SMILES:NCc1ccccc1>>SMILES:CS(=O)(=O)N1CC[C@@H](N)[C@@H](O)C1,5c818331cd9c2157,AMINATION,CC(C)[CH2][Al][CH2]C(C)C.CS(=O)(=O)N1CCC(=O)[C@@H](O)C1.NCc1ccccc1>>CS(=O)(=O)N1CC[C@@H](N)[C@@H](O)C1,75,77,0,[],test,valid
SMILES:CC(C)[Si](C(C)C)C(C)C.SMILES:CC(O)c1cccnc1.SMILES:O=[N+]([O-])c1ccccc1F>>SMILES:CC(Oc1ccccc1[N+](=O)[O-])c1cccnc1,0c0ab82572de9861,ALKYLATION,CC(C)[Si](C(C)C)C(C)C.CC(O)c1cccnc1.O=[N+]([O-])c1ccccc1F>>CC(Oc1ccccc1[N+](=O)[O-])c1cccnc1,76,78,0,[],test,train
SMILES:CC(O)c1cccnc1.SMILES:CCO[Si](C)OCC.SMILES:O=[N+]([O-])c1ccccc1F>>SMILES:CC(Oc1ccccc1[N+](=O)[O-])c1cccnc1,4ae192a47ca63ab4,ALKYLATION,CC(O)c1cccnc1.CCO[Si](C)OCC.O=[N+]([O-])c1ccccc1F>>CC(Oc1ccccc1[N+](=O)[O-])c1cccnc1,68,70,0,[],valid,valid
SMILES:CC(O)c1cccnc1.SMILES:CCO[Si](OCC)OCC.SMILES:O=[N+]([O-])c1ccccc1F>>SMILES:CC(Oc1ccccc1[N+](=O)[O-])c1cccnc1,2acda056fbb31777,ALKYLATION,CC(O)c1cccnc1.CCO[Si](OCC)OCC.O=[N+]([O-])c1ccccc1F>>CC(Oc1ccccc1[N+](=O)[O-])c1cccnc1,70,72,0,[],train,train
SMILES:CC(O)c1cccnc1.SMILES:CC[Si](CC)CC.SMILES:O=[N+]([O-])c1ccccc1F>>SMILES:CC(Oc1ccccc1[N+](=O)[O-])c1cccnc1,8aa1e2a365bd440a,ALKYLATION,CC(O)c1cccnc1.CC[Si](CC)CC.O=[N+]([O-])c1ccccc1F>>CC(Oc1ccccc1[N+](=O)[O-])c1cccnc1,67,69,0,[],train,valid
SMILES:CC(O)c1cccnc1.SMILES:C[Si](C)O[Si](C)C.SMILES:O=[N+]([O-])c1ccccc1F>>SMILES:CC(Oc1ccccc1[N+](=O)[O-])c1cccnc1,35f21f4102e9e1e8,ALKYLATION,CC(O)c1cccnc1.C[Si](C)O[Si](C)C.O=[N+]([O-])c1ccccc1F>>CC(Oc1ccccc1[N+](=O)[O-])c1cccnc1,69,71,0,[],train,train
SMILES:CC(O)c1cccnc1.SMILES:C[Si](C)c1ccccc1.SMILES:O=[N+]([O-])c1ccccc1F>>SMILES:CC(Oc1ccccc1[N+](=O)[O-])c1cccnc1,602d55255f85d363,ALKYLATION,CC(O)c1cccnc1.C[Si](C)c1ccccc1.O=[N+]([O-])c1ccccc1F>>CC(Oc1ccccc1[N+](=O)[O-])c1cccnc1,71,73,0,[],train,valid
SMILES:CC(O)c1cccnc1.SMILES:C[Si]1O[Si](C)O[Si](C)O[Si](C)O[Si](C)O1.SMILES:O=[N+]([O-])c1ccccc1F>>SMILES:CC(Oc1ccccc1[N+](=O)[O-])c1cccnc1,c80e09f75d399d34,ALKYLATION,CC(O)c1cccnc1.C[Si]1O[Si](C)O[Si](C)O[Si](C)O[Si](C)O1.O=[N+]([O-])c1ccccc1F>>CC(Oc1ccccc1[N+](=O)[O-])c1cccnc1,83,85,0,[],valid,train
SMILES:CC(O)c1cccnc1.SMILES:C[Si]c1ccccc1.SMILES:O=[N+]([O-])c1ccccc1F>>SMILES:CC(Oc1ccccc1[N+](=O)[O-])c1cccnc1,eb347a84284f3a0b,ALKYLATION,CC(O)c1cccnc1.C[Si]c1ccccc1.O=[N+]([O-])c1ccccc1F>>CC(Oc1ccccc1[N+](=O)[O-])c1cccnc1,68,70,0,[],train,test
SMILES:CC(O)c1cccnc1.SMILES:O=[N+]([O-])c1ccccc1F.SMILES:[Si]c1ccccc1>>SMILES:CC(Oc1ccccc1[N+](=O)[O-])c1cccnc1,833387a3d35016bc,ALKYLATION,CC(O)c1cccnc1.O=[N+]([O-])c1ccccc1F.[Si]c1ccccc1>>CC(Oc1ccccc1[N+](=O)[O-])c1cccnc1,67,69,0,[],train,valid
SMILES:CC(O)c1cccnc1.SMILES:O=[N+]([O-])c1ccccc1F.SMILES:c1ccc([Si]c2ccccc2)cc1>>SMILES:CC(Oc1ccccc1[N+](=O)[O-])c1cccnc1,67a765265e3c4995,ALKYLATION,CC(O)c1cccnc1.O=[N+]([O-])c1ccccc1F.c1ccc([Si]c2ccccc2)cc1>>CC(Oc1ccccc1[N+](=O)[O-])c1cccnc1,77,79,0,[],train,valid
SMILES:CC1(C)OB(B2OC(C)(C)C(C)(C)O2)OC1(C)C.SMILES:CC1(C)OBOC1(C)C.SMILES:COC(=O)c1cc(Cl)ccc1Cl>>SMILES:COC(=O)c1cc(Cl)cc(B2OC(C)(C)C(C)(C)O2)c1Cl,4cbe67c00fde7e73,PD BORYLATION,CC1(C)OB(B2OC(C)(C)C(C)(C)O2)OC1(C)C.CC1(C)OBOC1(C)C.COC(=O)c1cc(Cl)ccc1Cl>>COC(=O)c1cc(Cl)cc(B2OC(C)(C)C(C)(C)O2)c1Cl,113,115,0,[],train,train
SMILES:CC1(C)OB(B2OC(C)(C)C(C)(C)O2)OC1(C)C.SMILES:CN(Cc1ccc(S(C)(=O)=O)cc1Br)C(=O)OC(C)(C)C.SMILES:COC(=O)c1ccc(F)cc1[C@@H](C)Oc1cc(Br)cnc1N>>SMILES:COC(=O)c1ccc(F)cc1[C@@H](C)Oc1cc(-c2cc(S(C)(=O)=O)ccc2CN(C)C(=O)OC(C)(C)C)cnc1N,bef570f36aee0fa3,SUZUKI,CC1(C)OB(B2OC(C)(C)C(C)(C)O2)OC1(C)C.CN(Cc1ccc(S(C)(=O)=O)cc1Br)C(=O)OC(C)(C)C.COC(=O)c1ccc(F)cc1[C@@H](C)Oc1cc(Br)cnc1N>>COC(=O)c1ccc(F)cc1[C@@H](C)Oc1cc(-c2cc(S(C)(=O)=O)ccc2CN(C)C(=O)OC(C)(C)C)cnc1N,188,190,0,[],train,train
SMILES:CC1(C)OB(B2OC(C)(C)C(C)(C)O2)OC1(C)C.SMILES:COC(=O)c1ccc(F)cc1[C@@H](C)Oc1cc(Br)cnc1N.SMILES:Cc1nn(C)c(CN(C)C(=O)OC(C)(C)C)c1Br>>SMILES:COC(=O)c1ccc(F)cc1C(C)Oc1cc(-c2c(C)nn(C)c2CN(C)C(=O)OC(C)(C)C)cnc1N,5f4f844edf6c518e,SUZUKI,CC1(C)OB(B2OC(C)(C)C(C)(C)O2)OC1(C)C.COC(=O)c1ccc(F)cc1[C@@H](C)Oc1cc(Br)cnc1N.Cc1nn(C)c(CN(C)C(=O)OC(C)(C)C)c1Br>>COC(=O)c1ccc(F)cc1C(C)Oc1cc(-c2c(C)nn(C)c2CN(C)C(=O)OC(C)(C)C)cnc1N,174,176,0,[],train,test
SMILES:CC1(C)OB(B2OC(C)(C)C(C)(C)O2)OC1(C)C.SMILES:COC(=O)c1ccnc(Cl)c1>>SMILES:COC(=O)c1cc(Cl)nc(B2OC(C)(C)C(C)(C)O2)c1,e825564a4d92e26a,PD BORYLATION,CC1(C)OB(B2OC(C)(C)C(C)(C)O2)OC1(C)C.COC(=O)c1ccnc(Cl)c1>>COC(=O)c1cc(Cl)nc(B2OC(C)(C)C(C)(C)O2)c1,95,97,0,[],train,train
SMILES:CC1(C)OB(B2OC(C)(C)C(C)(C)O2)OC1(C)C.SMILES:C[C@@H](Oc1cc(I)cnc1N)c1cccnc1C(=O)N(C)Cc1c(Br)c(C(C)(C)C)nn1C>>SMILES:CC1Oc2cc(cnc2N)-c2c(C(C)(C)C)nn(C)c2CN(C)C(=O)c2ncccc21,519c75df9e7aedb6,SUZUKI,CC1(C)OB(B2OC(C)(C)C(C)(C)O2)OC1(C)C.C[C@@H](Oc1cc(I)cnc1N)c1cccnc1C(=O)N(C)Cc1c(Br)c(C(C)(C)C)nn1C>>CC1Oc2cc(cnc2N)-c2c(C(C)(C)C)nn(C)c2CN(C)C(=O)c2ncccc21,149,151,0,[],train,train
SMILES:CC1(C)OB(B2OC(C)(C)C(C)(C)O2)OC1(C)C.SMILES:Cc1nc2ccccc2o1>>SMILES:Cc1nc2cccc(B3OC(C)(C)C(C)(C)O3)c2o1,c14917a1062b1b08,PD BORYLATION,CC1(C)OB(B2OC(C)(C)C(C)(C)O2)OC1(C)C.Cc1nc2ccccc2o1>>Cc1nc2cccc(B3OC(C)(C)C(C)(C)O3)c2o1,87,89,0,[],train,test
SMILES:CC1(C)OB(B2OC(C)(C)C(C)(C)O2)OC1(C)C.SMILES:Cc1nn(-c2c(C#N)ncn2C)c(CN(C)C(=O)c2ccc(F)c(Cl)c2[C@@H](C)Oc2nc(Br)cnc2N)c1Br>>SMILES:Cc1c2c(nn1-c1c(C#N)ncn1C)CN(C)C(=O)c1ccc(F)c(Cl)c1[C@@H](C)Oc1nc-2cnc1N,3daee3b89d1dfdcb,SUZUKI,CC1(C)OB(B2OC(C)(C)C(C)(C)O2)OC1(C)C.Cc1nn(-c2c(C#N)ncn2C)c(CN(C)C(=O)c2ccc(F)c(Cl)c2[C@@H](C)Oc2nc(Br)cnc2N)c1Br>>Cc1c2c(nn1-c1c(C#N)ncn1C)CN(C)C(=O)c1ccc(F)c(Cl)c1[C@@H](C)Oc1nc-2cnc1N,171,173,0,[],valid,train
SMILES:CC1(C)OB(B2OC(C)(C)C(C)(C)O2)OC1(C)C.SMILES:Cc1nn(C)c(CN(C)C(=O)c2ccc(F)cc2[C@@H](C)Oc2cc(Br)cnc2N)c1Br>>SMILES:Cc1nn(C)c2c1-c1cnc(N)c(c1)OC(C)c1cc(F)ccc1C(=O)N(C)C2,e934842d10849928,SUZUKI,CC1(C)OB(B2OC(C)(C)C(C)(C)O2)OC1(C)C.Cc1nn(C)c(CN(C)C(=O)c2ccc(F)cc2[C@@H](C)Oc2cc(Br)cnc2N)c1Br>>Cc1nn(C)c2c1-c1cnc(N)c(c1)OC(C)c1cc(F)ccc1C(=O)N(C)C2,143,145,0,[],train,test
SMILES:CC1(C)OB(B2OC(C)(C)C(C)(C)O2)OC1(C)C.SMILES:Cc1nn(CCO[Si](C)(C)C(C)(C)C)c(CN(C)C(=O)c2ccc(F)c(Cl)c2[C@@H](C)Oc2nc(Br)cnc2N)c1Br>>SMILES:Cc1nn(CCO[Si](C)(C)C(C)(C)C)c2c1-c1cnc(N)c(n1)OC(C)c1c(ccc(F)c1Cl)C(=O)N(C)C2,34da3f5246370678,SUZUKI,CC1(C)OB(B2OC(C)(C)C(C)(C)O2)OC1(C)C.Cc1nn(CCO[Si](C)(C)C(C)(C)C)c(CN(C)C(=O)c2ccc(F)c(Cl)c2[C@@H](C)Oc2nc(Br)cnc2N)c1Br>>Cc1nn(CCO[Si](C)(C)C(C)(C)C)c2c1-c1cnc(N)c(n1)OC(C)c1c(ccc(F)c1Cl)C(=O)N(C)C2,183,185,0,[],valid,train
SMILES:CC1(C)OB(B2OC(C)(C)C(C)(C)O2)OC1(C)C.SMILES:Cn1ccc(N)n1>>SMILES:Cn1nc(N)cc1B1OC(C)(C)C(C)(C)O1,bea46c2cb8730bb2,PD BORYLATION,CC1(C)OB(B2OC(C)(C)C(C)(C)O2)OC1(C)C.Cn1ccc(N)n1>>Cn1nc(N)cc1B1OC(C)(C)C(C)(C)O1,79,81,0,[],valid,train
SMILES:CC1(C)OB(B2OC(C)(C)C(C)(C)O2)OC1(C)C.SMILES:N#Cc1ccccc1-c1ccnn1[C@@H]1CCCCO1>>SMILES:CC1(C)OB(c2cc(-c3ccccc3C#N)n(C3CCCCO3)n2)OC1(C)C,6d95a95ef4961389,PD BORYLATION,CC1(C)OB(B2OC(C)(C)C(C)(C)O2)OC1(C)C.N#Cc1ccccc1-c1ccnn1[C@@H]1CCCCO1>>CC1(C)OB(c2cc(-c3ccccc3C#N)n(C3CCCCO3)n2)OC1(C)C,113,115,0,[],train,train
SMILES:CC1(C)OB(C2=CC(=O)CC2)OC1(C)C.SMILES:O=C(Cc1ccccn1)Nc1ccc(Br)nn1>>SMILES:O=C1C=C(c2ccc(NC(=O)Cc3ccccn3)nn2)CC1,fca25cdb73a359ca,SUZUKI,CC1(C)OB(C2=CC(=O)CC2)OC1(C)C.O=C(Cc1ccccn1)Nc1ccc(Br)nn1>>O=C1C=C(c2ccc(NC(=O)Cc3ccccn3)nn2)CC1,94,96,0,[],valid,train
SMILES:CC1(C)OB(c2ccc3cn[nH]c3c2)OC1(C)C.SMILES:OCc1ccc(Br)cc1>>SMILES:OCc1ccc(-c2ccc3cn[nH]c3c2)cc1,3872d3ada925aaee,SUZUKI,CC1(C)OB(c2ccc3cn[nH]c3c2)OC1(C)C.OCc1ccc(Br)cc1>>OCc1ccc(-c2ccc3cn[nH]c3c2)cc1,71,73,0,[],test,train
SMILES:CC1(C)OB(c2ccc3cn[nH]c3c2)OC1(C)C.SMILES:OCc1ccc(I)cc1>>SMILES:OCc1ccc(-c2ccc3cn[nH]c3c2)cc1,7a9fb35f9e5680a5,SUZUKI,CC1(C)OB(c2ccc3cn[nH]c3c2)OC1(C)C.OCc1ccc(I)cc1>>OCc1ccc(-c2ccc3cn[nH]c3c2)cc1,71,73,0,[],train,train
SMILES:CC1(C)OB(c2ccccc2)OC1(C)C.SMILES:Cc1ccc(S(=O)(=O)N2CCC(C(=O)ON3C(=O)c4c(Cl)c(Cl)c(Cl)c(Cl)c4C3=O)CC2)cc1>>SMILES:Cc1ccc(S(=O)(=O)N2CCC(c3ccccc3)CC2)cc1,b86e9c0cd8b0e325,FE COUPLING,CC1(C)OB(c2ccccc2)OC1(C)C.Cc1ccc(S(=O)(=O)N2CCC(C(=O)ON3C(=O)c4c(Cl)c(Cl)c(Cl)c(Cl)c4C3=O)CC2)cc1>>Cc1ccc(S(=O)(=O)N2CCC(c3ccccc3)CC2)cc1,132,134,0,[],train,valid
SMILES:CC1(C)OB(c2cnc(N)nc2)OC1(C)C.SMILES:ClCCc1c(Cl)nc(N2CCOCC2)nc1Cl>>SMILES:Nc1ncc(-c2nc(N3CCOCC3)nc(Cl)c2CCCl)cn1,3539718774ae72e4,SUZUKI,CC1(C)OB(c2cnc(N)nc2)OC1(C)C.ClCCc1c(Cl)nc(N2CCOCC2)nc1Cl>>Nc1ncc(-c2nc(N3CCOCC3)nc(Cl)c2CCCl)cn1,91,93,0,[],train,test
SMILES:CC1(C)OB(c2cnc(N)nc2)OC1(C)C.SMILES:Clc1cc(Cl)nc(N2CCOCC2)n1>>SMILES:Nc1ncc(-c2cc(Cl)nc(N3CCOCC3)n2)cn1,b17225119d3954ca,SUZUKI,CC1(C)OB(c2cnc(N)nc2)OC1(C)C.Clc1cc(Cl)nc(N2CCOCC2)n1>>Nc1ncc(-c2cc(Cl)nc(N3CCOCC3)n2)cn1,85,87,0,[],train,test
SMILES:CC1(C)OB(c2cnoc2)OC1(C)C.SMILES:COC(=O)c1ccncc1Br>>SMILES:COC(=O)c1ccncc1-c1cnoc1,d9a5cceeb88692b8,SUZUKI,CC1(C)OB(c2cnoc2)OC1(C)C.COC(=O)c1ccncc1Br>>COC(=O)c1ccncc1-c1cnoc1,65,67,0,[],train,train
SMILES:CC1(C)OBOC1(C)C.SMILES:COC(=O)c1ccnc(Cl)c1>>SMILES:COC(=O)c1cc(Cl)nc(B2OC(C)(C)C(C)(C)O2)c1,007e2ca745ba2e45,PD BORYLATION,CC1(C)OBOC1(C)C.COC(=O)c1ccnc(Cl)c1>>COC(=O)c1cc(Cl)nc(B2OC(C)(C)C(C)(C)O2)c1,74,76,0,[],train,train
SMILES:CC1(C)OBOC1(C)C.SMILES:Cc1nc2ccccc2o1>>SMILES:Cc1nc2cccc(B3OC(C)(C)C(C)(C)O3)c2o1,30dec27f1e1acda6,PD BORYLATION,CC1(C)OBOC1(C)C.Cc1nc2ccccc2o1>>Cc1nc2cccc(B3OC(C)(C)C(C)(C)O3)c2o1,66,68,0,[],train,valid
SMILES:CC1(C)OBOC1(C)C.SMILES:Cn1ccc(N)n1>>SMILES:Cn1nc(N)cc1B1OC(C)(C)C(C)(C)O1,3c1fe3dcd0af700f,PD BORYLATION,CC1(C)OBOC1(C)C.Cn1ccc(N)n1>>Cn1nc(N)cc1B1OC(C)(C)C(C)(C)O1,58,60,0,[],test,train
SMILES:CC1(C)OBOC1(C)C.SMILES:N#Cc1ccccc1-c1ccnn1[C@@H]1CCCCO1>>SMILES:CC1(C)OB(c2cc(-c3ccccc3C#N)n(C3CCCCO3)n2)OC1(C)C,719983e9b56341ec,PD BORYLATION,CC1(C)OBOC1(C)C.N#Cc1ccccc1-c1ccnn1[C@@H]1CCCCO1>>CC1(C)OB(c2cc(-c3ccccc3C#N)n(C3CCCCO3)n2)OC1(C)C,92,94,0,[],test,train
SMILES:CC1(C)O[C@@H]2[C@H](O1)[C@@H](C(=O)c1ccc(F)c(F)c1)O[C@H]2n1cc(F)c2c(Cl)ncnc21>>SMILES:CC1(C)O[C@H]2[C@@H](O1)[C@H](n1cc(F)c3c(Cl)ncnc31)O[C@@H]2[C@H](O)c1ccc(F)c(F)c1,84d68724afe4751f,HYDROGENATION,CC1(C)O[C@@H]2[C@H](O1)[C@@H](C(=O)c1ccc(F)c(F)c1)O[C@H]2n1cc(F)c2c(Cl)ncnc21>>CC1(C)O[C@H]2[C@@H](O1)[C@H](n1cc(F)c3c(Cl)ncnc31)O[C@@H]2[C@H](O)c1ccc(F)c(F)c1,116,118,0,[],train,test
SMILES:CC1(C)[C@H]2CC[C@]1(CS(=O)(=O)O)C(=O)C2.SMILES:CCO.SMILES:c1ccc2cnccc2c1>>SMILES:CCc1nccc2ccccc12,5cdda921b9d09686,PHOTOCHEMISTRY,CC1(C)[C@H]2CC[C@]1(CS(=O)(=O)O)C(=O)C2.CCO.c1ccc2cnccc2c1>>CCc1nccc2ccccc12,68,70,0,[],train,train
SMILES:CC1(N)CCN(C(=O)OC(C)(C)C)C1.SMILES:CS(=O)(=O)OCCc1c(Cl)nc(N2CCOCC2)nc1Cl>>SMILES:CC(C)(C)OC(=O)N1CCC(C)(N2CCc3c(Cl)nc(N4CCOCC4)nc32)C1,6f84a00d0b7f7413,ALKYLATION,CC1(N)CCN(C(=O)OC(C)(C)C)C1.CS(=O)(=O)OCCc1c(Cl)nc(N2CCOCC2)nc1Cl>>CC(C)(C)OC(=O)N1CCC(C)(N2CCc3c(Cl)nc(N4CCOCC4)nc32)C1,116,118,0,[],test,train
SMILES:CC1=C(c2ccccc2)CC1=O>>SMILES:CC1C(=O)CC1c1ccccc1,d3f4bf3ef5a47de3,HYDROGENATION,CC1=C(c2ccccc2)CC1=O>>CC1C(=O)CC1c1ccccc1,40,42,0,[],train,train
SMILES:CC1=CCC(O[Si](C)(C)C(C)(C)C)=CC1>>SMILES:C[C@@H]1CC=C(O[Si](C)(C)C(C)(C)C)CC1,ccf32dc88940a4d0,HYDROGENATION,CC1=CCC(O[Si](C)(C)C(C)(C)C)=CC1>>C[C@@H]1CC=C(O[Si](C)(C)C(C)(C)C)CC1,58,60,0,[],train,test
SMILES:CC1=CCC(O[Si](C)(C)C(C)(C)C)=CC1>>SMILES:C[C@H]1CC=C(O[Si](C)(C)C(C)(C)C)CC1,ccf32dc88940a4d0,HYDROGENATION,CC1=CCC(O[Si](C)(C)C(C)(C)C)=CC1>>C[C@H]1CC=C(O[Si](C)(C)C(C)(C)C)CC1,58,60,0,[],train,test
SMILES:CC1C=CC(=O)CC1.SMILES:NC(=O)OCc1ccccc1>>SMILES:C[C@H]1CCC(=O)C[C@@H]1NC(=O)OCc1ccccc1,34cce7e5f0617155,LEWIS ACID,CC1C=CC(=O)CC1.NC(=O)OCc1ccccc1>>C[C@H]1CCC(=O)C[C@@H]1NC(=O)OCc1ccccc1,61,63,0,[],test,test
SMILES:CC1CO1.SMILES:Nc1nc2[nH]ccc2c2nc(-c3ccco3)nn12>>SMILES:CC(O)Cn1ccc2c1nc(N)n1nc(-c3ccco3)nc21,828c602d9bcc4292,ALKYLATION,CC1CO1.Nc1nc2[nH]ccc2c2nc(-c3ccco3)nn12>>CC(O)Cn1ccc2c1nc(N)n1nc(-c3ccco3)nc21,74,76,0,[],train,valid
SMILES:CC=O.SMILES:CCOC(=O)n1cnnn1>>SMILES:CCOC(=O)OC(C)n1cnnn1,4c10536cccc34662,ALKYLATION,CC=O.CCOC(=O)n1cnnn1>>CCOC(=O)OC(C)n1cnnn1,41,43,0,[],train,train
SMILES:CCC(C)[B-](C(C)CC)C(C)CC.[Na+].SMILES:CS(=O)(=O)N1CCC(=O)[C@@H](O)C1.SMILES:N>>SMILES:CS(=O)(=O)N1CC[C@@H](N)[C@@H](O)C1,44575b168faa521c,AMINATION,CCC(C)[B-](C(C)CC)C(C)CC.[Na+].CS(=O)(=O)N1CCC(=O)[C@@H](O)C1.N>>CS(=O)(=O)N1CC[C@@H](N)[C@@H](O)C1,76,78,0,[],train,train
SMILES:CCC(C)[B-](C(C)CC)C(C)CC.[Na+].SMILES:CS(=O)(=O)N1CCC(=O)[C@@H](O)C1.SMILES:NCc1ccccc1>>SMILES:CS(=O)(=O)N1CC[C@@H](N)[C@@H](O)C1,b3d1a60c32fe15ec,AMINATION,CCC(C)[B-](C(C)CC)C(C)CC.[Na+].CS(=O)(=O)N1CCC(=O)[C@@H](O)C1.NCc1ccccc1>>CS(=O)(=O)N1CC[C@@H](N)[C@@H](O)C1,85,87,0,[],train,test
SMILES:CCCC[N+](CCCC)(CCCC)CCCC.[BH2-]C#N.SMILES:CS(=O)(=O)N1CCC(=O)[C@@H](O)C1.SMILES:N>>SMILES:CS(=O)(=O)N1CC[C@@H](N)[C@@H](O)C1,b964528b4244ab1c,AMINATION,CCCC[N+](CCCC)(CCCC)CCCC.[BH2-]C#N.CS(=O)(=O)N1CCC(=O)[C@@H](O)C1.N>>CS(=O)(=O)N1CC[C@@H](N)[C@@H](O)C1,79,81,0,[],train,train
SMILES:CCCC[N+](CCCC)(CCCC)CCCC.[BH2-]C#N.SMILES:CS(=O)(=O)N1CCC(=O)[C@@H](O)C1.SMILES:NCc1ccccc1>>SMILES:CS(=O)(=O)N1CC[C@@H](N)[C@@H](O)C1,6a0d10a5c32f434f,AMINATION,CCCC[N+](CCCC)(CCCC)CCCC.[BH2-]C#N.CS(=O)(=O)N1CCC(=O)[C@@H](O)C1.NCc1ccccc1>>CS(=O)(=O)N1CC[C@@H](N)[C@@H](O)C1,88,90,0,[],test,train
SMILES:CCCC[N+](CCCC)(CCCC)CCCC.[BH3-].SMILES:CS(=O)(=O)N1CCC(=O)[C@@H](O)C1.SMILES:N>>SMILES:CS(=O)(=O)N1CC[C@@H](N)[C@@H](O)C1,d361e3f8c7a6cdde,AMINATION,CCCC[N+](CCCC)(CCCC)CCCC.[BH3-].CS(=O)(=O)N1CCC(=O)[C@@H](O)C1.N>>CS(=O)(=O)N1CC[C@@H](N)[C@@H](O)C1,76,78,0,[],train,train
SMILES:CCCC[N+](CCCC)(CCCC)CCCC.[BH3-].SMILES:CS(=O)(=O)N1CCC(=O)[C@@H](O)C1.SMILES:NCc1ccccc1>>SMILES:CS(=O)(=O)N1CC[C@@H](N)[C@@H](O)C1,e71da9d2b243054e,AMINATION,CCCC[N+](CCCC)(CCCC)CCCC.[BH3-].CS(=O)(=O)N1CCC(=O)[C@@H](O)C1.NCc1ccccc1>>CS(=O)(=O)N1CC[C@@H](N)[C@@H](O)C1,85,87,0,[],train,test
SMILES:CCCC[N+](CCCC)(CCCC)CCCC.[C-]#N.SMILES:Cc1c(Br)cncc1Br>>SMILES:Cc1c(Br)cncc1C#N,c167b585c1d38b4e,CYANATION,CCCC[N+](CCCC)(CCCC)CCCC.[C-]#N.Cc1c(Br)cncc1Br>>Cc1c(Br)cncc1C#N,55,57,0,[],train,valid
SMILES:CCCC[N+](CCCC)(CCCC)CCCC.[OH-].SMILES:Cc1c(Br)cncc1Br>>SMILES:Cc1c(Br)cncc1C#N,92fc25fb72dcd6a8,CYANATION,CCCC[N+](CCCC)(CCCC)CCCC.[OH-].Cc1c(Br)cncc1Br>>Cc1c(Br)cncc1C#N,53,55,0,[],train,train
SMILES:CCCN1CC(O)C1.SMILES:COc1ccc(C2=C(C)c3ccc(OC)cc3O[C@@H]2c2ccc(I)cc2)cc1>>SMILES:CCCN1CC(Oc2ccc(C3Oc4cc(OC)ccc4C(C)=C3c3ccc(OC)cc3)cc2)C1,63783668b7bf6256,ULLMANN,CCCN1CC(O)C1.COc1ccc(C2=C(C)c3ccc(OC)cc3O[C@@H]2c2ccc(I)cc2)cc1>>CCCN1CC(Oc2ccc(C3Oc4cc(OC)ccc4C(C)=C3c3ccc(OC)cc3)cc2)C1,115,117,0,[],valid,train
SMILES:CCN.Cl.SMILES:Cc1cc(C)c(CN2CCc3ccc(OS(=O)(=O)C(F)(F)F)c(Cl)c3C2=O)c(OCc2ccccc2)n1>>SMILES:CCNc1ccc2c(c1Cl)C(=O)N(Cc1c(C)cc(C)nc1OCc1ccccc1)CC2,2c16c1e805bb5b26,BUCHWALD,CCN.Cl.Cc1cc(C)c(CN2CCc3ccc(OS(=O)(=O)C(F)(F)F)c(Cl)c3C2=O)c(OCc2ccccc2)n1>>CCNc1ccc2c(c1Cl)C(=O)N(Cc1c(C)cc(C)nc1OCc1ccccc1)CC2,124,126,0,[],test,train
SMILES:CCNCc1c(-c2cnc(N)c(O[C@H](C)c3cc(F)ccc3C(=O)O)c2)c(C)nn1C>>SMILES:CCN1Cc2c(c(C)nn2C)-c2cnc(N)c(c2)OC(C)c2cc(F)ccc2C1=O,de4f0a9f3449a551,AMIDE COUPLING,CCNCc1c(-c2cnc(N)c(O[C@H](C)c3cc(F)ccc3C(=O)O)c2)c(C)nn1C>>CCN1Cc2c(c(C)nn2C)-c2cnc(N)c(c2)OC(C)c2cc(F)ccc2C1=O,106,108,0,[],train,valid
SMILES:CCO.SMILES:CS(=O)(=O)O.SMILES:c1ccc2cnccc2c1>>SMILES:CCc1nccc2ccccc12,fec81f44fdb8cfa7,PHOTOCHEMISTRY,CCO.CS(=O)(=O)O.c1ccc2cnccc2c1>>CCc1nccc2ccccc12,47,49,0,[],train,train
SMILES:CCO.SMILES:O=C(O)C(F)(F)F.SMILES:c1ccc2cnccc2c1>>SMILES:CCc1nccc2ccccc12,c8f8f693405ef152,PHOTOCHEMISTRY,CCO.O=C(O)C(F)(F)F.c1ccc2cnccc2c1>>CCc1nccc2ccccc12,50,52,0,[],train,train
SMILES:CCO.SMILES:O=C(O)CCC(=O)O.SMILES:c1ccc2cnccc2c1>>SMILES:CCc1nccc2ccccc12,e85b305dad2a26c1,PHOTOCHEMISTRY,CCO.O=C(O)CCC(=O)O.c1ccc2cnccc2c1>>CCc1nccc2ccccc12,50,52,0,[],train,train
SMILES:CCO.SMILES:O=C(O)c1ccccc1.SMILES:c1ccc2cnccc2c1>>SMILES:CCc1nccc2ccccc12,bcf9906cf47be2d0,PHOTOCHEMISTRY,CCO.O=C(O)c1ccccc1.c1ccc2cnccc2c1>>CCc1nccc2ccccc12,50,52,0,[],train,test
SMILES:CCO.SMILES:O=P(O)(O)O.SMILES:c1ccc2cnccc2c1>>SMILES:CCc1nccc2ccccc12,0cf216a3dbc3f5d8,PHOTOCHEMISTRY,CCO.O=P(O)(O)O.c1ccc2cnccc2c1>>CCc1nccc2ccccc12,46,48,0,[],valid,test
SMILES:CCO.SMILES:O=S(=O)(O)O.SMILES:c1ccc2cnccc2c1>>SMILES:CCc1nccc2ccccc12,572d0df92583a84a,PHOTOCHEMISTRY,CCO.O=S(=O)(O)O.c1ccc2cnccc2c1>>CCc1nccc2ccccc12,47,49,0,[],train,train
SMILES:CCO.SMILES:O=S(=O)(O)c1ccccc1.SMILES:c1ccc2cnccc2c1>>SMILES:CCc1nccc2ccccc12,291742d207c081c2,PHOTOCHEMISTRY,CCO.O=S(=O)(O)c1ccccc1.c1ccc2cnccc2c1>>CCc1nccc2ccccc12,54,56,0,[],train,train
SMILES:CCO.SMILES:c1ccc2cnccc2c1>>SMILES:CCc1nccc2ccccc12,c8f8f693405ef152,PHOTOCHEMISTRY,CCO.c1ccc2cnccc2c1>>CCc1nccc2ccccc12,35,37,0,[],valid,train
SMILES:CCO/C=C\B1OC(C)(C)C(C)(C)O1.SMILES:N#Cc1ncc(Cl)cc1Cl>>SMILES:CCO/C=C\c1cnc(C#N)c(Cl)c1,8e0143935cb68250,SUZUKI,CCO/C=C\B1OC(C)(C)C(C)(C)O1.N#Cc1ncc(Cl)cc1Cl>>CCO/C=C\c1cnc(C#N)c(Cl)c1,68,70,0,[],test,train
SMILES:CCOC(=O)C(F)Br.SMILES:OB(O)c1ccc(-c2ccccc2)cc1>>SMILES:CCOC(=O)C(F)c1ccc(-c2ccccc2)cc1,3cd08e4be24787f4,ULLMANN,CCOC(=O)C(F)Br.OB(O)c1ccc(-c2ccccc2)cc1>>CCOC(=O)C(F)c1ccc(-c2ccccc2)cc1,70,72,0,[],train,train
SMILES:CCOC(=O)C(F)Br.SMILES:OB(O)c1ccc(-c2cccnc2)cc1>>SMILES:CCOC(=O)C(F)c1ccc(-c2cccnc2)cc1,85ebb5450d28fc56,CU COUPLING,CCOC(=O)C(F)Br.OB(O)c1ccc(-c2cccnc2)cc1>>CCOC(=O)C(F)c1ccc(-c2cccnc2)cc1,70,72,0,[],train,valid
SMILES:CCOC(=O)C1(C(=O)OCC)CCN(Cc2ccccc2)C1>>SMILES:CCOC(=O)C1(C(=O)OCC)CCNC1,47ddc7a7845d0064,HYDROGENATION,CCOC(=O)C1(C(=O)OCC)CCN(Cc2ccccc2)C1>>CCOC(=O)C1(C(=O)OCC)CCNC1,62,64,0,[],train,train
SMILES:CCOC(=O)CC[C@H](N)C(=O)OCC.Cl.SMILES:Cc1cc(C(=O)O)sc1CC[C@H]1CNc2nc(N)[nH]c(=O)c2C1>>SMILES:CCOC(=O)CC[C@H](NC(=O)c1cc(C)c(CC[C@H]2CNc3nc(N)[nH]c(=O)c3C2)s1)C(=O)OCC,bc009825cf6c482c,AMIDE COUPLING,CCOC(=O)CC[C@H](N)C(=O)OCC.Cl.Cc1cc(C(=O)O)sc1CC[C@H]1CNc2nc(N)[nH]c(=O)c2C1>>CCOC(=O)CC[C@H](NC(=O)c1cc(C)c(CC[C@H]2CNc3nc(N)[nH]c(=O)c3C2)s1)C(=O)OCC,127,129,0,[],test,valid
SMILES:CCOC(=O)O[C@H](C)n1nnc(-c2c(I)cnn2C)n1.SMILES:Cc1cccnc1N(C(=O)c1ccc(B2OC(C)(C)C(C)(C)O2)cc1)[C@@H]1CCCN(C(=O)OC(C)(C)C)C1>>SMILES:CCOC(=O)O[C@H](C)n1nnc(-c2c(-c3ccc(C(=O)N(c4ncccc4C)[C@@H]4CCCN(C(=O)OC(C)(C)C)C4)cc3)cnn2C)n1,79ded37dcd3fae44,SUZUKI,CCOC(=O)O[C@H](C)n1nnc(-c2c(I)cnn2C)n1.Cc1cccnc1N(C(=O)c1ccc(B2OC(C)(C)C(C)(C)O2)cc1)[C@@H]1CCCN(C(=O)OC(C)(C)C)C1>>CCOC(=O)O[C@H](C)n1nnc(-c2c(-c3ccc(C(=O)N(c4ncccc4C)[C@@H]4CCCN(C(=O)OC(C)(C)C)C4)cc3)cnn2C)n1,191,193,0,[],train,train
SMILES:CCOC(=O)c1c[nH]nc1O.SMILES:Clc1ccc(I)cc1>>SMILES:CCOC(=O)c1cn(-c2ccc(Cl)cc2)nc1O,3539d26d9cc786b7,ULLMANN,CCOC(=O)c1c[nH]nc1O.Clc1ccc(I)cc1>>CCOC(=O)c1cn(-c2ccc(Cl)cc2)nc1O,60,62,0,[],train,train
SMILES:CCOC(=O)c1c[nH]nc1O>>SMILES:CCOC(=O)c1cn(-c2ccc(Cl)cc2)nc1O,5628418e05bb255f,CHAN-LAM,CCOC(=O)c1c[nH]nc1O>>CCOC(=O)c1cn(-c2ccc(Cl)cc2)nc1O,47,49,0,[],train,train
SMILES:CCOC(=O)c1cc2c(Br)nn(C(C)OCC)c2s1>>SMILES:CCOC(=O)c1cc2cn[nH]c2s1,caefd7cf60b0c1ab,HYDROGENATION,CCOC(=O)c1cc2c(Br)nn(C(C)OCC)c2s1>>CCOC(=O)c1cc2cn[nH]c2s1,53,55,0,[],train,train
SMILES:CCOC(=O)c1cc2c(Br)nn(C(C)OCC)c2s1>>SMILES:CCOC(=O)c1cc2cnn(C(C)OCC)c2s1,1e1462204c20a87f,HYDROGENATION,CCOC(=O)c1cc2c(Br)nn(C(C)OCC)c2s1>>CCOC(=O)c1cc2cnn(C(C)OCC)c2s1,62,64,0,[],train,test
SMILES:CCOC(=O)c1ccc(C#Cc2cnc3nc(NC(=O)C(C)(C)C)[nH]c(=O)c3c2)s1>>SMILES:CCOC(=O)c1ccc(CCC2CNc3nc(NC(=O)C(C)(C)C)[nH]c(=O)c3C2)s1,0f836417e1ede1c0,HYDROGENATION,CCOC(=O)c1ccc(C#Cc2cnc3nc(NC(=O)C(C)(C)C)[nH]c(=O)c3c2)s1>>CCOC(=O)c1ccc(CCC2CNc3nc(NC(=O)C(C)(C)C)[nH]c(=O)c3C2)s1,108,110,0,[],train,train
SMILES:CCOC(=O)c1cn[nH]c1.SMILES:Cn1cc(C(=O)CBr)cn1>>SMILES:CCOC(=O)c1cnn(CC(=O)c2cnn(C)c2)c1,ef3813fcb0745e9b,ACYLATION,CCOC(=O)c1cn[nH]c1.Cn1cc(C(=O)CBr)cn1>>CCOC(=O)c1cnn(CC(=O)c2cnn(C)c2)c1,67,69,0,[],valid,train
SMILES:CCOC(=O)c1nc2cccnn2c1Br.SMILES:Cc1cc(C#N)c(F)cc1B1OC(C)(C)C(C)(C)O1>>SMILES:Cc1cc(C#N)c(F)cc1-c1c(C(=O)O)nc2cccnn12,6e288dcdbbc18e67,SUZUKI,CCOC(=O)c1nc2cccnn2c1Br.Cc1cc(C#N)c(F)cc1B1OC(C)(C)C(C)(C)O1>>Cc1cc(C#N)c(F)cc1-c1c(C(=O)O)nc2cccnn12,99,101,0,[],valid,train
SMILES:CCOC(=O)n1nc(N)c2c1C(C)(C)N(C(=O)OC(C)(C)C)C2.SMILES:Cn1cc(I)cn1>>SMILES:CCOC(=O)n1nc(Nc2cnn(C)c2)c2c1C(C)(C)N(C(=O)OC(C)(C)C)C2,a1e692e4e70fd5db,BUCHWALD,CCOC(=O)n1nc(N)c2c1C(C)(C)N(C(=O)OC(C)(C)C)C2.Cn1cc(I)cn1>>CCOC(=O)n1nc(Nc2cnn(C)c2)c2c1C(C)(C)N(C(=O)OC(C)(C)C)C2,113,115,0,[],test,train
SMILES:CCOc1cc(Cl)c(C#N)cc1I.SMILES:c1cn[nH]c1>>SMILES:CCOc1cc(Cl)c(C#N)cc1-n1cccn1,b671d5ec2318d960,ULLMANN,CCOc1cc(Cl)c(C#N)cc1I.c1cn[nH]c1>>CCOc1cc(Cl)c(C#N)cc1-n1cccn1,56,58,0,[],train,train
SMILES:CC[B-](CC)CC.[K+].SMILES:CS(=O)(=O)N1CCC(=O)[C@@H](O)C1.SMILES:N>>SMILES:CS(=O)(=O)N1CC[C@@H](N)[C@@H](O)C1,c9a30712ae1362e6,AMINATION,CC[B-](CC)CC.[K+].CS(=O)(=O)N1CCC(=O)[C@@H](O)C1.N>>CS(=O)(=O)N1CC[C@@H](N)[C@@H](O)C1,64,66,0,[],train,train
SMILES:CC[B-](CC)CC.[K+].SMILES:CS(=O)(=O)N1CCC(=O)[C@@H](O)C1.SMILES:NCc1ccccc1>>SMILES:CS(=O)(=O)N1CC[C@@H](N)[C@@H](O)C1,8d2062965a714202,AMINATION,CC[B-](CC)CC.[K+].CS(=O)(=O)N1CCC(=O)[C@@H](O)C1.NCc1ccccc1>>CS(=O)(=O)N1CC[C@@H](N)[C@@H](O)C1,73,75,0,[],train,train
SMILES:CC[C@H]1CN2CC[C@H]1C[C@H]2[C@H](O)c1ccnc2ccc(OC)cc12.SMILES:O=C(OO)c1cccc(Cl)c1>>SMILES:CC[C@H]1CN2CC[C@H]1C[C@H]2[C@H](O)c1cc(O)nc2ccc(OC)cc12,e8e688b4c0a19b22,BIOMIMETIC OXIDATION,CC[C@H]1CN2CC[C@H]1C[C@H]2[C@H](O)c1ccnc2ccc(OC)cc12.O=C(OO)c1cccc(Cl)c1>>CC[C@H]1CN2CC[C@H]1C[C@H]2[C@H](O)c1cc(O)nc2ccc(OC)cc12,95,97,0,[],train,train
SMILES:CC[C@H]1CN2CC[C@H]1C[C@H]2[C@H](O)c1ccnc2ccc(OC)cc12.SMILES:O=Ic1ccccc1>>SMILES:CC[C@H]1CN2CC[C@H]1C[C@H]2[C@H](O)c1cc(O)nc2ccc(OC)cc12,478de110b5ec6233,BIOMIMETIC OXIDATION,CC[C@H]1CN2CC[C@H]1C[C@H]2[C@H](O)c1ccnc2ccc(OC)cc12.O=Ic1ccccc1>>CC[C@H]1CN2CC[C@H]1C[C@H]2[C@H](O)c1cc(O)nc2ccc(OC)cc12,88,90,0,[],train,valid
SMILES:CC[C@H]1CN2CC[C@H]1C[C@H]2[C@H](O)c1ccnc2ccc(OC)cc12.SMILES:O=S(=O)(O)O[O-].O=S(=O)(O)O[O-].O=S(=O)([O-])O.O=S(=O)([O-])[O-].[K+].[K+].[K+].[K+].[K+]>>SMILES:CC[C@H]1CN2CC[C@H]1C[C@H]2[C@H](O)c1cc(O)nc2ccc(OC)cc12,ba771ee9fea6d78e,BIOMIMETIC OXIDATION,CC[C@H]1CN2CC[C@H]1C[C@H]2[C@H](O)c1ccnc2ccc(OC)cc12.O=S(=O)(O)O[O-].O=S(=O)(O)O[O-].O=S(=O)([O-])O.O=S(=O)([O-])[O-].[K+].[K+].[K+].[K+].[K+]>>CC[C@H]1CN2CC[C@H]1C[C@H]2[C@H](O)c1cc(O)nc2ccc(OC)cc12,136,138,0,[],train,test
SMILES:CC[C@H]1CN2CC[C@H]1C[C@H]2[C@H](O)c1ccnc2ccc(OC)cc12.SMILES:OO>>SMILES:CC[C@H]1CN2CC[C@H]1C[C@H]2[C@H](O)c1cc(O)nc2ccc(OC)cc12,5a71a5f4766dbeb3,BIOMIMETIC OXIDATION,CC[C@H]1CN2CC[C@H]1C[C@H]2[C@H](O)c1ccnc2ccc(OC)cc12.OO>>CC[C@H]1CN2CC[C@H]1C[C@H]2[C@H](O)c1cc(O)nc2ccc(OC)cc12,79,81,0,[],test,train
SMILES:CC[Si](CC)CC.SMILES:C[C@H](C(=O)Nc1nnc(CCSCCc2nnc(NC(=O)[C@H](C)c3cccnc3)s2)s1)c1cccnc1>>SMILES:C[C@H](C(=O)Nc1nnc(CCSCCc2nnc(NC[C@H](C)c3cccnc3)s2)s1)c1cccnc1,f4ccf1b83e9499d1,SILANE REDUCTION,CC[Si](CC)CC.C[C@H](C(=O)Nc1nnc(CCSCCc2nnc(NC(=O)[C@H](C)c3cccnc3)s2)s1)c1cccnc1>>C[C@H](C(=O)Nc1nnc(CCSCCc2nnc(NC[C@H](C)c3cccnc3)s2)s1)c1cccnc1,125,127,0,[],train,train
SMILES:CC[Si](CC)CC.SMILES:O=C1NCc2c(Br)cccc21.SMILES:O=CN1C(=O)c2ccccc2S1(=O)=O>>SMILES:O=Cc1cccc2c1CNC2=O,1151f07ae686495f,CARBONYLATION,CC[Si](CC)CC.O=C1NCc2c(Br)cccc21.O=CN1C(=O)c2ccccc2S1(=O)=O>>O=Cc1cccc2c1CNC2=O,74,76,0,[],test,train
SMILES:CC[Si](CC)CC.SMILES:O=C1NCc2c(Br)cccc21.SMILES:[C-]#[O+]>>SMILES:O=Cc1cccc2c1CNC2=O,8b5df9eb3fc86467,CARBONYLATION,CC[Si](CC)CC.O=C1NCc2c(Br)cccc21.[C-]#[O+]>>O=Cc1cccc2c1CNC2=O,51,53,0,[],train,train
SMILES:CCn1cc(CN(C)C(=O)c2ccc(F)cc2[C@@H](C)Oc2cc(Br)cnc2N)nn1.SMILES:[Cu][I]>>SMILES:CCn1nnc2c1-c1cnc(N)c(c1)O[C@H](C)c1cc(F)ccc1C(=O)N(C)C2,bcf33d1c249968df,CH ACTIVATION,CCn1cc(CN(C)C(=O)c2ccc(F)cc2[C@@H](C)Oc2cc(Br)cnc2N)nn1.[Cu][I]>>CCn1nnc2c1-c1cnc(N)c(c1)O[C@H](C)c1cc(F)ccc1C(=O)N(C)C2,104,106,0,[],train,valid
SMILES:CCn1cc(CN(C)C(=O)c2ccc(F)cc2[C@@H](C)Oc2cc(Br)cnc2N)nn1>>SMILES:CCn1nnc2c1-c1cnc(N)c(c1)O[C@H](C)c1cc(F)ccc1C(=O)N(C)C2,47d42120ea1ad686,CH ACTIVATION,CCn1cc(CN(C)C(=O)c2ccc(F)cc2[C@@H](C)Oc2cc(Br)cnc2N)nn1>>CCn1nnc2c1-c1cnc(N)c(c1)O[C@H](C)c1cc(F)ccc1C(=O)N(C)C2,101,103,0,[],train,train
SMILES:CCn1cc(CNC(=O)c2ccc(F)cc2[C@@H](C)Oc2cc(Br)cnc2N)nn1.SMILES:[Cu][I]>>SMILES:CCn1nnc2c1-c1cnc(N)c(c1)O[C@H](C)c1cc(F)ccc1C(=O)NC2,6e4ecacdac565a02,CH ACTIVATION,CCn1cc(CNC(=O)c2ccc(F)cc2[C@@H](C)Oc2cc(Br)cnc2N)nn1.[Cu][I]>>CCn1nnc2c1-c1cnc(N)c(c1)O[C@H](C)c1cc(F)ccc1C(=O)NC2,98,100,0,[],train,train
SMILES:CCn1cc(CNC(=O)c2ccc(F)cc2[C@@H](C)Oc2cc(Br)cnc2N)nn1>>SMILES:CCn1nnc2c1-c1cnc(N)c(c1)O[C@H](C)c1cc(F)ccc1C(=O)NC2,d1ab86d00ab46002,CH ACTIVATION,CCn1cc(CNC(=O)c2ccc(F)cc2[C@@H](C)Oc2cc(Br)cnc2N)nn1>>CCn1nnc2c1-c1cnc(N)c(c1)O[C@H](C)c1cc(F)ccc1C(=O)NC2,95,97,0,[],train,train
SMILES:CI.SMILES:Cc1nc2cccc(B3OC(C)(C)C(C)(C)O3)c2o1>>SMILES:Cc1nc2cccc(C)c2o1,c60bfee357068cd9,SUZUKI,CI.Cc1nc2cccc(B3OC(C)(C)C(C)(C)O3)c2o1>>Cc1nc2cccc(C)c2o1,56,58,0,[],valid,test
SMILES:CN(C(=O)OC(C)(C)C)[C@H]1C[C@H](N)C1.SMILES:Nc1ccc(-c2cc(Cl)nc(N3CCOCC3)n2)cn1>>SMILES:CN(C(=O)OC(C)(C)C)[C@H]1C[C@H](Nc2cc(-c3ccc(N)nc3)nc(N3CCOCC3)n2)C1,55d48c1de9aeeddd,BUCHWALD,CN(C(=O)OC(C)(C)C)[C@H]1C[C@H](N)C1.Nc1ccc(-c2cc(Cl)nc(N3CCOCC3)n2)cn1>>CN(C(=O)OC(C)(C)C)[C@H]1C[C@H](Nc2cc(-c3ccc(N)nc3)nc(N3CCOCC3)n2)C1,121,123,0,[],train,test
SMILES:CN(C(=O)OC(C)(C)C)[C@H]1C[C@H](Oc2nc(Cl)nc3[nH]cc(-c4ccccn4)c23)C1.SMILES:Cn1cc(N)cn1>>SMILES:Cn1cc(Nc2nc(O[C@H]3C[C@H](N(C)C(=O)OC(C)(C)C)C3)c3c(-c4ccccn4)c[nH]c3n2)cn1,73f3a03c04082ad2,BUCHWALD,CN(C(=O)OC(C)(C)C)[C@H]1C[C@H](Oc2nc(Cl)nc3[nH]cc(-c4ccccn4)c23)C1.Cn1cc(N)cn1>>Cn1cc(Nc2nc(O[C@H]3C[C@H](N(C)C(=O)OC(C)(C)C)C3)c3c(-c4ccccn4)c[nH]c3n2)cn1,131,133,0,[],train,train
SMILES:CN(C[C@H]1O[C@@H](n2cnc3c(N)ncnc32)[C@@H]2OC(C)(C)O[C@@H]21)C(=O)C[C@H](NC(=O)OC(C)(C)C)C(=O)OCc1ccccc1.SMILES:C[Si]c1ccccc1>>SMILES:CN(CC[C@H](NC(=O)OC(C)(C)C)C(=O)OCc1ccccc1)C[C@H]1O[C@@H](n2cnc3c(N)ncnc32)[C@@H]2OC(C)(C)O[C@@H]21,e762cc58471bfaa4,SILANE REDUCTION,CN(C[C@H]1O[C@@H](n2cnc3c(N)ncnc32)[C@@H]2OC(C)(C)O[C@@H]21)C(=O)C[C@H](NC(=O)OC(C)(C)C)C(=O)OCc1ccccc1.C[Si]c1ccccc1>>CN(CC[C@H](NC(=O)OC(C)(C)C)C(=O)OCc1ccccc1)C[C@H]1O[C@@H](n2cnc3c(N)ncnc32)[C@@H]2OC(C)(C)O[C@@H]21,168,170,0,[],train,train
SMILES:CN(C[C@H]1O[C@@H](n2cnc3c(N)ncnc32)[C@@H]2OC(C)(C)O[C@@H]21)C(=O)C[C@H](NC(=O)OC(C)(C)C)C(=O)OCc1ccccc1.SMILES:[Si]c1ccccc1>>SMILES:CN(CC[C@H](NC(=O)OC(C)(C)C)C(=O)OCc1ccccc1)C[C@H]1O[C@@H](n2cnc3c(N)ncnc32)[C@@H]2OC(C)(C)O[C@@H]21,d74def68636d8408,SILANE REDUCTION,CN(C[C@H]1O[C@@H](n2cnc3c(N)ncnc32)[C@@H]2OC(C)(C)O[C@@H]21)C(=O)C[C@H](NC(=O)OC(C)(C)C)C(=O)OCc1ccccc1.[Si]c1ccccc1>>CN(CC[C@H](NC(=O)OC(C)(C)C)C(=O)OCc1ccccc1)C[C@H]1O[C@@H](n2cnc3c(N)ncnc32)[C@@H]2OC(C)(C)O[C@@H]21,167,169,0,[],train,train
SMILES:CN(C[C@H]1O[C@@H](n2cnc3c(N)ncnc32)[C@@H]2OC(C)(C)O[C@@H]21)C(=O)C[C@H](NC(=O)OC(C)(C)C)C(=O)OCc1ccccc1.SMILES:c1ccc([Si]c2ccccc2)cc1>>SMILES:CN(CC[C@H](NC(=O)OC(C)(C)C)C(=O)OCc1ccccc1)C[C@H]1O[C@@H](n2cnc3c(N)ncnc32)[C@@H]2OC(C)(C)O[C@@H]21,7aab51c9070cd606,SILANE REDUCTION,CN(C[C@H]1O[C@@H](n2cnc3c(N)ncnc32)[C@@H]2OC(C)(C)O[C@@H]21)C(=O)C[C@H](NC(=O)OC(C)(C)C)C(=O)OCc1ccccc1.c1ccc([Si]c2ccccc2)cc1>>CN(CC[C@H](NC(=O)OC(C)(C)C)C(=O)OCc1ccccc1)C[C@H]1O[C@@H](n2cnc3c(N)ncnc32)[C@@H]2OC(C)(C)O[C@@H]21,177,179,0,[],train,train
SMILES:CN(Cc1nn(C)c(C#N)[c]1[Sn]([CH3])([CH3])[CH3])C(=O)OC(C)(C)C.SMILES:COc1cc(Br)c(Br)nc1N.SMILES:[Cl][Cu]>>SMILES:COc1cc(Br)c(-c2c(CN(C)C(=O)OC(C)(C)C)nn(C)c2C#N)nc1N,9c5f855138509441,STILLE,CN(Cc1nn(C)c(C#N)[c]1[Sn]([CH3])([CH3])[CH3])C(=O)OC(C)(C)C.COc1cc(Br)c(Br)nc1N.[Cl][Cu]>>COc1cc(Br)c(-c2c(CN(C)C(=O)OC(C)(C)C)nn(C)c2C#N)nc1N,115,117,0,[],valid,train
SMILES:CN(Cc1nn(C)c(C#N)[c]1[Sn]([CH3])([CH3])[CH3])C(=O)OC(C)(C)C.SMILES:COc1cc(Br)c(Br)nc1N>>SMILES:COc1cc(Br)c(-c2c(CN(C)C(=O)OC(C)(C)C)nn(C)c2C#N)nc1N,0969d49b3220f25f,STILLE,CN(Cc1nn(C)c(C#N)[c]1[Sn]([CH3])([CH3])[CH3])C(=O)OC(C)(C)C.COc1cc(Br)c(Br)nc1N>>COc1cc(Br)c(-c2c(CN(C)C(=O)OC(C)(C)C)nn(C)c2C#N)nc1N,112,114,0,[],valid,valid
SMILES:CN(Cc1nn(C)c(C#N)c1-c1cnc(N(C(=O)OC(C)(C)C)C(=O)OC(C)(C)C)c(Br)n1)C(=O)OC(C)(C)C.SMILES:C[C@@H](O)c1ccccc1I>>SMILES:CC(Oc1nc(-c2c(CN(C)C(=O)OC(C)(C)C)nn(C)c2C#N)cnc1N(C(=O)OC(C)(C)C)C(=O)OC(C)(C)C)c1cc(F)ccc1I,14a7a4387df3f38d,ALKYLATION,CN(Cc1nn(C)c(C#N)c1-c1cnc(N(C(=O)OC(C)(C)C)C(=O)OC(C)(C)C)c(Br)n1)C(=O)OC(C)(C)C.C[C@@H](O)c1ccccc1I>>CC(Oc1nc(-c2c(CN(C)C(=O)OC(C)(C)C)nn(C)c2C#N)cnc1N(C(=O)OC(C)(C)C)C(=O)OC(C)(C)C)c1cc(F)ccc1I,188,190,0,[],test,train
SMILES:CN(c1ccccc1CN)S(C)(=O)=O.SMILES:Clc1cc2c(cnn2[C@H]2CCCCO2)c(Cl)n1>>SMILES:CN(c1ccccc1CNc1nc(Cl)cc2c1cnn2C1CCCCO1)S(C)(=O)=O,71f67e3e63bf63b2,SNAR,CN(c1ccccc1CN)S(C)(=O)=O.Clc1cc2c(cnn2[C@H]2CCCCO2)c(Cl)n1>>CN(c1ccccc1CNc1nc(Cl)cc2c1cnn2C1CCCCO1)S(C)(=O)=O,101,103,0,[],train,train
SMILES:CNCc1c(Br)c(C)nn1C.SMILES:C[C@@H](Oc1nc(Br)cnc1N)c1cc(F)ccc1I>>SMILES:Cc1nn(C)c(CN(C)C(=O)c2ccc(F)cc2C(C)Oc2nc(Br)cnc2N)c1Br,4f820c9c00a7ffdc,CARBONYLATION,CNCc1c(Br)c(C)nn1C.C[C@@H](Oc1nc(Br)cnc1N)c1cc(F)ccc1I>>Cc1nn(C)c(CN(C)C(=O)c2ccc(F)cc2C(C)Oc2nc(Br)cnc2N)c1Br,100,102,0,[],test,valid
SMILES:CO.SMILES:COc1cccc2c(Cl)ccnc12>>SMILES:COC(=O)c1ccnc2c(OC)cccc12,b8fdbfa91a98726f,CARBONYLATION,CO.COc1cccc2c(Cl)ccnc12>>COC(=O)c1ccnc2c(OC)cccc12,48,50,0,[],train,valid
SMILES:CO.SMILES:C[C@@H](Oc1cc(Br)cnc1N)c1c(Br)ccc(F)c1Cl>>SMILES:COC(=O)c1ccc(F)c(Cl)c1C(C)Oc1cc(Br)cnc1N,1dfb18a7f5e8a1d0,CARBONYLATION,CO.C[C@@H](Oc1cc(Br)cnc1N)c1c(Br)ccc(F)c1Cl>>COC(=O)c1ccc(F)c(Cl)c1C(C)Oc1cc(Br)cnc1N,74,76,0,[],test,test
SMILES:CO.SMILES:C[C@@H](Oc1nc(Br)cnc1N)c1c(I)ccc(F)c1Cl>>SMILES:COC(=O)c1ccc(F)c(Cl)c1C(C)Oc1nc(Br)cnc1N,104610b417ab0b0a,CARBONYLATION,CO.C[C@@H](Oc1nc(Br)cnc1N)c1c(I)ccc(F)c1Cl>>COC(=O)c1ccc(F)c(Cl)c1C(C)Oc1nc(Br)cnc1N,74,76,0,[],test,valid
SMILES:CO.SMILES:Cc1ccc(S(=O)(=O)OC2=CC(=O)CC2)cc1.SMILES:[C-]#[O+]>>SMILES:COC(=O)C1=CC(=O)CC1,eef24d68053e5d93,CARBONYLATION,CO.Cc1ccc(S(=O)(=O)OC2=CC(=O)CC2)cc1.[C-]#[O+]>>COC(=O)C1=CC(=O)CC1,60,62,0,[],train,test
SMILES:CO.SMILES:Clc1ccnc(-c2nnc[nH]2)c1.SMILES:[C-]#[O+]>>SMILES:COC(=O)c1ccnc(-c2nnc[nH]2)c1,7708236bd0fb3b44,CARBONYLATION,CO.Clc1ccnc(-c2nnc[nH]2)c1.[C-]#[O+]>>COC(=O)c1ccnc(-c2nnc[nH]2)c1,52,54,0,[],test,valid
SMILES:CO.SMILES:O=C1OC(=O)C2CCC1C2>>SMILES:COC(=O)[C@H]1CC[C@@H](C(=O)O)C1,a7e9f8ee150e2617,ESTERIFICATION,CO.O=C1OC(=O)C2CCC1C2>>COC(=O)[C@H]1CC[C@@H](C(=O)O)C1,44,46,0,[],train,train
SMILES:COB([C@H]1C[C@@H]2C[C@H]([C@@H]1C)C2(C)C)[C@H]1C[C@@H]2C[C@H]([C@@H]1C)C2(C)C.SMILES:CS(=O)(=O)N1CCC(=O)[C@@H](O)C1.SMILES:N>>SMILES:CS(=O)(=O)N1CC[C@@H](N)[C@@H](O)C1,36c44d2358caafc2,AMINATION,COB([C@H]1C[C@@H]2C[C@H]([C@@H]1C)C2(C)C)[C@H]1C[C@@H]2C[C@H]([C@@H]1C)C2(C)C.CS(=O)(=O)N1CCC(=O)[C@@H](O)C1.N>>CS(=O)(=O)N1CC[C@@H](N)[C@@H](O)C1,94,96,0,[],valid,valid
SMILES:COB([C@H]1C[C@@H]2C[C@H]([C@@H]1C)C2(C)C)[C@H]1C[C@@H]2C[C@H]([C@@H]1C)C2(C)C.SMILES:CS(=O)(=O)N1CCC(=O)[C@@H](O)C1.SMILES:NCc1ccccc1>>SMILES:CS(=O)(=O)N1CC[C@@H](N)[C@@H](O)C1,2390be40294aeda8,AMINATION,COB([C@H]1C[C@@H]2C[C@H]([C@@H]1C)C2(C)C)[C@H]1C[C@@H]2C[C@H]([C@@H]1C)C2(C)C.CS(=O)(=O)N1CCC(=O)[C@@H](O)C1.NCc1ccccc1>>CS(=O)(=O)N1CC[C@@H](N)[C@@H](O)C1,103,105,0,[],valid,train
SMILES:COC(=O)C1=CCC2(C1)OCCO2>>SMILES:COC(=O)C1=CC(=O)CC1,94f4a73d9279b13c,DEPROTECTION,COC(=O)C1=CCC2(C1)OCCO2>>COC(=O)C1=CC(=O)CC1,43,45,0,[],train,test
SMILES:COC(=O)[C@@H](Cc1ccc(O)cc1)NC(=O)OC(C)(C)C>>SMILES:COC(=O)[C@@H](CC1CCC(O)CC1)NC(=O)OC(C)(C)C,9f648b12d4c31f40,HYDROGENATION,COC(=O)[C@@H](Cc1ccc(O)cc1)NC(=O)OC(C)(C)C>>COC(=O)[C@@H](CC1CCC(O)CC1)NC(=O)OC(C)(C)C,75,77,0,[],valid,train
SMILES:COC(=O)c1cc(Br)cc(Br)c1.SMILES:OB(O)c1cccnc1>>SMILES:COC(=O)c1cc(Br)cc(-c2cccnc2)c1,821834d38dd39ee7,SUZUKI,COC(=O)c1cc(Br)cc(Br)c1.OB(O)c1cccnc1>>COC(=O)c1cc(Br)cc(-c2cccnc2)c1,65,67,0,[],train,train
SMILES:COC(=O)c1ccc(F)c(Cl)c1[C@@H](C)Oc1nc(-c2c(C)nn(CC#N)c2CN(C)C(=O)OC(C)(C)C)cnc1N.SMILES:F[B-](F)(F)C1CC1.[K+]>>SMILES:COC(=O)c1ccc(F)c(C2CC2)c1C(C)Oc1nc(-c2c(C)nn(CC#N)c2CN(C)C(=O)OC(C)(C)C)cnc1N,eb62eab2b746fe07,SUZUKI,COC(=O)c1ccc(F)c(Cl)c1[C@@H](C)Oc1nc(-c2c(C)nn(CC#N)c2CN(C)C(=O)OC(C)(C)C)cnc1N.F[B-](F)(F)C1CC1.[K+]>>COC(=O)c1ccc(F)c(C2CC2)c1C(C)Oc1nc(-c2c(C)nn(CC#N)c2CN(C)C(=O)OC(C)(C)C)cnc1N,167,169,0,[],test,test
SMILES:COC(=O)c1ccc(F)cc1[C@@H](C)CB1OC(C)(C)C(C)(C)O1.SMILES:Nc1ncccc1Br>>SMILES:COC(=O)c1ccc(F)cc1C(C)Cc1cccnc1N,f94c7dab3a060e0b,SUZUKI,COC(=O)c1ccc(F)cc1[C@@H](C)CB1OC(C)(C)C(C)(C)O1.Nc1ncccc1Br>>COC(=O)c1ccc(F)cc1C(C)Cc1cccnc1N,86,88,0,[],train,valid
SMILES:COCCOc1ccc(C(=O)N[C@@H]2CCCN(C(=O)OC(C)(C)C)C2)cc1.SMILES:Clc1cccnc1Br.SMILES:Clc1cccnc1Cl>>SMILES:COCCOc1ccc(C(=O)N(c2ncccc2Cl)[C@@H]2CCCN(C(=O)OC(C)(C)C)C2)cc1,fb44768ad9fde819,BUCHWALD,COCCOc1ccc(C(=O)N[C@@H]2CCCN(C(=O)OC(C)(C)C)C2)cc1.Clc1cccnc1Br.Clc1cccnc1Cl>>COCCOc1ccc(C(=O)N(c2ncccc2Cl)[C@@H]2CCCN(C(=O)OC(C)(C)C)C2)cc1,124,126,0,[],train,train
SMILES:COCC[O][Al-][O]CCOC.[Na+].SMILES:CS(=O)(=O)N1CCC(=O)[C@@H](O)C1.SMILES:N>>SMILES:CS(=O)(=O)N1CC[C@@H](N)[C@@H](O)C1,2744040f0d9caf45,AMINATION,COCC[O][Al-][O]CCOC.[Na+].CS(=O)(=O)N1CCC(=O)[C@@H](O)C1.N>>CS(=O)(=O)N1CC[C@@H](N)[C@@H](O)C1,66,68,0,[],test,train
SMILES:COC[C@@H](C)Oc1nc(Cl)cc(N2CCC(c3c[nH]c4nccc(OC)c34)CC2)n1.SMILES:C[C@@H](N)CO>>SMILES:COC[C@@H](C)Oc1nc(C(=O)N[C@H](C)CO)nc(N2CCC(c3c[nH]c4ncccc34)CC2)n1,3270e61fc3e00b69,CARBONYLATION,COC[C@@H](C)Oc1nc(Cl)cc(N2CCC(c3c[nH]c4nccc(OC)c34)CC2)n1.C[C@@H](N)CO>>COC[C@@H](C)Oc1nc(C(=O)N[C@H](C)CO)nc(N2CCC(c3c[nH]c4ncccc34)CC2)n1,112,114,0,[],train,train
SMILES:COS(=O)(=O)OC.SMILES:COc1nnc(Cl)cc1Br>>SMILES:Cn1nc(Cl)cc(Br)c1=O,fa888eed10482b84,ALKYLATION,COS(=O)(=O)OC.COc1nnc(Cl)cc1Br>>Cn1nc(Cl)cc(Br)c1=O,46,48,0,[],train,train
SMILES:COS(=O)(=O)OC.SMILES:C[C@H](N)c1ccc(-c2cnc(N)c(O[C@H](C)c3cc(F)ccc3-n3nccn3)c2)c(O)n1>>SMILES:COc1nc(C(C)N)ccc1-c1cnc(N)c(O[C@H](C)c2cc(F)ccc2-n2nccn2)c1,f5262e5bcbc29552,ALKYLATION,COS(=O)(=O)OC.C[C@H](N)c1ccc(-c2cnc(N)c(O[C@H](C)c3cc(F)ccc3-n3nccn3)c2)c(O)n1>>COc1nc(C(C)N)ccc1-c1cnc(N)c(O[C@H](C)c2cc(F)ccc2-n2nccn2)c1,126,128,0,[],test,train
SMILES:COS(=O)(=O)OC.SMILES:Fc1cc(Br)cc2cn[nH]c12>>SMILES:Cn1cc2cc(Br)cc(F)c2n1,1d5fd9c6f14b10ac,ALKYLATION,COS(=O)(=O)OC.Fc1cc(Br)cc2cn[nH]c12>>Cn1cc2cc(Br)cc(F)c2n1,52,54,0,[],train,train
SMILES:COS(=O)(=O)OC.SMILES:Fc1cc(Br)cc2cn[nH]c12>>SMILES:Cn1ncc2cc(Br)cc(F)c21,ea7beed97b972ef5,ALKYLATION,COS(=O)(=O)OC.Fc1cc(Br)cc2cn[nH]c12>>Cn1ncc2cc(Br)cc(F)c21,52,54,0,[],test,train
SMILES:CO[B-](OC)OC.[Na+].SMILES:CS(=O)(=O)N1CCC(=O)[C@@H](O)C1.SMILES:N>>SMILES:CS(=O)(=O)N1CC[C@@H](N)[C@@H](O)C1,918448f1c6c0fad2,AMINATION,CO[B-](OC)OC.[Na+].CS(=O)(=O)N1CCC(=O)[C@@H](O)C1.N>>CS(=O)(=O)N1CC[C@@H](N)[C@@H](O)C1,64,66,0,[],train,valid
SMILES:COc1cc(C(=O)OCS(=O)(=O)Cc2ccccc2)cc(OC)c1OC.SMILES:Cc1cncc(Br)c1>>SMILES:Cc1cncc(Cc2ccccc2)c1,fc22fe008a7a661a,PD COUPLING,COc1cc(C(=O)OCS(=O)(=O)Cc2ccccc2)cc(OC)c1OC.Cc1cncc(Br)c1>>Cc1cncc(Cc2ccccc2)c1,77,79,0,[],valid,valid
SMILES:COc1cc(C)nc(OCc2ccccc2)c1CN1CCc2c(C)cc(I)c(Cl)c2C1=O.SMILES:Cc1cn(C)nn1>>SMILES:Cc1cc(C)c(CN2CCc3c(Br)cc(-c4c(C)nnn4C)c(Cl)c3C2=O)c(OCc2ccccc2)n1,9de804203ab27bb3,NEGISHI,COc1cc(C)nc(OCc2ccccc2)c1CN1CCc2c(C)cc(I)c(Cl)c2C1=O.Cc1cn(C)nn1>>Cc1cc(C)c(CN2CCc3c(Br)cc(-c4c(C)nnn4C)c(Cl)c3C2=O)c(OCc2ccccc2)n1,127,129,0,[],test,train
SMILES:COc1ccc(-c2noc(C(F)(F)F)c2Cl)cc1.SMILES:OB(O)c1ccc(OCc2ccccc2)cc1>>SMILES:COc1ccc(-c2noc(C(F)(F)F)c2-c2ccc(OCc3ccccc3)cc2)cc1,f0ad4005b2f46b5a,SUZUKI,COc1ccc(-c2noc(C(F)(F)F)c2Cl)cc1.OB(O)c1ccc(OCc2ccccc2)cc1>>COc1ccc(-c2noc(C(F)(F)F)c2-c2ccc(OCc3ccccc3)cc2)cc1,109,111,0,[],train,train
SMILES:COc1ccc(-c2noc(C(F)(F)F)c2I)cc1.SMILES:OB(O)c1ccc(OCc2ccccc2)cc1>>SMILES:COc1ccc(-c2noc(C(F)(F)F)c2-c2ccc(OCc3ccccc3)cc2)cc1,6575a623da45e8d1,SUZUKI,COc1ccc(-c2noc(C(F)(F)F)c2I)cc1.OB(O)c1ccc(OCc2ccccc2)cc1>>COc1ccc(-c2noc(C(F)(F)F)c2-c2ccc(OCc3ccccc3)cc2)cc1,109,111,0,[],train,valid
SMILES:COc1ccc(C2=C(C)c3ccc(OC)cc3O[C@@H]2c2ccc(OCc3ccccc3)cc2)cc1>>SMILES:COc1ccc(C2=C(C)c3ccc(OC)cc3OC2c2ccc(O)cc2)cc1,5ff907458eb886f6,HYDROGENATION,COc1ccc(C2=C(C)c3ccc(OC)cc3O[C@@H]2c2ccc(OCc3ccccc3)cc2)cc1>>COc1ccc(C2=C(C)c3ccc(OC)cc3OC2c2ccc(O)cc2)cc1,100,102,0,[],train,test
SMILES:COc1ccc(CN=C(C)c2cnccn2)cc1.SMILES:N.O=CO>>SMILES:COc1ccc(CNC(C)c2cnccn2)cc1,22c952ab1c6368c4,HYDROGENATION,COc1ccc(CN=C(C)c2cnccn2)cc1.N.O=CO>>COc1ccc(CNC(C)c2cnccn2)cc1,61,63,0,[],train,valid
SMILES:COc1ccc(CN=C(C)c2cnccn2)cc1>>SMILES:COc1ccc(CNC(C)c2cnccn2)cc1,75003b5496167900,HYDROGENATION,COc1ccc(CN=C(C)c2cnccn2)cc1>>COc1ccc(CNC(C)c2cnccn2)cc1,54,56,0,[],test,train
SMILES:COc1ccc(CN[C@@H]2CCO[C@H](C)C2)c(OC)c1>>SMILES:COc1ccc(CN[C@@H]2CCO[C@H](CO)C2)c(OC)c1,9a553b7d1c9ad22a,BIOMIMETIC OXIDATION,COc1ccc(CN[C@@H]2CCO[C@H](C)C2)c(OC)c1>>COc1ccc(CN[C@@H]2CCO[C@H](CO)C2)c(OC)c1,60,62,0,[],train,train
SMILES:COc1ccc(F)cc1C(C)=O.SMILES:N.O=CO>>SMILES:COc1ccc(F)cc1[C@@H](C)O,e58cdee16343bfe0,HYDROGENATION,COc1ccc(F)cc1C(C)=O.N.O=CO>>COc1ccc(F)cc1[C@@H](C)O,45,47,0,[],test,train
SMILES:COc1ccc(F)cc1C(C)=O.SMILES:N.O=CO>>SMILES:COc1ccc(F)cc1[C@H](C)O,e58cdee16343bfe0,HYDROGENATION,COc1ccc(F)cc1C(C)=O.N.O=CO>>COc1ccc(F)cc1[C@H](C)O,45,47,0,[],valid,train
SMILES:COc1ccc(F)cc1C(C)=O>>SMILES:COc1ccc(F)cc1[C@@H](C)O,0f7f85e80beb1d75,HYDROGENATION,COc1ccc(F)cc1C(C)=O>>COc1ccc(F)cc1[C@@H](C)O,38,40,0,[],train,train
SMILES:COc1ccc(F)cc1C(C)=O>>SMILES:COc1ccc(F)cc1[C@H](C)O,0f7f85e80beb1d75,HYDROGENATION,COc1ccc(F)cc1C(C)=O>>COc1ccc(F)cc1[C@H](C)O,38,40,0,[],train,train
SMILES:COc1ccc([S@](=O)O)cn1.SMILES:Clc1ccc2ncccc2c1>>SMILES:COc1ccc(-c2ccc3ncccc3c2)cn1,ae0c743b7f5a44a9,PD COUPLING,COc1ccc([S@](=O)O)cn1.Clc1ccc2ncccc2c1>>COc1ccc(-c2ccc3ncccc3c2)cn1,62,64,0,[],train,train
SMILES:COc1nccc(C)c1Br.SMILES:O=C1CCC(=O)N1Cl>>SMILES:COc1ncc(Cl)c(C)c1Br,9e6782c9f7c3cbae,HALOGENATION,COc1nccc(C)c1Br.O=C1CCC(=O)N1Cl>>COc1ncc(Cl)c(C)c1Br,47,49,0,[],train,train
SMILES:CS(=O)(=O)Cc1nc(C#N)cs1.SMILES:C[C@@H](Oc1cc(Br)cnc1N)c1cc(F)ccc1-n1nccn1>>SMILES:C[C@@H](Oc1cc(-c2sc(CS(C)(=O)=O)nc2C#N)cnc1N)c1cc(F)ccc1-n1nccn1,d3abbc1a533fb669,CH ACTIVATION,CS(=O)(=O)Cc1nc(C#N)cs1.C[C@@H](Oc1cc(Br)cnc1N)c1cc(F)ccc1-n1nccn1>>C[C@@H](Oc1cc(-c2sc(CS(C)(=O)=O)nc2C#N)cnc1N)c1cc(F)ccc1-n1nccn1,120,122,0,[],train,train
SMILES:CS(=O)(=O)N1CCC(=O)[C@@H](O)C1.SMILES:C[C@@H]1[C@@H](B2[C@H]3CCC[C@@H]2CCC3)C[C@H]2C[C@@H]1C2(C)C.SMILES:N>>SMILES:CS(=O)(=O)N1CC[C@@H](N)[C@@H](O)C1,0e30ee84ab72415b,AMINATION,CS(=O)(=O)N1CCC(=O)[C@@H](O)C1.C[C@@H]1[C@@H](B2[C@H]3CCC[C@@H]2CCC3)C[C@H]2C[C@@H]1C2(C)C.N>>CS(=O)(=O)N1CC[C@@H](N)[C@@H](O)C1,84,86,0,[],train,train
SMILES:CS(=O)(=O)N1CCC(=O)[C@@H](O)C1.SMILES:C[C@@H]1[C@@H](B2[C@H]3CCC[C@@H]2CCC3)C[C@H]2C[C@@H]1C2(C)C.SMILES:NCc1ccccc1>>SMILES:CS(=O)(=O)N1CC[C@@H](N)[C@@H](O)C1,51fa59ddb3b1e588,AMINATION,CS(=O)(=O)N1CCC(=O)[C@@H](O)C1.C[C@@H]1[C@@H](B2[C@H]3CCC[C@@H]2CCC3)C[C@H]2C[C@@H]1C2(C)C.NCc1ccccc1>>CS(=O)(=O)N1CC[C@@H](N)[C@@H](O)C1,93,95,0,[],test,test
SMILES:CS(=O)(=O)N1CCC(=O)[C@@H](O)C1.SMILES:C[C@@H]1[C@@H]([B-]2[C@H]3CCC[C@@H]2CCC3)C[C@H]2C[C@@H]1C2(C)C.[Li+].SMILES:N>>SMILES:CS(=O)(=O)N1CC[C@@H](N)[C@@H](O)C1,0e30ee84ab72415b,AMINATION,CS(=O)(=O)N1CCC(=O)[C@@H](O)C1.C[C@@H]1[C@@H]([B-]2[C@H]3CCC[C@@H]2CCC3)C[C@H]2C[C@@H]1C2(C)C.[Li+].N>>CS(=O)(=O)N1CC[C@@H](N)[C@@H](O)C1,86,88,0,[],train,train
SMILES:CS(=O)(=O)N1CCC(=O)[C@@H](O)C1.SMILES:C[C@@H]1[C@@H]([B-]2[C@H]3CCC[C@@H]2CCC3)C[C@H]2C[C@@H]1C2(C)C.[Li+].SMILES:NCc1ccccc1>>SMILES:CS(=O)(=O)N1CC[C@@H](N)[C@@H](O)C1,51fa59ddb3b1e588,AMINATION,CS(=O)(=O)N1CCC(=O)[C@@H](O)C1.C[C@@H]1[C@@H]([B-]2[C@H]3CCC[C@@H]2CCC3)C[C@H]2C[C@@H]1C2(C)C.[Li+].NCc1ccccc1>>CS(=O)(=O)N1CC[C@@H](N)[C@@H](O)C1,95,97,0,[],train,test
SMILES:CS(=O)(=O)N1CCC(=O)[C@@H](O)C1.SMILES:C[C@@H]1[C@H]2C[C@@H](C[C@H]1B(Cl)[C@@H]1C[C@@H]3C[C@H]([C@H]1C)C3(C)C)C2(C)C.SMILES:N>>SMILES:CS(=O)(=O)N1CC[C@@H](N)[C@@H](O)C1,294d9e40cce9d4c5,AMINATION,CS(=O)(=O)N1CCC(=O)[C@@H](O)C1.C[C@@H]1[C@H]2C[C@@H](C[C@H]1B(Cl)[C@@H]1C[C@@H]3C[C@H]([C@H]1C)C3(C)C)C2(C)C.N>>CS(=O)(=O)N1CC[C@@H](N)[C@@H](O)C1,93,95,0,[],train,test
SMILES:CS(=O)(=O)N1CCC(=O)[C@@H](O)C1.SMILES:C[C@@H]1[C@H]2C[C@@H](C[C@H]1B1[C@H]3CCC[C@@H]1CCC3)C2(C)C.SMILES:N>>SMILES:CS(=O)(=O)N1CC[C@@H](N)[C@@H](O)C1,0e30ee84ab72415b,AMINATION,CS(=O)(=O)N1CCC(=O)[C@@H](O)C1.C[C@@H]1[C@H]2C[C@@H](C[C@H]1B1[C@H]3CCC[C@@H]1CCC3)C2(C)C.N>>CS(=O)(=O)N1CC[C@@H](N)[C@@H](O)C1,84,86,0,[],valid,train
SMILES:CS(=O)(=O)N1CCC(=O)[C@@H](O)C1.SMILES:C[C@@H]1[C@H]2C[C@@H](C[C@H]1[B-]1[C@H]3CCC[C@@H]1CCC3)C2(C)C.[Li+].SMILES:N>>SMILES:CS(=O)(=O)N1CC[C@@H](N)[C@@H](O)C1,0e30ee84ab72415b,AMINATION,CS(=O)(=O)N1CCC(=O)[C@@H](O)C1.C[C@@H]1[C@H]2C[C@@H](C[C@H]1[B-]1[C@H]3CCC[C@@H]1CCC3)C2(C)C.[Li+].N>>CS(=O)(=O)N1CC[C@@H](N)[C@@H](O)C1,86,88,0,[],train,train
SMILES:CS(=O)(=O)N1CCC(=O)[C@@H](O)C1.SMILES:C[C@@H]1[C@H]2C[C@@H](C[C@H]1[B-]1[C@H]3CCC[C@@H]1CCC3)C2(C)C.[Li+].SMILES:NCc1ccccc1>>SMILES:CS(=O)(=O)N1CC[C@@H](N)[C@@H](O)C1,51fa59ddb3b1e588,AMINATION,CS(=O)(=O)N1CCC(=O)[C@@H](O)C1.C[C@@H]1[C@H]2C[C@@H](C[C@H]1[B-]1[C@H]3CCC[C@@H]1CCC3)C2(C)C.[Li+].NCc1ccccc1>>CS(=O)(=O)N1CC[C@@H](N)[C@@H](O)C1,95,97,0,[],train,test
SMILES:CS(=O)(=O)N1CCC(=O)[C@@H](O)C1.SMILES:C[N+](C)(C)C.[BH3-].SMILES:N>>SMILES:CS(=O)(=O)N1CC[C@@H](N)[C@@H](O)C1,0753e59f4fee4919,AMINATION,CS(=O)(=O)N1CCC(=O)[C@@H](O)C1.C[N+](C)(C)C.[BH3-].N>>CS(=O)(=O)N1CC[C@@H](N)[C@@H](O)C1,64,66,0,[],train,train
SMILES:CS(=O)(=O)N1CCC(=O)[C@@H](O)C1.SMILES:C[N+](C)(C)C.[BH3-].SMILES:NCc1ccccc1>>SMILES:CS(=O)(=O)N1CC[C@@H](N)[C@@H](O)C1,0e6136324052e23a,AMINATION,CS(=O)(=O)N1CCC(=O)[C@@H](O)C1.C[N+](C)(C)C.[BH3-].NCc1ccccc1>>CS(=O)(=O)N1CC[C@@H](N)[C@@H](O)C1,73,75,0,[],train,train
SMILES:CS(=O)(=O)N1CCC(=O)[C@@H](O)C1.SMILES:N.SMILES:[BH2-]C#N.[Na+]>>SMILES:CS(=O)(=O)N1CC[C@@H](N)[C@@H](O)C1,953c492bd23ee8ab,AMINATION,CS(=O)(=O)N1CCC(=O)[C@@H](O)C1.N.[BH2-]C#N.[Na+]>>CS(=O)(=O)N1CC[C@@H](N)[C@@H](O)C1,59,61,0,[],train,test
SMILES:CS(=O)(=O)N1CCC(=O)[C@@H](O)C1.SMILES:N.SMILES:[BH2-]N(C)C.[Li+]>>SMILES:CS(=O)(=O)N1CC[C@@H](N)[C@H](O)C1,1e1fa58e8e434e23,AMINATION,CS(=O)(=O)N1CCC(=O)[C@@H](O)C1.N.[BH2-]N(C)C.[Li+]>>CS(=O)(=O)N1CC[C@@H](N)[C@H](O)C1,61,63,0,[],valid,train
SMILES:CS(=O)(=O)N1CCC(=O)[C@@H](O)C1.SMILES:N.SMILES:[BH2-]N1CCCC1.[Li+]>>SMILES:CS(=O)(=O)N1CC[C@@H](N)[C@@H](O)C1,1bbdb6f58223804a,AMINATION,CS(=O)(=O)N1CCC(=O)[C@@H](O)C1.N.[BH2-]N1CCCC1.[Li+]>>CS(=O)(=O)N1CC[C@@H](N)[C@@H](O)C1,63,65,0,[],train,train
SMILES:CS(=O)(=O)N1CCC(=O)[C@@H](O)C1.SMILES:N.SMILES:[BH3-].[Li+]>>SMILES:CS(=O)(=O)N1CC[C@@H](N)[C@@H](O)C1,3b47d63e4d78f44b,AMINATION,CS(=O)(=O)N1CCC(=O)[C@@H](O)C1.N.[BH3-].[Li+]>>CS(=O)(=O)N1CC[C@@H](N)[C@@H](O)C1,56,58,0,[],train,train
SMILES:CS(=O)(=O)N1CCC(=O)[C@@H](O)C1.SMILES:N.SMILES:[BH3-].[Na+]>>SMILES:CS(=O)(=O)N1CC[C@@H](N)[C@@H](O)C1,3b47d63e4d78f44b,AMINATION,CS(=O)(=O)N1CCC(=O)[C@@H](O)C1.N.[BH3-].[Na+]>>CS(=O)(=O)N1CC[C@@H](N)[C@@H](O)C1,56,58,0,[],train,train
SMILES:CS(=O)(=O)N1CCC(=O)[C@@H](O)C1.SMILES:NCc1ccccc1.SMILES:[BH2-]C#N.[Na+]>>SMILES:CS(=O)(=O)N1CC[C@@H](N)[C@@H](O)C1,05d2ad2f904ea1ff,AMINATION,CS(=O)(=O)N1CCC(=O)[C@@H](O)C1.NCc1ccccc1.[BH2-]C#N.[Na+]>>CS(=O)(=O)N1CC[C@@H](N)[C@@H](O)C1,68,70,0,[],valid,train
SMILES:CS(=O)(=O)N1CCC(=O)[C@@H](O)C1.SMILES:NCc1ccccc1.SMILES:[BH2-]N1CCCC1.[Li+]>>SMILES:CS(=O)(=O)N1CC[C@@H](N)[C@@H](O)C1,e7f413b3e4617a63,AMINATION,CS(=O)(=O)N1CCC(=O)[C@@H](O)C1.NCc1ccccc1.[BH2-]N1CCCC1.[Li+]>>CS(=O)(=O)N1CC[C@@H](N)[C@@H](O)C1,72,74,0,[],valid,test
SMILES:CS(=O)(=O)N1CCC(=O)[C@@H](O)C1.SMILES:NCc1ccccc1.SMILES:[BH2-]N1CCOCC1.[Li+]>>SMILES:CS(=O)(=O)N1CC[C@@H](N)[C@@H](O)C1,2fe8c95aee7f08ff,AMINATION,CS(=O)(=O)N1CCC(=O)[C@@H](O)C1.NCc1ccccc1.[BH2-]N1CCOCC1.[Li+]>>CS(=O)(=O)N1CC[C@@H](N)[C@@H](O)C1,73,75,0,[],test,train
SMILES:C[C@@H](O)c1cc(F)ccc1OCCCCc1cnn(C)c1-c1cnc(N)c(OS(C)(=O)=O)c1>>SMILES:CC1Oc2cc(cnc2N)-c2c(cnn2C)CCCCOc2ccc(F)cc21,39ba948f5c2a52c3,ALKYLATION,C[C@@H](O)c1cc(F)ccc1OCCCCc1cnn(C)c1-c1cnc(N)c(OS(C)(=O)=O)c1>>CC1Oc2cc(cnc2N)-c2c(cnn2C)CCCCOc2ccc(F)cc21,100,102,0,[],train,train
SMILES:C[C@@H](Oc1cc(Br)cnc1N)c1cc(F)ccc1C(=O)N(C)Cc1cn(CC2CCC2)nn1.SMILES:[Cu][I]>>SMILES:C[C@H]1Oc2cc(cnc2N)-c2c(nnn2CC2CCC2)CN(C)C(=O)c2ccc(F)cc21,51ba32b745bfe4a8,CH ACTIVATION,C[C@@H](Oc1cc(Br)cnc1N)c1cc(F)ccc1C(=O)N(C)Cc1cn(CC2CCC2)nn1.[Cu][I]>>C[C@H]1Oc2cc(cnc2N)-c2c(nnn2CC2CCC2)CN(C)C(=O)c2ccc(F)cc21,112,114,0,[],valid,train
SMILES:C[C@@H](Oc1cc(Br)cnc1N)c1cc(F)ccc1C(=O)N(C)Cc1cn(CC2CCC2)nn1>>SMILES:C[C@H]1Oc2cc(cnc2N)-c2c(nnn2CC2CCC2)CN(C)C(=O)c2ccc(F)cc21,23b0ce9cdb41c5e5,CH ACTIVATION,C[C@@H](Oc1cc(Br)cnc1N)c1cc(F)ccc1C(=O)N(C)Cc1cn(CC2CCC2)nn1>>C[C@H]1Oc2cc(cnc2N)-c2c(nnn2CC2CCC2)CN(C)C(=O)c2ccc(F)cc21,109,111,0,[],train,train
SMILES:C[C@@H](c1c(Cl)ccc(F)c1Cl)n1ccc2ncc(Cl)nc21.SMILES:Cc1n[nH]c(C)c1B1OC(C)(C)C(C)(C)O1>>SMILES:Cc1n[nH]c(C)c1-c1cnc2ccn([C@H](C)c3c(Cl)ccc(F)c3Cl)c2n1,10ab4a3841ce983e,SUZUKI,C[C@@H](c1c(Cl)ccc(F)c1Cl)n1ccc2ncc(Cl)nc21.Cc1n[nH]c(C)c1B1OC(C)(C)C(C)(C)O1>>Cc1n[nH]c(C)c1-c1cnc2ccn([C@H](C)c3c(Cl)ccc(F)c3Cl)c2n1,113,115,0,[],test,train
SMILES:C[C@H](C(=O)Nc1nnc(CCSCCc2nnc(NC(=O)[C@H](C)c3cccnc3)s2)s1)c1cccnc1.SMILES:C[Si]c1ccccc1>>SMILES:C[C@H](C(=O)Nc1nnc(CCSCCc2nnc(NC[C@H](C)c3cccnc3)s2)s1)c1cccnc1,5cc1478642813bb7,SILANE REDUCTION,C[C@H](C(=O)Nc1nnc(CCSCCc2nnc(NC(=O)[C@H](C)c3cccnc3)s2)s1)c1cccnc1.C[Si]c1ccccc1>>C[C@H](C(=O)Nc1nnc(CCSCCc2nnc(NC[C@H](C)c3cccnc3)s2)s1)c1cccnc1,126,128,0,[],valid,train
SMILES:C[C@H](C(=O)Nc1nnc(CCSCCc2nnc(NC(=O)[C@H](C)c3cccnc3)s2)s1)c1cccnc1.SMILES:[Si]c1ccccc1>>SMILES:C[C@H](C(=O)Nc1nnc(CCSCCc2nnc(NC[C@H](C)c3cccnc3)s2)s1)c1cccnc1,b42cbd92dbbeb751,SILANE REDUCTION,C[C@H](C(=O)Nc1nnc(CCSCCc2nnc(NC(=O)[C@H](C)c3cccnc3)s2)s1)c1cccnc1.[Si]c1ccccc1>>C[C@H](C(=O)Nc1nnc(CCSCCc2nnc(NC[C@H](C)c3cccnc3)s2)s1)c1cccnc1,125,127,0,[],valid,train
SMILES:C[C@H]1C=CC(=O)CC1.SMILES:Cc1c(Cl)cc2c(cnn2[C@H]2CCCCO2)c1B1OC(C)(C)C(C)(C)O1>>SMILES:Cc1ccc2c(cnn2C2CCCCO2)c1C1CCc2c(ncnc2N2CCN(C(=O)OC(C)(C)C)CC2)C1,84ae4ddef6974a33,RH COUPLING,C[C@H]1C=CC(=O)CC1.Cc1c(Cl)cc2c(cnn2[C@H]2CCCCO2)c1B1OC(C)(C)C(C)(C)O1>>Cc1ccc2c(cnn2C2CCCCO2)c1C1CCc2c(ncnc2N2CCN(C(=O)OC(C)(C)C)CC2)C1,126,128,0,[],train,train
SMILES:C[C@H]1Oc2cc(cnc2N)-c2cc(S(C)(=O)=O)ccc2CN(C)C(=O)c2ccc(F)cc21.SMILES:C[Si](C)O[Si](C)C>>SMILES:C[C@H]1Oc2cc(cnc2N)-c2cc(S(C)(=O)=O)ccc2CN(C)Cc2ccc(F)cc21,e5deaab0163d0e74,SILANE REDUCTION,C[C@H]1Oc2cc(cnc2N)-c2cc(S(C)(=O)=O)ccc2CN(C)C(=O)c2ccc(F)cc21.C[Si](C)O[Si](C)C>>C[C@H]1Oc2cc(cnc2N)-c2cc(S(C)(=O)=O)ccc2CN(C)Cc2ccc(F)cc21,125,127,0,[],train,test
SMILES:C[C@H]1Oc2cc(cnc2N)-c2cc(S(C)(=O)=O)ccc2CN(C)C(=O)c2ccc(F)cc21.SMILES:C[Si]1O[Si](C)O[Si](C)O[Si](C)O[Si](C)O1>>SMILES:C[C@H]1Oc2cc(cnc2N)-c2cc(S(C)(=O)=O)ccc2CN(C)Cc2ccc(F)cc21,2f7995c4cca573ef,SILANE REDUCTION,C[C@H]1Oc2cc(cnc2N)-c2cc(S(C)(=O)=O)ccc2CN(C)C(=O)c2ccc(F)cc21.C[Si]1O[Si](C)O[Si](C)O[Si](C)O[Si](C)O1>>C[C@H]1Oc2cc(cnc2N)-c2cc(S(C)(=O)=O)ccc2CN(C)Cc2ccc(F)cc21,139,141,0,[],train,train
SMILES:C[C@H]1Oc2cc(cnc2N)-c2cc(S(C)(=O)=O)ccc2CN(C)C(=O)c2ccc(F)cc21.SMILES:C[Si]c1ccccc1>>SMILES:C[C@H]1Oc2cc(cnc2N)-c2cc(S(C)(=O)=O)ccc2CN(C)Cc2ccc(F)cc21,82fb4a860c1e04dd,SILANE REDUCTION,C[C@H]1Oc2cc(cnc2N)-c2cc(S(C)(=O)=O)ccc2CN(C)C(=O)c2ccc(F)cc21.C[Si]c1ccccc1>>C[C@H]1Oc2cc(cnc2N)-c2cc(S(C)(=O)=O)ccc2CN(C)Cc2ccc(F)cc21,124,126,0,[],train,valid
SMILES:C[C@H]1Oc2cc(cnc2N)-c2cc(S(C)(=O)=O)ccc2CN(C)C(=O)c2ccc(F)cc21.SMILES:[Si]c1ccccc1>>SMILES:C[C@H]1Oc2cc(cnc2N)-c2cc(S(C)(=O)=O)ccc2CN(C)Cc2ccc(F)cc21,4440406685fb697d,SILANE REDUCTION,C[C@H]1Oc2cc(cnc2N)-c2cc(S(C)(=O)=O)ccc2CN(C)C(=O)c2ccc(F)cc21.[Si]c1ccccc1>>C[C@H]1Oc2cc(cnc2N)-c2cc(S(C)(=O)=O)ccc2CN(C)Cc2ccc(F)cc21,123,125,0,[],train,train
SMILES:C[C@H]1Oc2cc(cnc2N)-c2cc(S(C)(=O)=O)ccc2CN(C)C(=O)c2ccc(F)cc21.SMILES:c1ccc([Si]c2ccccc2)cc1>>SMILES:C[C@H]1Oc2cc(cnc2N)-c2cc(S(C)(=O)=O)ccc2CN(C)Cc2ccc(F)cc21,014e5c1d10282306,SILANE REDUCTION,C[C@H]1Oc2cc(cnc2N)-c2cc(S(C)(=O)=O)ccc2CN(C)C(=O)c2ccc(F)cc21.c1ccc([Si]c2ccccc2)cc1>>C[C@H]1Oc2cc(cnc2N)-c2cc(S(C)(=O)=O)ccc2CN(C)Cc2ccc(F)cc21,133,135,0,[],train,test
SMILES:C[C@]1(N)CCNC1=O>>SMILES:C[C@]1(N)CCNC1=O,4f53cda18c2baa0c,SOLID FORM,C[C@]1(N)CCNC1=O>>C[C@]1(N)CCNC1=O,27,29,0,[],train,train
SMILES:C[C@]1(N2CCc3c(-c4cnc(N)nc4)nc(N4CCOCC4)nc32)CCN(C(=O)OCc2ccccc2)C1>>SMILES:CC1(N2CCc3c(-c4cnc(N)nc4)nc(N4CCOCC4)nc32)CCNC1,cea73b930f4080df,HYDROGENATION,C[C@]1(N2CCc3c(-c4cnc(N)nc4)nc(N4CCOCC4)nc32)CCN(C(=O)OCc2ccccc2)C1>>CC1(N2CCc3c(-c4cnc(N)nc4)nc(N4CCOCC4)nc32)CCNC1,112,114,0,[],train,train
SMILES:C[C@]1(c2ccc(Cl)nc2O)CCCNC1=O.SMILES:OB(O)c1cnc2ccccc2c1>>SMILES:C[C@]1(c2ccc(-c3cnc4ccccc4c3)nc2O)CCCNC1=O,7804a5ac448ca149,SUZUKI,C[C@]1(c2ccc(Cl)nc2O)CCCNC1=O.OB(O)c1cnc2ccccc2c1>>C[C@]1(c2ccc(-c3cnc4ccccc4c3)nc2O)CCCNC1=O,85,87,0,[],train,test
SMILES:C[Si](C)(C)[N]([Na])[Si](C)(C)C.SMILES:Cc1c(Br)cncc1Br>>SMILES:Cc1c(Br)cncc1C#N,33585493debd4f95,CYANATION,C[Si](C)(C)[N]([Na])[Si](C)(C)C.Cc1c(Br)cncc1Br>>Cc1c(Br)cncc1C#N,50,52,0,[],train,test
SMILES:Cc1c(Br)cncc1Br.SMILES:N#[C][Cu]>>SMILES:Cc1c(Br)cncc1C#N,93e5273250794c34,CYANATION,Cc1c(Br)cncc1Br.N#[C][Cu]>>Cc1c(Br)cncc1C#N,34,36,0,[],train,train
SMILES:Cc1c([N+](=O)[O-])cnc2c1c(C1=CCN(C(=O)OC(C)(C)C)C(C)(C)C1)cn2C>>SMILES:Cc1c(N)cnc2c1c(C1CCN(C(=O)OC(C)(C)C)C(C)(C)C1)cn2C,095dacaddd1d05ce,HYDROGENATION,Cc1c([N+](=O)[O-])cnc2c1c(C1=CCN(C(=O)OC(C)(C)C)C(C)(C)C1)cn2C>>Cc1c(N)cnc2c1c(C1CCN(C(=O)OC(C)(C)C)C(C)(C)C1)cn2C,107,109,0,[],train,train
SMILES:Cc1c[nH]cn1.SMILES:O=C1OCCn2c1ccc(Br)c2=O>>SMILES:Cc1cn(-c2ccc3n(c2=O)CCOC3=O)cn1,6c3d6558c02b6a0d,BUCHWALD,Cc1c[nH]cn1.O=C1OCCn2c1ccc(Br)c2=O>>Cc1cn(-c2ccc3n(c2=O)CCOC3=O)cn1,62,64,0,[],train,train
SMILES:Cc1cc(B2OC(C)(C)C(C)(C)O2)ccn1.SMILES:Ic1ccc2ncccc2c1>>SMILES:Cc1cc(-c2ccc3ncccc3c2)ccn1,5edd01c8533f535f,SUZUKI,Cc1cc(B2OC(C)(C)C(C)(C)O2)ccn1.Ic1ccc2ncccc2c1>>Cc1cc(-c2ccc3ncccc3c2)ccn1,73,75,0,[],train,valid
SMILES:Cc1cc(C(=O)N[C@@H](CCc2nnnn2Cc2ccccc2)C(=O)OCc2ccccc2)sc1CC[C@H]1CNc2nc(N)[nH]c(=O)c2C1>>SMILES:Cc1cc(C(=O)N[C@@H](CCc2nnn[nH]2)C(=O)O)sc1CC[C@H]1CNc2nc(N)[nH]c(=O)c2C1,1b0909e5d9399323,HYDROGENATION,Cc1cc(C(=O)N[C@@H](CCc2nnnn2Cc2ccccc2)C(=O)OCc2ccccc2)sc1CC[C@H]1CNc2nc(N)[nH]c(=O)c2C1>>Cc1cc(C(=O)N[C@@H](CCc2nnn[nH]2)C(=O)O)sc1CC[C@H]1CNc2nc(N)[nH]c(=O)c2C1,133,135,0,[],train,train
SMILES:Cc1cc(C)c(CN2CCc3c(Br)cc(I)c(Cl)c3C2=O)c(OCc2ccccc2)n1.SMILES:Cc1cn(C)nn1>>SMILES:Cc1cc(C)c(CN2CCc3c(Br)cc(-c4c(C)nnn4C)c(Cl)c3C2=O)c(OCc2ccccc2)n1,c82f349090de47b5,NEGISHI,Cc1cc(C)c(CN2CCc3c(Br)cc(I)c(Cl)c3C2=O)c(OCc2ccccc2)n1.Cc1cn(C)nn1>>Cc1cc(C)c(CN2CCc3c(Br)cc(-c4c(C)nnn4C)c(Cl)c3C2=O)c(OCc2ccccc2)n1,128,130,0,[],train,test
SMILES:Cc1cc(C)c(CN2CCc3c(Cl)cc(B4OC(C)(C)C(C)(C)O4)c(Cl)c3C2=O)c(OCc2ccccc2)n1.SMILES:Cc1nnn(C)c1I>>SMILES:Cc1cc(C)c(CN2CCc3c(Cl)cc(-c4c(C)nnn4C)c(Cl)c3C2=O)c(OCc2ccccc2)n1,6d23a81cfe691d9a,SUZUKI,Cc1cc(C)c(CN2CCc3c(Cl)cc(B4OC(C)(C)C(C)(C)O4)c(Cl)c3C2=O)c(OCc2ccccc2)n1.Cc1nnn(C)c1I>>Cc1cc(C)c(CN2CCc3c(Cl)cc(-c4c(C)nnn4C)c(Cl)c3C2=O)c(OCc2ccccc2)n1,147,149,0,[],train,valid
SMILES:Cc1cc(C)c(CN2CCc3c(Cl)cc(Br)c(Cl)c3C2=O)c(OCc2ccccc2)n1.SMILES:Cc1cn(C)nn1>>SMILES:Cc1cc(C)c(CN2CCc3c(Cl)cc(-c4c(C)nnn4C)c(Cl)c3C2=O)c(OCc2ccccc2)n1,ec8292501f73ae7e,CH ACTIVATION,Cc1cc(C)c(CN2CCc3c(Cl)cc(Br)c(Cl)c3C2=O)c(OCc2ccccc2)n1.Cc1cn(C)nn1>>Cc1cc(C)c(CN2CCc3c(Cl)cc(-c4c(C)nnn4C)c(Cl)c3C2=O)c(OCc2ccccc2)n1,128,130,0,[],train,train
SMILES:Cc1cc(C)c(CN2CCc3c(Cl)cc(C(=O)C4CCN(C(=O)OC(C)(C)C)CC4)c(Cl)c3C2=O)c(OCc2ccccc2)n1>>SMILES:Cc1cc(C)c(CN2CCc3c(Cl)cc(C(O)C4CCN(C(=O)OC(C)(C)C)CC4)c(Cl)c3C2=O)c(OCc2ccccc2)n1,a46c4723dd96a6b3,HYDROGENATION,Cc1cc(C)c(CN2CCc3c(Cl)cc(C(=O)C4CCN(C(=O)OC(C)(C)C)CC4)c(Cl)c3C2=O)c(OCc2ccccc2)n1>>Cc1cc(C)c(CN2CCc3c(Cl)cc(C(O)C4CCN(C(=O)OC(C)(C)C)CC4)c(Cl)c3C2=O)c(OCc2ccccc2)n1,160,162,0,[],test,train
SMILES:Cc1cc(C)c(CN2CCc3c(Cl)cc(C(=O)[C@@H]4CCOC4)c(Cl)c3C2=O)c(OCc2ccccc2)n1>>SMILES:Cc1cc(C)c(CN2CCc3c(Cl)cc(C(=O)[C@@H]4CCOC4)c(Cl)c3C2=O)c(OCc2ccccc2)n1,4f53cda18c2baa0c,HYDROGENATION,Cc1cc(C)c(CN2CCc3c(Cl)cc(C(=O)[C@@H]4CCOC4)c(Cl)c3C2=O)c(OCc2ccccc2)n1>>Cc1cc(C)c(CN2CCc3c(Cl)cc(C(=O)[C@@H]4CCOC4)c(Cl)c3C2=O)c(OCc2ccccc2)n1,127,129,0,[],train,train
SMILES:Cc1cc(C)c(CN2CCc3cc[c]([Sn]([CH3])([CH3])[CH3])c(Cl)c3C2=O)c(OCc2ccccc2)n1.SMILES:Cc1ncn(C)c1Br>>SMILES:Cc1cc(C)c(CN2CCc3ccc(-c4c(C)ncn4C)c(Cl)c3C2=O)c(OCc2ccccc2)n1,382a4ec63c42157f,STILLE,Cc1cc(C)c(CN2CCc3cc[c]([Sn]([CH3])([CH3])[CH3])c(Cl)c3C2=O)c(OCc2ccccc2)n1.Cc1ncn(C)c1Br>>Cc1cc(C)c(CN2CCc3ccc(-c4c(C)ncn4C)c(Cl)c3C2=O)c(OCc2ccccc2)n1,130,132,0,[],valid,train
SMILES:Cc1cc(C)c(CN2CCc3ccc(OS(=O)(=O)C(F)(F)F)c(Cl)c3C2=O)c(OCc2ccccc2)n1.SMILES:Cc1cn(C)nn1.SMILES:[Cu][I]>>SMILES:Cc1cc(C)c(CN2CCc3ccc(-c4c(C)nnn4C)c(Cl)c3C2=O)c(OCc2ccccc2)n1,74235018193069a0,PD COUPLING,Cc1cc(C)c(CN2CCc3ccc(OS(=O)(=O)C(F)(F)F)c(Cl)c3C2=O)c(OCc2ccccc2)n1.Cc1cn(C)nn1.[Cu][I]>>Cc1cc(C)c(CN2CCc3ccc(-c4c(C)nnn4C)c(Cl)c3C2=O)c(OCc2ccccc2)n1,142,144,0,[],test,test
SMILES:Cc1cc(C)c(CN2CCc3ccc(OS(=O)(=O)C(F)(F)F)c(Cl)c3C2=O)c(OCc2ccccc2)n1.SMILES:Cc1cn(C)nn1>>SMILES:Cc1cc(C)c(CN2CCc3ccc(-c4c(C)nnn4C)c(Cl)c3C2=O)c(OCc2ccccc2)n1,fa577c4b9ae96dfb,PD COUPLING,Cc1cc(C)c(CN2CCc3ccc(OS(=O)(=O)C(F)(F)F)c(Cl)c3C2=O)c(OCc2ccccc2)n1.Cc1cn(C)nn1>>Cc1cc(C)c(CN2CCc3ccc(-c4c(C)nnn4C)c(Cl)c3C2=O)c(OCc2ccccc2)n1,139,141,0,[],train,test
SMILES:Cc1cc(C)nc(N)n1.SMILES:O=[N+]([O-])c1cc(C(F)(F)F)ccc1Cl>>SMILES:Cc1cc(C)nc(Nc2ccc(C(F)(F)F)cc2[N+](=O)[O-])n1,62b6d3183cccbde4,SNAR,Cc1cc(C)nc(N)n1.O=[N+]([O-])c1cc(C(F)(F)F)ccc1Cl>>Cc1cc(C)nc(Nc2ccc(C(F)(F)F)cc2[N+](=O)[O-])n1,81,83,0,[],train,train
SMILES:Cc1cc(C)nc(N)n1.SMILES:O=[N+]([O-])c1cc(C(F)(F)F)ccc1F>>SMILES:Cc1cc(C)nc(Nc2ccc(C(F)(F)F)cc2[N+](=O)[O-])n1,7385d4a4db0d24fd,SNAR,Cc1cc(C)nc(N)n1.O=[N+]([O-])c1cc(C(F)(F)F)ccc1F>>Cc1cc(C)nc(Nc2ccc(C(F)(F)F)cc2[N+](=O)[O-])n1,81,83,0,[],train,train
SMILES:Cc1cc(CN(C)C(=O)c2ccc(F)c(Cl)c2[C@@H](C)Oc2nc(Br)cnc2N)n(C2CCN(C)CC2)n1>>SMILES:Cc1nn(C2CCN(C)CC2)c2c1-c1cnc(N)c(n1)O[C@H](C)c1c(ccc(F)c1Cl)C(=O)N(C)C2,f9380a475f3f59e2,HECK,Cc1cc(CN(C)C(=O)c2ccc(F)c(Cl)c2[C@@H](C)Oc2nc(Br)cnc2N)n(C2CCN(C)CC2)n1>>Cc1nn(C2CCN(C)CC2)c2c1-c1cnc(N)c(n1)O[C@H](C)c1c(ccc(F)c1Cl)C(=O)N(C)C2,131,133,0,[],train,test
SMILES:Cc1cc2c(cc1B1OC(C)(C)C(C)(C)O1)C(=O)N([C@H]1CCOC[C@@H]1O)CC2.SMILES:Cc1nc(-c2ccc(CCl)cc2)co1>>SMILES:Cc1nc(-c2ccc(Cc3cc4c(cc3C)CCN([C@H]3CCOC[C@@H]3O)C4=O)cc2)co1,359be8084e54a844,SUZUKI,Cc1cc2c(cc1B1OC(C)(C)C(C)(C)O1)C(=O)N([C@H]1CCOC[C@@H]1O)CC2.Cc1nc(-c2ccc(CCl)cc2)co1>>Cc1nc(-c2ccc(Cc3cc4c(cc3C)CCN([C@H]3CCOC[C@@H]3O)C4=O)cc2)co1,128,130,0,[],train,test
SMILES:Cc1ccc(-c2cnccn2)cc1.SMILES:F[B-](F)(F)F.F[B-](F)(F)F.F[N+]12CC[N+](CCl)(CC1)CC2>>SMILES:FCc1ccc(-c2cnccn2)cc1,2bb948905caf4dc2,FLUORINATION,Cc1ccc(-c2cnccn2)cc1.F[B-](F)(F)F.F[B-](F)(F)F.F[N+]12CC[N+](CCl)(CC1)CC2>>FCc1ccc(-c2cnccn2)cc1,82,84,0,[],test,train
SMILES:Cc1ccc2c(cnn2[C@H]2CCCCO2)c1C1=Cc2ncnc(N3CCN(C(=O)OC(C)(C)C)CC3)c2CC1>>SMILES:Cc1ccc2c(cnn2C2CCCCO2)c1C1CCc2c(ncnc2N2CCN(C(=O)OC(C)(C)C)CC2)C1,0e7bba1d40ed9f98,HYDROGENATION,Cc1ccc2c(cnn2[C@H]2CCCCO2)c1C1=Cc2ncnc(N3CCN(C(=O)OC(C)(C)C)CC3)c2CC1>>Cc1ccc2c(cnn2C2CCCCO2)c1C1CCc2c(ncnc2N2CCN(C(=O)OC(C)(C)C)CC2)C1,130,132,0,[],train,valid
SMILES:Cc1ccnc(-c2ccn(C)n2)c1>>SMILES:CC1CCNC(c2ccn(C)n2)C1,d008e4ee9591370c,HYDROGENATION,Cc1ccnc(-c2ccn(C)n2)c1>>CC1CCNC(c2ccn(C)n2)C1,44,46,0,[],train,train
SMILES:Cc1ccnc2ccccc12.SMILES:IC1CCCCC1.SMILES:O=C(O)C(F)(F)F>>SMILES:Cc1cc(C2CCCCC2)nc2ccccc12,02cca3e753038d30,PHOTOCHEMISTRY,Cc1ccnc2ccccc12.IC1CCCCC1.O=C(O)C(F)(F)F>>Cc1cc(C2CCCCC2)nc2ccccc12,66,68,0,[],train,valid
SMILES:Cc1cn(C)nn1.SMILES:O=C1NCCc2c(Br)cc(I)c(Cl)c21>>SMILES:Cc1nnn(C)c1-c1cc(Br)c2c(c1Cl)C(=O)NCC2,b2acbbdf7621a9d7,CH ACTIVATION,Cc1cn(C)nn1.O=C1NCCc2c(Br)cc(I)c(Cl)c21>>Cc1nnn(C)c1-c1cc(Br)c2c(c1Cl)C(=O)NCC2,74,76,0,[],valid,train
SMILES:Cc1cn(C)nn1.SMILES:O=C1NCCc2ccc(Br)c(Cl)c21>>SMILES:Cc1nnn(C)c1-c1ccc2c(c1Cl)C(=O)NCC2,c1b9db56a5344f15,CH ACTIVATION,Cc1cn(C)nn1.O=C1NCCc2ccc(Br)c(Cl)c21>>Cc1nnn(C)c1-c1ccc2c(c1Cl)C(=O)NCC2,68,70,0,[],train,train
SMILES:Cc1cn(C)nn1.SMILES:O=C1NCCc2ccc(I)c(Cl)c21>>SMILES:Cc1nnn(C)c1-c1ccc2c(c1Cl)C(=O)NCC2,9292bc8e8b8b5925,CH ACTIVATION,Cc1cn(C)nn1.O=C1NCCc2ccc(I)c(Cl)c21>>Cc1nnn(C)c1-c1ccc2c(c1Cl)C(=O)NCC2,68,70,0,[],train,train
SMILES:Cc1cnc(C(=O)N[C@H]2CCOC[C@@H]2O)cc1Cc1ccc(-c2cscn2)cc1>>SMILES:Cc1cnc(C(=O)N[C@H]2CCOC[C@@H]2O)cc1C(=O)c1ccc(-c2cscn2)cc1,3627d3e870b049ac,BIOMIMETIC OXIDATION,Cc1cnc(C(=O)N[C@H]2CCOC[C@@H]2O)cc1Cc1ccc(-c2cscn2)cc1>>Cc1cnc(C(=O)N[C@H]2CCOC[C@@H]2O)cc1C(=O)c1ccc(-c2cscn2)cc1,95,97,0,[],valid,train
SMILES:Cc1cncc(O)c1>>SMILES:CC1CNCC(O)C1,496bea0ec52fb25c,HYDROGENATION,Cc1cncc(O)c1>>CC1CNCC(O)C1,25,27,0,[],train,train
SMILES:Cc1n[nH]cc1[N+](=O)[O-].SMILES:OCCBr>>SMILES:Cc1nn(CCO)cc1[N+](=O)[O-],23983716bef53e33,ALKYLATION,Cc1n[nH]cc1[N+](=O)[O-].OCCBr>>Cc1nn(CCO)cc1[N+](=O)[O-],39,41,0,[],valid,valid
SMILES:Cc1n[nH]cc1[N+](=O)[O-].SMILES:OCCCl>>SMILES:Cc1nn(CCO)cc1[N+](=O)[O-],54c7ff7af37bc0d9,ALKYLATION,Cc1n[nH]cc1[N+](=O)[O-].OCCCl>>Cc1nn(CCO)cc1[N+](=O)[O-],39,41,0,[],test,train
SMILES:Cc1n[nH]cc1[N+](=O)[O-].SMILES:OCCI>>SMILES:Cc1nn(CCO)cc1[N+](=O)[O-],c1e0eba11ed68dd3,ALKYLATION,Cc1n[nH]cc1[N+](=O)[O-].OCCI>>Cc1nn(CCO)cc1[N+](=O)[O-],39,41,0,[],valid,train
SMILES:Cc1nc(N)nc2c1cc(Br)c(=O)n2C(C)C.SMILES:Cl.NO>>SMILES:Cc1nc(N)nc2c1cc(C(N)=O)c(=O)n2C(C)C,25beb1aa32e46611,CARBONYLATION,Cc1nc(N)nc2c1cc(Br)c(=O)n2C(C)C.Cl.NO>>Cc1nc(N)nc2c1cc(C(N)=O)c(=O)n2C(C)C,71,73,0,[],test,test
SMILES:Cc1nc(N)nc2c1cc(Br)c(=O)n2C(C)C.SMILES:N>>SMILES:Cc1nc(N)nc2c1cc(C(N)=O)c(=O)n2C(C)C,e41b2a158ce2371a,CARBONYLATION,Cc1nc(N)nc2c1cc(Br)c(=O)n2C(C)C.N>>Cc1nc(N)nc2c1cc(C(N)=O)c(=O)n2C(C)C,68,70,0,[],train,test
SMILES:Cc1nc(N)nc2c1cc(Br)c(=O)n2C(C)C.SMILES:[NH4+].[OH-]>>SMILES:Cc1nc(N)nc2c1cc(C(N)=O)c(=O)n2C(C)C,e41b2a158ce2371a,CARBONYLATION,Cc1nc(N)nc2c1cc(Br)c(=O)n2C(C)C.[NH4+].[OH-]>>Cc1nc(N)nc2c1cc(C(N)=O)c(=O)n2C(C)C,70,72,0,[],train,test
SMILES:Cc1ncnc2[nH]ccc12.SMILES:Cc1sc2nc(NCc3ccccc3)cnc2c1I>>SMILES:Cc1sc2nc(NCc3ccccc3)cnc2c1-n1ccc2c(Cl)ncnc21,1f17ea1a8feff8fa,BUCHWALD,Cc1ncnc2[nH]ccc12.Cc1sc2nc(NCc3ccccc3)cnc2c1I>>Cc1sc2nc(NCc3ccccc3)cnc2c1-n1ccc2c(Cl)ncnc21,86,88,0,[],train,train
SMILES:Cc1nn(C)cc1B1OC(C)(C)C(C)(C)O1.SMILES:Clc1cc(Cl)nc(Cl)n1>>SMILES:Cc1nn(C)cc1-c1cc(Cl)nc(Cl)n1,721adc304474836a,SUZUKI,Cc1nn(C)cc1B1OC(C)(C)C(C)(C)O1.Clc1cc(Cl)nc(Cl)n1>>Cc1nn(C)cc1-c1cc(Cl)nc(Cl)n1,73,75,0,[],train,test
SMILES:Cc1nn(C)cc1C1=NCCC1>>SMILES:Cc1nn(C)cc1C1CCCN1,41502c1f193d88cf,HYDROGENATION,Cc1nn(C)cc1C1=NCCC1>>Cc1nn(C)cc1C1CCCN1,38,40,0,[],train,train
SMILES:Cc1nnn(C)c1-c1cc([N+](=O)[O-])c2cc[nH]c(=O)c2c1>>SMILES:Cc1nnn(C)c1-c1cc(N)c2c(c1)C(=O)NCC2,e971a869c8ba34e3,HYDROGENATION,Cc1nnn(C)c1-c1cc([N+](=O)[O-])c2cc[nH]c(=O)c2c1>>Cc1nnn(C)c1-c1cc(N)c2c(c1)C(=O)NCC2,74,76,0,[],test,valid
SMILES:Cl.NCC(F)(F)F.SMILES:N#CC1(COc2nc(Cl)nc(N3CCC(c4n[nH]c5ncccc45)CC3)n2)CC1>>SMILES:N#CC1(COc2nc(C(=O)NCC(F)(F)F)nc(N3CCC(c4n[nH]c5ncccc45)CC3)n2)CC1,89da7225ff764b79,CARBONYLATION,Cl.NCC(F)(F)F.N#CC1(COc2nc(Cl)nc(N3CCC(c4n[nH]c5ncccc45)CC3)n2)CC1>>N#CC1(COc2nc(C(=O)NCC(F)(F)F)nc(N3CCC(c4n[nH]c5ncccc45)CC3)n2)CC1,124,126,0,[],train,train
SMILES:Clc1cc(Cl)n2nnnc2n1>>SMILES:Clc1cc(-c2ccccc2)n2nnnc2n1,f570f4fc2864e5e9,SUZUKI,Clc1cc(Cl)n2nnnc2n1>>Clc1cc(-c2ccccc2)n2nnnc2n1,43,45,0,[],train,train
SMILES:Clc1cccc(Br)c1.SMILES:O=C1Cc2cncnc2N1>>SMILES:O=C1Nc2ncncc2C1c1cccc(Cl)c1,ac57a6d77ad3f9a2,PD COUPLING,Clc1cccc(Br)c1.O=C1Cc2cncnc2N1>>O=C1Nc2ncncc2C1c1cccc(Cl)c1,55,57,0,[],valid,test
SMILES:Clc1ncnc2[nH]cc(I)c12.SMILES:N#Cc1cccc(B(O)O)c1>>SMILES:N#Cc1cccc(-c2c[nH]c3ncnc(Cl)c23)c1,c2047ddf232e8a43,SUZUKI,Clc1ncnc2[nH]cc(I)c12.N#Cc1cccc(B(O)O)c1>>N#Cc1cccc(-c2c[nH]c3ncnc(Cl)c23)c1,67,69,0,[],train,valid
SMILES:Clc1ncnc2[nH]cc(I)c12.SMILES:O=C(O[C@H](c1ccc(Cl)c(F)c1)[C@H]1OC(O)[C@H](O)[C@@H]1O)c1ccccc1>>SMILES:O=C(O[C@H](c1ccc(Cl)c(F)c1)[C@H]1OC(n2cc(I)c3c(Cl)ncnc32)[C@H](O)[C@@H]1O)c1ccccc1,0536ec40986f0dc2,MITSUNOBU,Clc1ncnc2[nH]cc(I)c12.O=C(O[C@H](c1ccc(Cl)c(F)c1)[C@H]1OC(O)[C@H](O)[C@@H]1O)c1ccccc1>>O=C(O[C@H](c1ccc(Cl)c(F)c1)[C@H]1OC(n2cc(I)c3c(Cl)ncnc32)[C@H](O)[C@@H]1O)c1ccccc1,127,129,0,[],train,train
SMILES:Cn1cc(-c2cn3nc(C(=O)O)cc3c(O)n2)cn1>>SMILES:Cn1cc(-c2cn3nccc3c(O)n2)cn1,8115a6c1565afd45,DECARBOXYLATION,Cn1cc(-c2cn3nc(C(=O)O)cc3c(O)n2)cn1>>Cn1cc(-c2cn3nccc3c(O)n2)cn1,63,65,0,[],train,train
SMILES:Cn1ccc([C@@H]2CCCN2Cc2ccc(Oc3ccc(C(N)=O)c(O)c3)cc2)n1>>SMILES:Cn1ccc([C@@H]2CCCN2Cc2ccc(Oc3cc(O)c(C(N)=O)c(O)c3)cc2)n1,d7045c8ff0486907,BIOMIMETIC OXIDATION,Cn1ccc([C@@H]2CCCN2Cc2ccc(Oc3ccc(C(N)=O)c(O)c3)cc2)n1>>Cn1ccc([C@@H]2CCCN2Cc2ccc(Oc3cc(O)c(C(N)=O)c(O)c3)cc2)n1,100,102,0,[],train,valid
SMILES:Cn1ccnc1Br.SMILES:Nc1cccnc1>>SMILES:Cn1ccnc1Nc1cccnc1,862b68420d79d2fd,BUCHWALD,Cn1ccnc1Br.Nc1cccnc1>>Cn1ccnc1Nc1cccnc1,37,39,0,[],train,train
SMILES:Cn1ccnc1Cl.SMILES:Nc1cccnc1>>SMILES:Cn1ccnc1Nc1cccnc1,6b2db220804b2639,BUCHWALD,Cn1ccnc1Cl.Nc1cccnc1>>Cn1ccnc1Nc1cccnc1,37,39,0,[],train,valid
SMILES:Cn1ccnc1N.SMILES:Ic1cccnc1>>SMILES:Cn1ccnc1Nc1cccnc1,412bcee1e3e671e0,BUCHWALD,Cn1ccnc1N.Ic1cccnc1>>Cn1ccnc1Nc1cccnc1,37,39,0,[],test,train
SMILES:Cn1cnc2ccc(Br)cc21.SMILES:OB(O)B(O)O>>SMILES:Cn1cnc2ccc(B(O)O)cc21,8bd6ddf505733624,SUZUKI,Cn1cnc2ccc(Br)cc21.OB(O)B(O)O>>Cn1cnc2ccc(B(O)O)cc21,50,52,0,[],train,train
SMILES:Cn1nccc1B1OC(C)(C)C(C)(C)O1.SMILES:O=C1NCCc2c(Cl)cccc21>>SMILES:Cn1nccc1-c1cccc2c1CCNC2=O,59bc1962788c4ed1,SUZUKI,Cn1nccc1B1OC(C)(C)C(C)(C)O1.O=C1NCCc2c(Cl)cccc21>>Cn1nccc1-c1cccc2c1CCNC2=O,73,75,0,[],train,train
SMILES:Ic1ccccn1.SMILES:OB(O)c1cc(Br)ncc1F>>SMILES:Fc1cnc(Br)cc1-c1ccccn1,ba1e1afb54f93291,SUZUKI,Ic1ccccn1.OB(O)c1cc(Br)ncc1F>>Fc1cnc(Br)cc1-c1ccccn1,49,51,0,[],test,test
SMILES:NC12CC(C1)C2.SMILES:Nc1ncncc1OCC1CCN(c2cc(Cl)nc(OC[C@H]3CCCO3)n2)CC1>>SMILES:Nc1ncncc1OCC1CCN(c2cc(C(=O)NC34CC(C3)C4)nc(OC[C@H]3CCCO3)n2)CC1,f97dad611c0d8f90,CARBONYLATION,NC12CC(C1)C2.Nc1ncncc1OCC1CCN(c2cc(Cl)nc(OC[C@H]3CCCO3)n2)CC1>>Nc1ncncc1OCC1CCN(c2cc(C(=O)NC34CC(C3)C4)nc(OC[C@H]3CCCO3)n2)CC1,116,118,0,[],valid,train
SMILES:Nc1cc(Br)ccn1.SMILES:OB(O)c1cc(C(F)(F)F)ccc1O>>SMILES:Nc1cc(-c2cc(C(F)(F)F)ccc2O)ccn1,eec70495d90e9356,SUZUKI,Nc1cc(Br)ccn1.OB(O)c1cc(C(F)(F)F)ccc1O>>Nc1cc(-c2cc(C(F)(F)F)ccc2O)ccn1,69,71,0,[],train,train
SMILES:Nc1cc(Br)ccn1.SMILES:OB(O)c1cc(Cl)ccc1O>>SMILES:Nc1cc(-c2cc(Cl)ccc2O)ccn1,fbcf39ad0c35c68b,SUZUKI,Nc1cc(Br)ccn1.OB(O)c1cc(Cl)ccc1O>>Nc1cc(-c2cc(Cl)ccc2O)ccn1,55,57,0,[],train,train
SMILES:Nc1nc(NNC(=O)c2ccco2)c2ccn(CCO)c2n1>>SMILES:Nc1nc2c(ccn2CCO)c2nc(-c3ccco3)nn12,70b1306282700c3c,LEWIS ACID,Nc1nc(NNC(=O)c2ccco2)c2ccn(CCO)c2n1>>Nc1nc2c(ccn2CCO)c2nc(-c3ccco3)nn12,70,72,0,[],train,train
SMILES:Nc1nc2[nH]cc(CCc3ccc(C(=O)N[C@@H](CCc4nnn[nH]4)C(=O)OCc4ccccc4)cc3)c2c(=O)[nH]1>>SMILES:Nc1nc2[nH]cc(CCc3ccc(C(=O)N[C@@H](CCc4nnn[nH]4)C(=O)O)cc3)c2c(=O)[nH]1,f9128cfa7066ff9e,HYDROGENATION,Nc1nc2[nH]cc(CCc3ccc(C(=O)N[C@@H](CCc4nnn[nH]4)C(=O)OCc4ccccc4)cc3)c2c(=O)[nH]1>>Nc1nc2[nH]cc(CCc3ccc(C(=O)N[C@@H](CCc4nnn[nH]4)C(=O)O)cc3)c2c(=O)[nH]1,122,124,0,[],train,test
SMILES:Nc1nnc(C[C@H]2CC[C@@H](c3nnc(N)s3)C2)s1.SMILES:O=C(O)Cc1ccccn1>>SMILES:O=C(Cc1ccccn1)Nc1nnc(C[C@H]2CC[C@@H](c3nnc(NC(=O)Cc4ccccn4)s3)C2)s1,225c16bf4d97a02c,AMIDE COUPLING,Nc1nnc(C[C@H]2CC[C@@H](c3nnc(N)s3)C2)s1.O=C(O)Cc1ccccn1>>O=C(Cc1ccccn1)Nc1nnc(C[C@H]2CC[C@@H](c3nnc(NC(=O)Cc4ccccn4)s3)C2)s1,105,107,0,[],train,test
SMILES:O=C(Cc1ccccn1)Nc1ccc(C[C@@H]2CC[C@H](c3nnc(NC(=O)Cc4ccccn4)s3)C2)nn1>>SMILES:Nc1ccc(C[C@@H]2CC[C@H](c3nnc(NC(=O)Cc4ccccn4)s3)C2)nn1,5c5dbeeef71f3a2a,STABILITY TEST,O=C(Cc1ccccn1)Nc1ccc(C[C@@H]2CC[C@H](c3nnc(NC(=O)Cc4ccccn4)s3)C2)nn1>>Nc1ccc(C[C@@H]2CC[C@H](c3nnc(NC(=O)Cc4ccccn4)s3)C2)nn1,105,107,0,[],train,train
SMILES:O=C(O)/C=C(\c1ccccc1)C(F)(F)F>>SMILES:O=C(O)CC(c1ccccc1)C(F)(F)F,6bfd4c3754fde61f,HYDROGENATION,O=C(O)/C=C(\c1ccccc1)C(F)(F)F>>O=C(O)CC(c1ccccc1)C(F)(F)F,56,58,0,[],test,train
SMILES:O=C(O)Cc1cccc(CO)c1>>SMILES:O=C(O)CC1CCCC(CO)C1,e17adeaa3b76b419,HYDROGENATION,O=C(O)Cc1cccc(CO)c1>>O=C(O)CC1CCCC(CO)C1,39,41,0,[],test,train
SMILES:O=C(OCC(F)F)N1CC[C@](CO)(Nc2nc(N3CCOCC3)nc(Cl)c2F)C1>>SMILES:O=C(OCC(F)F)N1CC[C@](CO)(Nc2nc(N3CCOCC3)nc(Cl)c2F)C1,4f53cda18c2baa0c,SOLID FORM,O=C(OCC(F)F)N1CC[C@](CO)(Nc2nc(N3CCOCC3)nc(Cl)c2F)C1>>O=C(OCC(F)F)N1CC[C@](CO)(Nc2nc(N3CCOCC3)nc(Cl)c2F)C1,97,99,0,[],train,train
SMILES:O=C(OCc1ccccc1)N1CCC2(C=C2)CC1.SMILES:OB(O)c1ccccc1>>SMILES:O=C(OCc1ccccc1)N1CCC2(CC1)CC2c1ccccc1,1db47366d415154a,RH COUPLING,O=C(OCc1ccccc1)N1CCC2(C=C2)CC1.OB(O)c1ccccc1>>O=C(OCc1ccccc1)N1CCC2(CC1)CC2c1ccccc1,82,84,0,[],train,train
SMILES:O=C(OO)c1cccc(Cl)c1.SMILES:O=C([C@@H]1CCCN(c2ccc3nc(C4(n5cc(Cl)cn5)CC4)[nH]c3n2)C1)N1CCCC1>>SMILES:O=C([C@@H]1CCCN(c2cc(O)c3nc(C4(n5cc(Cl)cn5)CC4)[nH]c3n2)C1)N1CCCC1,086ff899a889fa5e,BIOMIMETIC OXIDATION,O=C(OO)c1cccc(Cl)c1.O=C([C@@H]1CCCN(c2ccc3nc(C4(n5cc(Cl)cn5)CC4)[nH]c3n2)C1)N1CCCC1>>O=C([C@@H]1CCCN(c2cc(O)c3nc(C4(n5cc(Cl)cn5)CC4)[nH]c3n2)C1)N1CCCC1,131,133,0,[],train,valid
SMILES:O=C([C@@H]1CCCN(c2ccc3nc(C4(n5cc(Cl)cn5)CC4)[nH]c3n2)C1)N1CCCC1.SMILES:O=Ic1ccccc1>>SMILES:O=C([C@@H]1CCCN(c2cc(O)c3nc(C4(n5cc(Cl)cn5)CC4)[nH]c3n2)C1)N1CCCC1,f13faa937529bccc,BIOMIMETIC OXIDATION,O=C([C@@H]1CCCN(c2ccc3nc(C4(n5cc(Cl)cn5)CC4)[nH]c3n2)C1)N1CCCC1.O=Ic1ccccc1>>O=C([C@@H]1CCCN(c2cc(O)c3nc(C4(n5cc(Cl)cn5)CC4)[nH]c3n2)C1)N1CCCC1,124,126,0,[],train,test
SMILES:O=C([C@@H]1CCCN(c2ccc3nc(C4(n5cc(Cl)cn5)CC4)[nH]c3n2)C1)N1CCCC1.SMILES:O=S(=O)(O)O[O-].O=S(=O)(O)O[O-].O=S(=O)([O-])O.O=S(=O)([O-])[O-].[K+].[K+].[K+].[K+].[K+]>>SMILES:O=C([C@@H]1CCCN(c2cc(O)c3nc(C4(n5cc(Cl)cn5)CC4)[nH]c3n2)C1)N1CCCC1,904892c85797cbaf,BIOMIMETIC OXIDATION,O=C([C@@H]1CCCN(c2ccc3nc(C4(n5cc(Cl)cn5)CC4)[nH]c3n2)C1)N1CCCC1.O=S(=O)(O)O[O-].O=S(=O)(O)O[O-].O=S(=O)([O-])O.O=S(=O)([O-])[O-].[K+].[K+].[K+].[K+].[K+]>>O=C([C@@H]1CCCN(c2cc(O)c3nc(C4(n5cc(Cl)cn5)CC4)[nH]c3n2)C1)N1CCCC1,172,174,0,[],train,train
SMILES:O=C([C@@H]1CCCN(c2ccc3nc(C4(n5cc(Cl)cn5)CC4)[nH]c3n2)C1)N1CCCC1.SMILES:OO>>SMILES:O=C([C@@H]1CCCN(c2cc(O)c3nc(C4(n5cc(Cl)cn5)CC4)[nH]c3n2)C1)N1CCCC1,eb295bd8d839a6cf,BIOMIMETIC OXIDATION,O=C([C@@H]1CCCN(c2ccc3nc(C4(n5cc(Cl)cn5)CC4)[nH]c3n2)C1)N1CCCC1.OO>>O=C([C@@H]1CCCN(c2cc(O)c3nc(C4(n5cc(Cl)cn5)CC4)[nH]c3n2)C1)N1CCCC1,115,117,0,[],train,valid
SMILES:O=C([C@@H]1CCCN(c2ccc3nc(C4(n5cc(Cl)cn5)CC4)[nH]c3n2)C1)N1CCCC1>>SMILES:O=C([C@@H]1CCCN(c2cc(O)c3nc(C4(n5cc(Cl)cn5)CC4)[nH]c3n2)C1)N1CCCC1,f320c2efc5c8f611,BIOMIMETIC OXIDATION,O=C([C@@H]1CCCN(c2ccc3nc(C4(n5cc(Cl)cn5)CC4)[nH]c3n2)C1)N1CCCC1>>O=C([C@@H]1CCCN(c2cc(O)c3nc(C4(n5cc(Cl)cn5)CC4)[nH]c3n2)C1)N1CCCC1,112,114,0,[],train,train
SMILES:O=C1NC(=O)c2ccccc21.SMILES:c1ccc(CN2CC[C@H]3O[C@H]3C2)cc1>>SMILES:O=C1c2ccccc2C(=O)N1[C@H]1CCN(Cc2ccccc2)C[C@@H]1O,a2a75f0fd863cb7e,LEWIS ACID,O=C1NC(=O)c2ccccc21.c1ccc(CN2CC[C@H]3O[C@H]3C2)cc1>>O=C1c2ccccc2C(=O)N1[C@H]1CCN(Cc2ccccc2)C[C@@H]1O,82,84,0,[],test,train
SMILES:O=C1NCCc2ccc(Br)c(Cl)c21>>SMILES:Cc1nnn(C)c1-c1ccc2c(c1Cl)C(=O)NCC2,57ff932a8be52620,NEGISHI,O=C1NCCc2ccc(Br)c(Cl)c21>>Cc1nnn(C)c1-c1ccc2c(c1Cl)C(=O)NCC2,56,58,0,[],valid,test
SMILES:O=Cc1ccc(F)cc1Cl.SMILES:c1c[nH]nn1>>SMILES:O=Cc1ccc(-n2nccn2)cc1Cl,3da83a8709d75fbf,ALKYLATION,O=Cc1ccc(F)cc1Cl.c1c[nH]nn1>>O=Cc1ccc(-n2nccn2)cc1Cl,46,48,0,[],train,train
SMILES:O=Cc1ccccc1OC(=O)Cc1ccccc1>>SMILES:O=C1OC(c2ccccc2)COc2ccccc21,24b6d7c8d801e46a,RH COUPLING,O=Cc1ccccc1OC(=O)Cc1ccccc1>>O=C1OC(c2ccccc2)COc2ccccc21,54,56,0,[],train,train
SMILES:OB(O)c1cccc(C(F)(F)F)c1.SMILES:OCc1cc(-c2cc(Cl)ccc2O)ccn1>>SMILES:OCc1cc(-c2cc(-c3cccc(C(F)(F)F)c3)ccc2O)ccn1,31dff9ce6591b8ea,SUZUKI,OB(O)c1cccc(C(F)(F)F)c1.OCc1cc(-c2cc(Cl)ccc2O)ccn1>>OCc1cc(-c2cc(-c3cccc(C(F)(F)F)c3)ccc2O)ccn1,93,95,0,[],train,train
SMILES:OC1Nc2nc(Cl)nc(Cl)c2C1F>>SMILES:Fc1c[nH]c2nc(Cl)nc(Cl)c12,776af3e5f5d34a20,DEHYDRATION,OC1Nc2nc(Cl)nc(Cl)c2C1F>>Fc1c[nH]c2nc(Cl)nc(Cl)c12,42,44,0,[],train,train
SMILES:[Br][Zn][CH2]Cc1ccccc1.SMILES:[C-]#[N+]C(C)(C)C>>SMILES:CC(C)(C)c1ccc(C(=O)C(=O)CCc2ccccc2)cn1,fa993d2ff2c0752a,CARBONYLATION,[Br][Zn][CH2]Cc1ccccc1.[C-]#[N+]C(C)(C)C>>CC(C)(C)c1ccc(C(=O)C(=O)CCc2ccccc2)cn1,63,65,0,[],train,train
SMILES:[N-]=[N+]=NC1O[C@H](COC(=O)c2ccccc2)[C@@H](OC(=O)c2ccccc2)[C@H]1OC(=O)c1ccccc1>>SMILES:NC1O[C@H](COC(=O)c2ccccc2)[C@@H](OC(=O)c2ccccc2)[C@H]1OC(=O)c1ccccc1,43aad2739e388917,HYDROGENATION,[N-]=[N+]=NC1O[C@H](COC(=O)c2ccccc2)[C@@H](OC(=O)c2ccccc2)[C@H]1OC(=O)c1ccccc1>>NC1O[C@H](COC(=O)c2ccccc2)[C@@H](OC(=O)c2ccccc2)[C@H]1OC(=O)c1ccccc1,115,117,0,[],train,valid
SMILES:c1ccc(COC2CC(N3CCOCC3)C2)cc1>>SMILES:OC1CC(N2CCOCC2)C1,07910269bab63b5f,HYDROGENATION,c1ccc(COC2CC(N3CCOCC3)C2)cc1>>OC1CC(N2CCOCC2)C1,46,48,0,[],train,train
